# OBJ generated by ONSHAPE BY PTC INC, 1.221 Units = meters
mtllib scalepl.mtl
g Part 1
v -0.147465 0.00159751 0.0109285 
v -0.135661 0.00159751 0.0122383 
v -0.135661 0.00160249 0.0122383 
v -0.147465 0.00160249 0.0109285 
v -0.135405 0.0018299 0.0121743 
v -0.135405 0.0013701 0.0121743 
v -0.147454 0.00135 0.0108291 
v -0.135404 0.00135 0.0121662 
v -0.155407 0.00159751 0.00811448 
v -0.155353 0.00135 0.00803031 
v -0.154698 0.00135 0.00843176 
v -0.154748 0.00159751 0.0085181 
v -0.154026 0.00135 0.00880545 
v -0.154073 0.00159751 0.00889383 
v -0.153339 0.00135 0.00915075 
v -0.153382 0.00159751 0.00924101 
v -0.152639 0.00135 0.00946703 
v -0.152678 0.00159751 0.00955901 
v -0.151926 0.00135 0.00975376 
v -0.151961 0.00159751 0.0098473 
v -0.151201 0.00135 0.0100104 
v -0.151233 0.00159751 0.0101054 
v -0.150467 0.00135 0.0102366 
v -0.150494 0.00159751 0.0103328 
v -0.149723 0.00135 0.0104319 
v -0.149747 0.00159751 0.0105291 
v -0.148973 0.00135 0.0105959 
v -0.148992 0.00159751 0.010694 
v -0.148215 0.00135 0.0107283 
v -0.148231 0.00159751 0.0108272 
v -0.133504 0.00135 0.00991299 
v -0.13339 0.00135 0.0098782 
v -0.13339 0.00185 0.0098782 
v -0.133617 0.00135 0.00995263 
v -0.133504 0.00185 0.00991299 
v -0.133728 0.00135 0.00999707 
v -0.133617 0.00185 0.00995263 
v -0.133837 0.00135 0.0100462 
v -0.133728 0.00185 0.00999707 
v -0.133944 0.00135 0.0101 
v -0.133837 0.00185 0.0100462 
v -0.134049 0.00135 0.0101582 
v -0.133944 0.00185 0.0101 
v -0.134151 0.00135 0.0102209 
v -0.134049 0.00185 0.0101582 
v -0.13425 0.00135 0.0102879 
v -0.134151 0.00185 0.0102209 
v -0.134346 0.00135 0.0103591 
v -0.13425 0.00185 0.0102879 
v -0.134439 0.00135 0.0104343 
v -0.134346 0.00185 0.0103591 
v -0.134529 0.00135 0.0105134 
v -0.134439 0.00185 0.0104343 
v -0.134615 0.00135 0.0105963 
v -0.134529 0.00185 0.0105134 
v -0.134698 0.00135 0.0106827 
v -0.134615 0.00185 0.0105963 
v -0.134777 0.00135 0.0107727 
v -0.134698 0.00185 0.0106827 
v -0.134852 0.00135 0.0108659 
v -0.134777 0.00185 0.0107727 
v -0.134923 0.00135 0.0109623 
v -0.134852 0.00185 0.0108659 
v -0.13499 0.00135 0.0110615 
v -0.134923 0.00185 0.0109623 
v -0.135052 0.00135 0.0111636 
v -0.13499 0.00185 0.0110615 
v -0.13511 0.00135 0.0112682 
v -0.135052 0.00185 0.0111636 
v -0.135164 0.00135 0.0113752 
v -0.13511 0.00185 0.0112682 
v -0.135213 0.00135 0.0114845 
v -0.135164 0.00185 0.0113752 
v -0.135257 0.00135 0.0115956 
v -0.135213 0.00185 0.0114845 
v -0.135296 0.00135 0.0117086 
v -0.135257 0.00185 0.0115956 
v -0.135331 0.00135 0.0118232 
v -0.135296 0.00185 0.0117086 
v -0.13536 0.00135 0.0119391 
v -0.135331 0.00185 0.0118232 
v -0.135385 0.00135 0.0120562 
v -0.13536 0.00185 0.0119391 
v -0.135385 0.00185 0.0120562 
v -0.135404 0.00185 0.0121662 
v -0.147454 0.00185 0.0108291 
v -0.12116 0.00135 0.0098782 
v -0.12116 0.00185 0.0098782 
v -0.126279 0.00135 0.00333337 
v -0.126279 0.00185 0.00333337 
v -0.135711 0.00135 0.00505656 
v -0.135711 0.00185 0.00505656 
v -0.156794 0.00135 0.00521391 
v -0.1556 0.00135 0.00503389 
v -0.1544 0.00135 0.00489883 
v -0.153196 0.00135 0.00480892 
v -0.151989 0.00135 0.00476427 
v -0.150782 0.00135 0.00476496 
v -0.159024 0.00135 0.00567478 
v -0.157981 0.00135 0.00543863 
v -0.150782 0.00185 0.00476496 
v -0.151926 0.00185 0.00975376 
v -0.150467 0.00185 0.0102366 
v -0.149723 0.00185 0.0104319 
v -0.148973 0.00185 0.0105959 
v -0.148215 0.00185 0.0107283 
v -0.151201 0.00185 0.0100104 
v -0.153339 0.00185 0.00915075 
v -0.152639 0.00185 0.00946703 
v -0.153196 0.00185 0.00480892 
v -0.1556 0.00185 0.00503389 
v -0.154698 0.00185 0.00843176 
v -0.154026 0.00185 0.00880545 
v -0.151989 0.00185 0.00476427 
v -0.1544 0.00185 0.00489883 
v -0.156794 0.00185 0.00521391 
v -0.157981 0.00185 0.00543863 
v -0.155353 0.00185 0.00803031 
v -0.159024 0.00185 0.00567478 
v -0.148231 0.00160249 0.0108272 
v -0.148992 0.00160249 0.010694 
v -0.149747 0.00160249 0.0105291 
v -0.150494 0.00160249 0.0103328 
v -0.151233 0.00160249 0.0101054 
v -0.151961 0.00160249 0.0098473 
v -0.152678 0.00160249 0.00955901 
v -0.153382 0.00160249 0.00924101 
v -0.154073 0.00160249 0.00889383 
v -0.154748 0.00160249 0.0085181 
v -0.155407 0.00160249 0.00811448 
v -0.159158 0.00160249 0.00570772 
v -0.159158 0.00159751 0.00570772 
vn -0.11029 -1.0494e-18 0.993899 
vn 0.242662 3.43841e-17 0.970111 
vn -0.102259 -0.374607 0.921528 
vn -0.500712 -0.374607 0.780357 
vn -0.467654 -0.374607 0.800606 
vn -0.433777 -0.374607 0.819455 
vn -0.399143 -0.374607 0.836872 
vn -0.36381 -0.374607 0.852826 
vn -0.327842 -0.374607 0.867289 
vn -0.2913 -0.374607 0.880235 
vn -0.254249 -0.374607 0.891643 
vn -0.216754 -0.374607 0.901492 
vn -0.178879 -0.374607 0.909765 
vn -0.140692 -0.374607 0.916447 
vn -0.102259 -0.374607 0.921528 
vn 0.311102 4.11012e-17 0.950377 
vn 0.270216 3.70948e-17 0.9628 
vn 0.35142 4.50326e-17 0.936218 
vn 0.311102 4.11012e-17 0.950377 
vn 0.391096 4.88817e-17 0.92035 
vn 0.35142 4.50326e-17 0.936218 
vn 0.430058 5.26416e-17 0.902801 
vn 0.391096 4.88817e-17 0.92035 
vn 0.468235 5.63053e-17 0.883604 
vn 0.430058 5.26416e-17 0.902801 
vn 0.505557 5.98662e-17 0.862793 
vn 0.468235 5.63053e-17 0.883604 
vn 0.541956 6.33178e-17 0.840407 
vn 0.505557 5.98662e-17 0.862793 
vn 0.577365 6.66538e-17 0.816486 
vn 0.541956 6.33178e-17 0.840407 
vn 0.61172 6.98681e-17 0.791074 
vn 0.577365 6.66538e-17 0.816486 
vn 0.644958 7.29548e-17 0.764218 
vn 0.61172 6.98681e-17 0.791074 
vn 0.677018 7.59083e-17 0.735967 
vn 0.644958 7.29548e-17 0.764218 
vn 0.707842 7.87231e-17 0.706371 
vn 0.677018 7.59083e-17 0.735967 
vn 0.737373 8.13943e-17 0.675486 
vn 0.707842 7.87231e-17 0.706371 
vn 0.765558 8.39168e-17 0.643367 
vn 0.737373 8.13943e-17 0.675486 
vn 0.792345 8.6286e-17 0.610073 
vn 0.765558 8.39168e-17 0.643367 
vn 0.817685 8.84977e-17 0.575666 
vn 0.792345 8.6286e-17 0.610073 
vn 0.841532 9.05478e-17 0.540207 
vn 0.817685 8.84977e-17 0.575666 
vn 0.863843 9.24326e-17 0.503762 
vn 0.841532 9.05478e-17 0.540207 
vn 0.884576 9.41486e-17 0.466397 
vn 0.863843 9.24326e-17 0.503762 
vn 0.903694 9.56926e-17 0.42818 
vn 0.884576 9.41486e-17 0.466397 
vn 0.921161 9.7062e-17 0.389181 
vn 0.903694 9.56926e-17 0.42818 
vn 0.936947 9.82541e-17 0.349472 
vn 0.921161 9.7062e-17 0.389181 
vn 0.951022 9.92668e-17 0.309125 
vn 0.936947 9.82541e-17 0.349472 
vn 0.96336 1.00098e-16 0.268213 
vn 0.951022 9.92668e-17 0.309125 
vn 0.973939 1.00747e-16 0.226811 
vn 0.96336 1.00098e-16 0.268213 
vn 0.982739 1.01211e-16 0.184995 
vn 0.973939 1.00747e-16 0.226811 
vn 0.989746 1.01491e-16 0.142842 
vn 0.989327 1.01478e-16 0.145713 
vn -0.102259 0.374607 0.921528 
vn -1.08087e-33 1.01603e-17 1 
vn 0.78767 7.33551e-17 -0.616098 
vn -0.179727 -2.8161e-17 -0.983717 
vn 9.94083e-17 -1 1.32544e-17 
vn 0.019345 -8.2031e-18 -0.999813 
vn -9.94083e-17 1 -1.32544e-17 
vn -0.102259 0.374607 0.921528 
vn -0.140692 0.374607 0.916447 
vn -0.178879 0.374607 0.909765 
vn -0.216754 0.374607 0.901492 
vn -0.254249 0.374607 0.891643 
vn -0.2913 0.374607 0.880235 
vn -0.327842 0.374607 0.867289 
vn -0.36381 0.374607 0.852826 
vn -0.399143 0.374607 0.836872 
vn -0.433777 0.374607 0.819455 
vn -0.467654 0.374607 0.800606 
vn -0.500712 0.374607 0.780357 
vn -0.204501 -3.06158e-17 -0.978866 
vn -0.167609 -2.69579e-17 -0.985854 
vn -0.130481 -2.3262e-17 -0.991451 
vn -0.0931685 -1.95333e-17 -0.99565 
vn -0.0557249 -1.5777e-17 -0.998446 
vn -0.0182028 -1.19985e-17 -0.999834 
vn 0.019345 -8.2031e-18 -0.999813 
vn -0.241104 -3.37115e-17 -0.970499 
vn -0.236943 -3.38204e-17 -0.971524 
vn 0.019345 -8.2031e-18 -0.999813 
vn -0.540036 -4.60336e-17 0.841642 
vn -0.11029 -1.0494e-18 0.993899 
vn -0.151741 -5.29483e-18 0.98842 
vn -0.192928 -9.531e-18 0.981213 
vn -0.233776 -1.37505e-17 0.97229 
vn -0.274216 -1.7946e-17 0.961668 
vn -0.314177 -2.21101e-17 0.949364 
vn -0.353589 -2.62355e-17 0.935401 
vn -0.392382 -3.03151e-17 0.919802 
vn -0.430489 -3.43417e-17 0.902596 
vn -0.467844 -3.83082e-17 0.883811 
vn -0.504381 -4.22078e-17 0.863481 
vn -0.540036 -4.60336e-17 0.841642 
vn -0.500712 -0.374607 0.780357 
vn -0.500712 0.374607 0.780357 
usemtl 0.792157_0.819608_0.933333_0.000000_0.000000
o mesh0
f 1//1 2//1 3//1 
f 3//1 4//1 1//1 
o mesh1
f 5//2 3//2 2//2 
f 2//2 6//2 5//2 
o mesh2
f 7//3 6//3 2//3 
f 7//3 8//3 6//3 
f 2//3 1//3 7//3 
o mesh3
f 9//4 10//4 11//5 
f 12//5 11//5 13//6 
f 14//6 13//6 15//7 
f 16//7 15//7 17//8 
f 18//8 17//8 19//9 
f 20//9 19//9 21//10 
f 22//10 21//10 23//11 
f 24//11 23//11 25//12 
f 26//12 25//12 27//13 
f 28//13 27//13 29//14 
f 30//14 29//14 7//15 
f 7//15 1//15 30//14 
f 29//14 30//14 28//13 
f 27//13 28//13 26//12 
f 25//12 26//12 24//11 
f 23//11 24//11 22//10 
f 21//10 22//10 20//9 
f 19//9 20//9 18//8 
f 17//8 18//8 16//7 
f 15//7 16//7 14//6 
f 13//6 14//6 12//5 
f 11//5 12//5 9//4 
o mesh4
f 31//16 32//17 33//17 
f 34//18 31//16 35//19 
f 36//20 34//18 37//21 
f 38//22 36//20 39//23 
f 40//24 38//22 41//25 
f 42//26 40//24 43//27 
f 44//28 42//26 45//29 
f 46//30 44//28 47//31 
f 48//32 46//30 49//33 
f 50//34 48//32 51//35 
f 52//36 50//34 53//37 
f 54//38 52//36 55//39 
f 56//40 54//38 57//41 
f 58//42 56//40 59//43 
f 60//44 58//42 61//45 
f 62//46 60//44 63//47 
f 64//48 62//46 65//49 
f 66//50 64//48 67//51 
f 68//52 66//50 69//53 
f 70//54 68//52 71//55 
f 72//56 70//54 73//57 
f 74//58 72//56 75//59 
f 76//60 74//58 77//61 
f 78//62 76//60 79//63 
f 80//64 78//62 81//65 
f 82//66 80//64 83//67 
f 82//66 84//66 5//68 
f 5//68 6//68 82//66 
f 84//66 85//69 5//68 
f 6//68 8//69 82//66 
f 83//67 84//66 82//66 
f 81//65 83//67 80//64 
f 79//63 81//65 78//62 
f 77//61 79//63 76//60 
f 75//59 77//61 74//58 
f 73//57 75//59 72//56 
f 71//55 73//57 70//54 
f 69//53 71//55 68//52 
f 67//51 69//53 66//50 
f 65//49 67//51 64//48 
f 63//47 65//49 62//46 
f 61//45 63//47 60//44 
f 59//43 61//45 58//42 
f 57//41 59//43 56//40 
f 55//39 57//41 54//38 
f 53//37 55//39 52//36 
f 51//35 53//37 50//34 
f 49//33 51//35 48//32 
f 47//31 49//33 46//30 
f 45//29 47//31 44//28 
f 43//27 45//29 42//26 
f 41//25 43//27 40//24 
f 39//23 41//25 38//22 
f 37//21 39//23 36//20 
f 35//19 37//21 34//18 
f 33//17 35//19 31//16 
o mesh5
f 86//70 4//70 3//70 
f 3//70 5//70 86//70 
f 5//70 85//70 86//70 
o mesh6
f 33//71 32//71 87//71 
f 87//71 88//71 33//71 
o mesh7
f 88//72 87//72 89//72 
f 89//72 90//72 88//72 
o mesh8
f 90//73 89//73 91//73 
f 91//73 92//73 90//73 
o mesh9
f 91//74 38//74 40//74 
f 40//74 42//74 91//74 
f 91//74 36//74 38//74 
f 19//74 29//74 27//74 
f 91//74 44//74 46//74 
f 91//74 34//74 36//74 
f 7//74 15//74 13//74 
f 7//74 19//74 17//74 
f 25//74 23//74 21//74 
f 19//74 7//74 29//74 
f 42//74 44//74 91//74 
f 17//74 15//74 7//74 
f 27//74 25//74 19//74 
f 78//74 93//74 94//74 
f 76//74 95//74 96//74 
f 74//74 97//74 98//74 
f 91//74 31//74 34//74 
f 21//74 19//74 25//74 
f 82//74 8//74 7//74 
f 80//74 82//74 11//74 
f 80//74 99//74 100//74 
f 78//74 100//74 93//74 
f 76//74 94//74 95//74 
f 74//74 96//74 97//74 
f 98//74 52//74 54//74 
f 91//74 50//74 52//74 
f 91//74 32//74 31//74 
f 7//74 11//74 82//74 
f 11//74 10//74 80//74 
f 94//74 76//74 78//74 
f 98//74 72//74 74//74 
f 98//74 62//74 64//74 
f 52//74 98//74 91//74 
f 46//74 48//74 91//74 
f 10//74 99//74 80//74 
f 96//74 74//74 76//74 
f 98//74 68//74 70//74 
f 64//74 66//74 98//74 
f 48//74 50//74 91//74 
f 100//74 78//74 80//74 
f 66//74 68//74 98//74 
f 98//74 58//74 60//74 
f 54//74 56//74 98//74 
f 70//74 72//74 98//74 
f 56//74 58//74 98//74 
f 60//74 62//74 98//74 
f 32//74 91//74 89//74 
f 89//74 87//74 32//74 
f 13//74 11//74 7//74 
o mesh10
f 92//75 91//75 98//75 
f 98//75 101//75 92//75 
o mesh11
f 92//76 45//76 43//76 
f 43//76 41//76 92//76 
f 102//76 103//76 104//76 
f 92//76 47//76 45//76 
f 102//76 105//76 106//76 
f 102//76 107//76 103//76 
f 41//76 39//76 92//76 
f 92//76 51//76 49//76 
f 104//76 105//76 102//76 
f 86//76 108//76 109//76 
f 49//76 47//76 92//76 
f 77//76 75//76 101//76 
f 79//76 77//76 110//76 
f 81//76 79//76 111//76 
f 109//76 102//76 86//76 
f 86//76 112//76 113//76 
f 39//76 37//76 92//76 
f 92//76 101//76 55//76 
f 101//76 59//76 57//76 
f 101//76 114//76 77//76 
f 110//76 115//76 79//76 
f 111//76 116//76 81//76 
f 83//76 81//76 117//76 
f 83//76 118//76 112//76 
f 84//76 112//76 86//76 
f 113//76 108//76 86//76 
f 92//76 53//76 51//76 
f 57//76 55//76 101//76 
f 101//76 69//76 67//76 
f 115//76 111//76 79//76 
f 117//76 119//76 83//76 
f 83//76 119//76 118//76 
f 106//76 86//76 102//76 
f 55//76 53//76 92//76 
f 101//76 71//76 69//76 
f 101//76 75//76 73//76 
f 116//76 117//76 81//76 
f 86//76 85//76 84//76 
f 101//76 61//76 59//76 
f 101//76 65//76 63//76 
f 73//76 71//76 101//76 
f 112//76 84//76 83//76 
f 63//76 61//76 101//76 
f 114//76 110//76 77//76 
f 67//76 65//76 101//76 
f 33//76 88//76 90//76 
f 37//76 35//76 92//76 
f 35//76 33//76 92//76 
f 90//76 92//76 33//76 
o mesh12
f 4//77 86//77 106//78 
f 120//78 106//78 105//79 
f 121//79 105//79 104//80 
f 122//80 104//80 103//81 
f 123//81 103//81 107//82 
f 124//82 107//82 102//83 
f 125//83 102//83 109//84 
f 126//84 109//84 108//85 
f 127//85 108//85 113//86 
f 128//86 113//86 112//87 
f 129//87 112//87 118//88 
f 118//88 130//88 129//87 
f 112//87 129//87 128//86 
f 113//86 128//86 127//85 
f 108//85 127//85 126//84 
f 109//84 126//84 125//83 
f 102//83 125//83 124//82 
f 107//82 124//82 123//81 
f 103//81 123//81 122//80 
f 104//80 122//80 121//79 
f 105//79 121//79 120//78 
f 106//78 120//78 4//77 
o mesh13
f 100//89 117//89 116//90 
f 93//90 116//90 111//91 
f 94//91 111//91 115//92 
f 95//92 115//92 110//93 
f 96//93 110//93 114//94 
f 97//94 114//94 101//95 
f 100//89 131//96 119//97 
f 100//89 99//97 132//96 
f 132//96 131//96 100//89 
f 119//97 117//89 100//89 
f 101//95 98//98 97//94 
f 114//94 97//94 96//93 
f 110//93 96//93 95//92 
f 115//92 95//92 94//91 
f 111//91 94//91 93//90 
f 116//90 93//90 100//89 
o mesh14
f 9//99 130//99 131//99 
f 131//99 132//99 9//99 
o mesh15
f 1//100 4//100 120//101 
f 30//101 120//101 121//102 
f 28//102 121//102 122//103 
f 26//103 122//103 123//104 
f 24//104 123//104 124//105 
f 22//105 124//105 125//106 
f 20//106 125//106 126//107 
f 18//107 126//107 127//108 
f 16//108 127//108 128//109 
f 14//109 128//109 129//110 
f 12//110 129//110 130//111 
f 130//111 9//111 12//110 
f 129//110 12//110 14//109 
f 128//109 14//109 16//108 
f 127//108 16//108 18//107 
f 126//107 18//107 20//106 
f 125//106 20//106 22//105 
f 124//105 22//105 24//104 
f 123//104 24//104 26//103 
f 122//103 26//103 28//102 
f 121//102 28//102 30//101 
f 120//101 30//101 1//100 
o mesh16
f 9//112 132//112 99//112 
f 99//112 10//112 9//112 
o mesh17
f 130//113 118//113 119//113 
f 119//113 131//113 130//113 
g Part 2
v -0.12116 0.00135 0.0098782 
v -0.12056 0.00135 0.00390829 
v -0.126279 0.00135 0.00333337 
v -0.12056 0.00185 0.00390829 
v -0.126279 0.00185 0.00333337 
v -0.12116 0.00185 0.0098782 
v -0.12116 0.0032 0.0098782 
v -0.126863 0.0032 0.00258701 
v -0.126863 0 0.00258701 
v -0.12116 0 0.0098782 
v -0.119774 0.0032 0.0100175 
v -0.11 0 0.011 
v -0.11 0.0032 0.011 
v -0.123109 0.0032 0.00164854 
v -0.123109 0 0.00164854 
v -0.104193 0.0032 0.011 
v -0.109193 0.0032 0.011 
v -0.0991933 0.0032 0.011 
v -0.0941933 0.0032 0.011 
v -0.0891933 0.0032 0.011 
v -0.0841933 0.0032 0.011 
v -0.0791933 0.0032 0.011 
v -0.0741933 0.0032 0.011 
v 0 0 0.011 
v 0 0.0032 0.011 
v 0.00371575 0 0.00144497 
v 0.00508134 0 0.00339524 
v 0.00516831 0 0.00361889 
v 0.00487856 0 0.00296038 
v 0.00450534 0 0.00234533 
v 0.00463865 0 0.00254485 
v 0.00421324 0 0.00196467 
v 0.00436344 0 0.00215181 
v 0.00388909 0 0.00161091 
v 0 0 0 
v 0.00421324 0 0.00903533 
v 0.00405503 0 0.00921575 
v 0.00536963 0 0.00669042 
v 0.00531259 0 0.0069235 
v 0.00498469 0 0.0031756 
v 0.00405503 0 0.00178425 
v 0.00436344 0 0.00884819 
v 0.00541644 0 0.00645506 
v 0.00549477 0 0.00573991 
v 0.00547907 0 0.00597936 
v 0.00549477 0 0.00526009 
v 0.0055 0 0.0055 
v 0.00524544 0 0.00384612 
v 0.00334819 0 0.00113656 
v 0.00353533 0 0.00128676 
v 0.00275 0 0.0102631 
v 0.00253962 0 0.0103786 
v 0.00334819 0 0.00986344 
v 0.00315467 0 0.0100053 
v 0.00450534 0 0.00865467 
v 0.00508134 0 0.00760476 
v 0.00498469 0 0.0078244 
v 0.00545295 0 0.00621789 
v 0.00531259 0 0.0040765 
v 0.00476314 0 0.00275 
v 0.00315467 0 0.000994664 
v 0.00253962 0 0.00062144 
v 0.00275 0 0.00073686 
v 0.00188111 0 0.000331691 
v 0.00210476 0 0.000418663 
v 0.000239907 0 5.23478e-06 
v 0.000479357 0 2.09292e-05 
v 0.0023244 0 0.0104847 
v 0.00210476 0 0.0105813 
v 0.00295515 0 0.0101387 
v 0.00353533 0 0.00971324 
v 0.00388909 0 0.00938909 
v 0.00371575 0 0.00955503 
v 0.00463865 0 0.00845515 
v 0.00487856 0 0.00803962 
v 0.00476314 0 0.00825 
v 0.00516831 0 0.00738111 
v 0.00545295 0 0.00478211 
v 0.00547907 0 0.00502064 
v 0.00536963 0 0.00430958 
v 0.00295515 0 0.000861347 
v 0.00165388 0 0.000254557 
v 0.00119042 0 0.000130372 
v 0.0014235 0 0.000187408 
v 0.000717894 0 4.70533e-05 
v 0.00524544 0 0.00715388 
v 0.00541644 0 0.00454494 
v 0.0023244 0 0.000515307 
v 0.000955065 0 8.35574e-05 
v 0.0014235 0 0.0108126 
v 0.00119042 0 0.0108696 
v 0.00188111 0 0.0106683 
v 0.00165388 0 0.0107454 
v 0.000955065 0 0.0109164 
v -0.11 0 0 
v 0.000717894 0 0.0109529 
v 0.000479357 0 0.0109791 
v 0.000239907 0 0.0109948 
v 0 0.0032 0 
v 0.000239907 0.0032 5.23478e-06 
v 0.000479357 0.0032 2.09292e-05 
v 0.000717894 0.0032 4.70533e-05 
v 0.000955065 0.0032 8.35574e-05 
v 0.00119042 0.0032 0.000130372 
v 0.0014235 0.0032 0.000187408 
v 0.00165388 0.0032 0.000254557 
v 0.00188111 0.0032 0.000331691 
v 0.00210476 0.0032 0.000418663 
v 0.0023244 0.0032 0.000515307 
v 0.00253962 0.0032 0.00062144 
v 0.00256496 0.0032 0.000635346 
v 0.00275 0.0032 0.00073686 
v 0.00295515 0.0032 0.000861347 
v 0.00315467 0.0032 0.000994664 
v 0.00334819 0.0032 0.00113656 
v 0.00353533 0.0032 0.00128676 
v 0.00371575 0.0032 0.00144497 
v 0.00388909 0.0032 0.00161091 
v 0.00405503 0.0032 0.00178425 
v 0.00421324 0.0032 0.00196467 
v 0.00436344 0.0032 0.00215181 
v 0.00450534 0.0032 0.00234533 
v 0.00463865 0.0032 0.00254485 
v 0.00476314 0.0032 0.00275 
v 0.00487856 0.0032 0.00296038 
v 0.00498469 0.0032 0.0031756 
v 0.00508134 0.0032 0.00339524 
v 0.00516831 0.0032 0.00361889 
v 0.00524544 0.0032 0.00384612 
v 0.00531259 0.0032 0.0040765 
v 0.00536963 0.0032 0.00430958 
v 0.00541644 0.0032 0.00454494 
v 0.00545295 0.0032 0.00478211 
v 0.00547907 0.0032 0.00502064 
v 0.00549477 0.0032 0.00526009 
v 0.0055 0.0032 0.0055 
v 0.00549477 0.0032 0.00573991 
v 0.00547907 0.0032 0.00597936 
v 0.00545295 0.0032 0.00621789 
v 0.00541644 0.0032 0.00645506 
v 0.00536963 0.0032 0.00669042 
v 0.00531259 0.0032 0.0069235 
v 0.00524544 0.0032 0.00715388 
v 0.00516831 0.0032 0.00738111 
v 0.00508134 0.0032 0.00760476 
v 0.00498469 0.0032 0.0078244 
v 0.00487856 0.0032 0.00803962 
v 0.00476314 0.0032 0.00825 
v 0.00463865 0.0032 0.00845515 
v 0.00450534 0.0032 0.00865467 
v 0.00436344 0.0032 0.00884819 
v 0.00421324 0.0032 0.00903533 
v 0.00405503 0.0032 0.00921575 
v 0.00388909 0.0032 0.00938909 
v 0.00371575 0.0032 0.00955503 
v 0.00353533 0.0032 0.00971324 
v 0.00334819 0.0032 0.00986344 
v 0.00315467 0.0032 0.0100053 
v 0.00295515 0.0032 0.0101387 
v 0.00275 0.0032 0.0102631 
v 0.00253962 0.0032 0.0103786 
v 0.0023244 0.0032 0.0104847 
v 0.00210476 0.0032 0.0105813 
v 0.00188111 0.0032 0.0106683 
v 0.00165388 0.0032 0.0107454 
v 0.0014235 0.0032 0.0108126 
v 0.00119042 0.0032 0.0108696 
v 0.000955065 0.0032 0.0109164 
v 0.000717894 0.0032 0.0109529 
v 0.000479357 0.0032 0.0109791 
v 0.000239907 0.0032 0.0109948 
v -0.0741933 0.0032 0 
v -0.0791933 0.0032 0 
v -0.0841933 0.0032 0 
v -0.0891933 0.0032 0 
v -0.0941933 0.0032 0 
v -0.0991933 0.0032 0 
v -0.104193 0.0032 0 
v -0.109193 0.0032 0 
v -0.11 0.0032 0 
v -0.119774 0.0032 0.0012292 
v -0.115052 0.0032 0.000635346 
v -0.10695 0.0032 0.00130452 
v -0.106908 0.0032 0.00129423 
v -0.106737 0.0032 0.00127164 
v -0.106693 0.0032 0.00127069 
v -0.106866 0.0032 0.00128578 
v -0.10665 0.0032 0.00127164 
v -0.10678 0.0032 0.00127447 
v -0.106823 0.0032 0.00127919 
v -0.106607 0.0032 0.00127447 
v -0.106478 0.0032 0.00129423 
v -0.106436 0.0032 0.00130452 
v -0.106564 0.0032 0.00127919 
v -0.106521 0.0032 0.00128578 
v -0.107033 0.0032 0.00133057 
v -0.106992 0.0032 0.00131664 
v -0.106354 0.0032 0.00133057 
v -0.106313 0.0032 0.00134627 
v -0.106023 0.0032 0.00153153 
v -0.105991 0.0032 0.00156148 
v -0.106089 0.0032 0.00147586 
v -0.106055 0.0032 0.00150297 
v -0.106274 0.0032 0.00136371 
v -0.106235 0.0032 0.00138287 
v -0.106395 0.0032 0.00131664 
v -0.107113 0.0032 0.00136371 
v -0.107073 0.0032 0.00134627 
v -0.106274 0.0032 0.00963629 
v -0.106313 0.0032 0.00965373 
v -0.105856 0.0032 0.00173007 
v -0.105833 0.0032 0.0017671 
v -0.107574 0.0032 0.00180508 
v -0.107553 0.0032 0.0017671 
v -0.106354 0.0032 0.00966943 
v -0.1057 0.0032 0.00226351 
v -0.1057 0.0032 0.00873649 
v -0.10588 0.0032 0.00169405 
v -0.106124 0.0032 0.00145024 
v -0.10719 0.0032 0.0014037 
v -0.107152 0.0032 0.00138287 
v -0.107263 0.0032 0.00145024 
v -0.107227 0.0032 0.00142618 
v -0.107331 0.0032 0.00150297 
v -0.107298 0.0032 0.00147586 
v -0.107531 0.0032 0.00173007 
v -0.107073 0.0032 0.00965373 
v -0.107113 0.0032 0.00963629 
v -0.106992 0.0032 0.00968336 
v -0.107033 0.0032 0.00966943 
v -0.10678 0.0032 0.00972553 
v -0.106823 0.0032 0.00972081 
v -0.106395 0.0032 0.00968336 
v -0.106124 0.0032 0.00954976 
v -0.10616 0.0032 0.00957382 
v -0.105813 0.0032 0.00919492 
v -0.105833 0.0032 0.0092329 
v -0.105701 0.0032 0.0022202 
v -0.10576 0.0032 0.00192395 
v -0.105746 0.0032 0.00196496 
v -0.105813 0.0032 0.00180508 
v -0.105933 0.0032 0.00162534 
v -0.105906 0.0032 0.00165912 
v -0.105961 0.0032 0.00159277 
v -0.106197 0.0032 0.0014037 
v -0.10616 0.0032 0.00142618 
v -0.107395 0.0032 0.00156148 
v -0.107364 0.0032 0.00153153 
v -0.107507 0.0032 0.00169405 
v -0.107481 0.0032 0.00165912 
v -0.107593 0.0032 0.00184393 
v -0.107652 0.0032 0.00200655 
v -0.10764 0.0032 0.00196496 
v -0.107686 0.0032 0.00873649 
v -0.107152 0.0032 0.00961713 
v -0.10695 0.0032 0.00969548 
v -0.106866 0.0032 0.00971422 
v -0.106521 0.0032 0.00971422 
v -0.106564 0.0032 0.00972081 
v -0.106235 0.0032 0.00961713 
v -0.106197 0.0032 0.0095963 
v -0.105793 0.0032 0.00915607 
v -0.105734 0.0032 0.00899345 
v -0.105746 0.0032 0.00903504 
v -0.105734 0.0032 0.00200655 
v -0.105793 0.0032 0.00184393 
v -0.105776 0.0032 0.00188358 
v -0.107425 0.0032 0.00159277 
v -0.107626 0.0032 0.00192395 
v -0.107611 0.0032 0.00188358 
v -0.107663 0.0032 0.00204863 
v -0.107685 0.0032 0.0087798 
v -0.107531 0.0032 0.00926993 
v -0.107553 0.0032 0.0092329 
v -0.107331 0.0032 0.00949703 
v -0.107364 0.0032 0.00946847 
v -0.106908 0.0032 0.00970577 
v -0.106478 0.0032 0.00970577 
v -0.106055 0.0032 0.00949703 
v -0.106089 0.0032 0.00952414 
v -0.105991 0.0032 0.00943852 
v -0.106023 0.0032 0.00946847 
v -0.10588 0.0032 0.00930595 
v -0.105906 0.0032 0.00934088 
v -0.105856 0.0032 0.00926993 
v -0.105724 0.0032 0.00895137 
v -0.105701 0.0032 0.0087798 
v -0.105716 0.0032 0.00209111 
v -0.105709 0.0032 0.00213392 
v -0.105724 0.0032 0.00204863 
v -0.107454 0.0032 0.00162534 
v -0.107671 0.0032 0.00209111 
v -0.107682 0.0032 0.00217698 
v -0.107678 0.0032 0.00213392 
v -0.107686 0.0032 0.00226351 
v -0.107626 0.0032 0.00907605 
v -0.10764 0.0032 0.00903504 
v -0.107574 0.0032 0.00919492 
v -0.107298 0.0032 0.00952414 
v -0.10719 0.0032 0.0095963 
v -0.107227 0.0032 0.00957382 
v -0.106693 0.0032 0.00972931 
v -0.106436 0.0032 0.00969548 
v -0.105961 0.0032 0.00940723 
v -0.10576 0.0032 0.00907605 
v -0.105776 0.0032 0.00911642 
v -0.105716 0.0032 0.00890889 
v -0.105704 0.0032 0.00882302 
v -0.105709 0.0032 0.00886608 
v -0.105704 0.0032 0.00217698 
v -0.107685 0.0032 0.0022202 
v -0.107652 0.0032 0.00899345 
v -0.107507 0.0032 0.00930595 
v -0.107454 0.0032 0.00937466 
v -0.107481 0.0032 0.00934088 
v -0.107395 0.0032 0.00943852 
v -0.107425 0.0032 0.00940723 
v -0.107263 0.0032 0.00954976 
v -0.106737 0.0032 0.00972836 
v -0.106607 0.0032 0.00972553 
v -0.10665 0.0032 0.00972836 
v -0.105933 0.0032 0.00937466 
v -0.107671 0.0032 0.00890889 
v -0.107678 0.0032 0.00886608 
v -0.107663 0.0032 0.00895137 
v -0.107593 0.0032 0.00915607 
v -0.107611 0.0032 0.00911642 
v -0.107682 0.0032 0.00882302 
v -0.10195 0.0032 0.00130452 
v -0.101908 0.0032 0.00129423 
v -0.101693 0.0032 0.00127069 
v -0.101866 0.0032 0.00128578 
v -0.10165 0.0032 0.00127164 
v -0.10178 0.0032 0.00127447 
v -0.101737 0.0032 0.00127164 
v -0.101823 0.0032 0.00127919 
v -0.101607 0.0032 0.00127447 
v -0.101478 0.0032 0.00129423 
v -0.101436 0.0032 0.00130452 
v -0.101564 0.0032 0.00127919 
v -0.101521 0.0032 0.00128578 
v -0.102033 0.0032 0.00133057 
v -0.101992 0.0032 0.00131664 
v -0.101274 0.0032 0.00963629 
v -0.101313 0.0032 0.00965373 
v -0.101354 0.0032 0.00133057 
v -0.101313 0.0032 0.00134627 
v -0.101354 0.0032 0.00966943 
v -0.100813 0.0032 0.00919492 
v -0.100833 0.0032 0.0092329 
v -0.101023 0.0032 0.00153153 
v -0.100991 0.0032 0.00156148 
v -0.101089 0.0032 0.00147586 
v -0.101055 0.0032 0.00150297 
v -0.101274 0.0032 0.00136371 
v -0.101235 0.0032 0.00138287 
v -0.101395 0.0032 0.00131664 
v -0.102113 0.0032 0.00136371 
v -0.102073 0.0032 0.00134627 
v -0.101395 0.0032 0.00968336 
v -0.101124 0.0032 0.00954976 
v -0.10116 0.0032 0.00957382 
v -0.100793 0.0032 0.00915607 
v -0.100724 0.0032 0.00895137 
v -0.100734 0.0032 0.00899345 
v -0.100856 0.0032 0.00173007 
v -0.100833 0.0032 0.0017671 
v -0.102574 0.0032 0.00180508 
v -0.102553 0.0032 0.0017671 
v -0.102073 0.0032 0.00965373 
v -0.102113 0.0032 0.00963629 
v -0.101992 0.0032 0.00968336 
v -0.102033 0.0032 0.00966943 
v -0.10178 0.0032 0.00972553 
v -0.101823 0.0032 0.00972081 
v -0.101521 0.0032 0.00971422 
v -0.101564 0.0032 0.00972081 
v -0.101235 0.0032 0.00961713 
v -0.101197 0.0032 0.0095963 
v -0.10088 0.0032 0.00930595 
v -0.100906 0.0032 0.00934088 
v -0.100856 0.0032 0.00926993 
v -0.100746 0.0032 0.00903504 
v -0.10076 0.0032 0.00907605 
v -0.100716 0.0032 0.00890889 
v -0.1007 0.0032 0.00226351 
v -0.1007 0.0032 0.00873649 
v -0.10088 0.0032 0.00169405 
v -0.101124 0.0032 0.00145024 
v -0.10219 0.0032 0.0014037 
v -0.102152 0.0032 0.00138287 
v -0.102263 0.0032 0.00145024 
v -0.102227 0.0032 0.00142618 
v -0.102331 0.0032 0.00150297 
v -0.102298 0.0032 0.00147586 
v -0.102531 0.0032 0.00173007 
v -0.102152 0.0032 0.00961713 
v -0.10195 0.0032 0.00969548 
v -0.101866 0.0032 0.00971422 
v -0.101478 0.0032 0.00970577 
v -0.101055 0.0032 0.00949703 
v -0.101089 0.0032 0.00952414 
v -0.100991 0.0032 0.00943852 
v -0.101023 0.0032 0.00946847 
v -0.100704 0.0032 0.00882302 
v -0.100709 0.0032 0.00886608 
v -0.100701 0.0032 0.0022202 
v -0.10076 0.0032 0.00192395 
v -0.100746 0.0032 0.00196496 
v -0.100813 0.0032 0.00180508 
v -0.100933 0.0032 0.00162534 
v -0.100906 0.0032 0.00165912 
v -0.100961 0.0032 0.00159277 
v -0.101197 0.0032 0.0014037 
v -0.10116 0.0032 0.00142618 
v -0.102395 0.0032 0.00156148 
v -0.102364 0.0032 0.00153153 
v -0.102507 0.0032 0.00169405 
v -0.102481 0.0032 0.00165912 
v -0.102593 0.0032 0.00184393 
v -0.102652 0.0032 0.00200655 
v -0.10264 0.0032 0.00196496 
v -0.102686 0.0032 0.00873649 
v -0.102531 0.0032 0.00926993 
v -0.102553 0.0032 0.0092329 
v -0.102331 0.0032 0.00949703 
v -0.102364 0.0032 0.00946847 
v -0.101908 0.0032 0.00970577 
v -0.10165 0.0032 0.00972836 
v -0.101693 0.0032 0.00972931 
v -0.101436 0.0032 0.00969548 
v -0.100961 0.0032 0.00940723 
v -0.100776 0.0032 0.00911642 
v -0.100734 0.0032 0.00200655 
v -0.100793 0.0032 0.00184393 
v -0.100776 0.0032 0.00188358 
v -0.102425 0.0032 0.00159277 
v -0.102626 0.0032 0.00192395 
v -0.102611 0.0032 0.00188358 
v -0.102663 0.0032 0.00204863 
v -0.102685 0.0032 0.0087798 
v -0.102626 0.0032 0.00907605 
v -0.10264 0.0032 0.00903504 
v -0.102574 0.0032 0.00919492 
v -0.102298 0.0032 0.00952414 
v -0.10219 0.0032 0.0095963 
v -0.102227 0.0032 0.00957382 
v -0.101607 0.0032 0.00972553 
v -0.100933 0.0032 0.00937466 
v -0.100701 0.0032 0.0087798 
v -0.100716 0.0032 0.00209111 
v -0.100709 0.0032 0.00213392 
v -0.100724 0.0032 0.00204863 
v -0.102454 0.0032 0.00162534 
v -0.102671 0.0032 0.00209111 
v -0.102682 0.0032 0.00217698 
v -0.102678 0.0032 0.00213392 
v -0.102686 0.0032 0.00226351 
v -0.102652 0.0032 0.00899345 
v -0.102507 0.0032 0.00930595 
v -0.102454 0.0032 0.00937466 
v -0.102481 0.0032 0.00934088 
v -0.102395 0.0032 0.00943852 
v -0.102425 0.0032 0.00940723 
v -0.102263 0.0032 0.00954976 
v -0.101737 0.0032 0.00972836 
v -0.100704 0.0032 0.00217698 
v -0.102685 0.0032 0.0022202 
v -0.102671 0.0032 0.00890889 
v -0.102678 0.0032 0.00886608 
v -0.102663 0.0032 0.00895137 
v -0.102593 0.0032 0.00915607 
v -0.102611 0.0032 0.00911642 
v -0.102682 0.0032 0.00882302 
v -0.0969502 0.0032 0.00130452 
v -0.0969082 0.0032 0.00129423 
v -0.0967366 0.0032 0.00127164 
v -0.0966933 0.0032 0.00127069 
v -0.0968657 0.0032 0.00128578 
v -0.09665 0.0032 0.00127164 
v -0.0967798 0.0032 0.00127447 
v -0.0968229 0.0032 0.00127919 
v -0.0966067 0.0032 0.00127447 
v -0.0964784 0.0032 0.00129423 
v -0.0964363 0.0032 0.00130452 
v -0.0965637 0.0032 0.00127919 
v -0.0965209 0.0032 0.00128578 
v -0.0970328 0.0032 0.00133057 
v -0.0969918 0.0032 0.00131664 
v -0.0963537 0.0032 0.00133057 
v -0.0963133 0.0032 0.00134627 
v -0.0962737 0.0032 0.00963629 
v -0.0963133 0.0032 0.00965373 
v -0.0960225 0.0032 0.00153153 
v -0.0959912 0.0032 0.00156148 
v -0.0960889 0.0032 0.00147586 
v -0.0960551 0.0032 0.00150297 
v -0.0962737 0.0032 0.00136371 
v -0.0962348 0.0032 0.00138287 
v -0.0963947 0.0032 0.00131664 
v -0.0971129 0.0032 0.00136371 
v -0.0970732 0.0032 0.00134627 
v -0.0963537 0.0032 0.00966943 
v -0.0958559 0.0032 0.00173007 
v -0.0958335 0.0032 0.0017671 
v -0.0975739 0.0032 0.00180508 
v -0.0975531 0.0032 0.0017671 
v -0.0976861 0.0032 0.00873649 
v -0.0963947 0.0032 0.00968336 
v -0.0961238 0.0032 0.00954976 
v -0.0961598 0.0032 0.00957382 
v -0.0958126 0.0032 0.00919492 
v -0.0958335 0.0032 0.0092329 
v -0.09588 0.0032 0.00169405 
v -0.0961238 0.0032 0.00145024 
v -0.0971897 0.0032 0.0014037 
v -0.0971517 0.0032 0.00138287 
v -0.0972627 0.0032 0.00145024 
v -0.0972267 0.0032 0.00142618 
v -0.0973314 0.0032 0.00150297 
v -0.0972977 0.0032 0.00147586 
v -0.0975306 0.0032 0.00173007 
v -0.0976523 0.0032 0.00200655 
v -0.0976401 0.0032 0.00196496 
v -0.0976861 0.0032 0.00226351 
v -0.0970732 0.0032 0.00965373 
v -0.0971129 0.0032 0.00963629 
v -0.0969918 0.0032 0.00968336 
v -0.0970328 0.0032 0.00966943 
v -0.0967798 0.0032 0.00972553 
v -0.0968229 0.0032 0.00972081 
v -0.0965209 0.0032 0.00971422 
v -0.0965637 0.0032 0.00972081 
v -0.0962348 0.0032 0.00961713 
v -0.0961969 0.0032 0.0095963 
v -0.0957935 0.0032 0.00915607 
v -0.0958126 0.0032 0.00180508 
v -0.0959327 0.0032 0.00162534 
v -0.0959056 0.0032 0.00165912 
v -0.0959613 0.0032 0.00159277 
v -0.0961969 0.0032 0.0014037 
v -0.0961598 0.0032 0.00142618 
v -0.0973953 0.0032 0.00156148 
v -0.097364 0.0032 0.00153153 
v -0.0975065 0.0032 0.00169405 
v -0.0974809 0.0032 0.00165912 
v -0.0975931 0.0032 0.00184393 
v -0.0976626 0.0032 0.00204863 
v -0.0976851 0.0032 0.0087798 
v -0.0976262 0.0032 0.00907605 
v -0.0976401 0.0032 0.00903504 
v -0.0971517 0.0032 0.00961713 
v -0.0969502 0.0032 0.00969548 
v -0.0968657 0.0032 0.00971422 
v -0.0964784 0.0032 0.00970577 
v -0.0960551 0.0032 0.00949703 
v -0.0960889 0.0032 0.00952414 
v -0.0959912 0.0032 0.00943852 
v -0.0960225 0.0032 0.00946847 
v -0.09588 0.0032 0.00930595 
v -0.0959056 0.0032 0.00934088 
v -0.0958559 0.0032 0.00926993 
v -0.0957343 0.0032 0.00899345 
v -0.0957464 0.0032 0.00903504 
v -0.0957603 0.0032 0.00192395 
v -0.0957464 0.0032 0.00196496 
v -0.0957935 0.0032 0.00184393 
v -0.095776 0.0032 0.00188358 
v -0.0974253 0.0032 0.00159277 
v -0.0976262 0.0032 0.00192395 
v -0.0976105 0.0032 0.00188358 
v -0.097671 0.0032 0.00209111 
v -0.0976823 0.0032 0.00217698 
v -0.0976776 0.0032 0.00213392 
v -0.0976823 0.0032 0.00882302 
v -0.0976523 0.0032 0.00899345 
v -0.0975306 0.0032 0.00926993 
v -0.0975531 0.0032 0.0092329 
v -0.0973314 0.0032 0.00949703 
v -0.097364 0.0032 0.00946847 
v -0.0969082 0.0032 0.00970577 
v -0.0964363 0.0032 0.00969548 
v -0.0959613 0.0032 0.00940723 
v -0.0957603 0.0032 0.00907605 
v -0.095776 0.0032 0.00911642 
v -0.095724 0.0032 0.00895137 
v -0.0957343 0.0032 0.00200655 
v -0.0974538 0.0032 0.00162534 
v -0.0976851 0.0032 0.0022202 
v -0.097671 0.0032 0.00890889 
v -0.0976776 0.0032 0.00886608 
v -0.0976626 0.0032 0.00895137 
v -0.0975739 0.0032 0.00919492 
v -0.0972977 0.0032 0.00952414 
v -0.0971897 0.0032 0.0095963 
v -0.0972267 0.0032 0.00957382 
v -0.0966933 0.0032 0.00972931 
v -0.0966067 0.0032 0.00972553 
v -0.09665 0.0032 0.00972836 
v -0.0959327 0.0032 0.00937466 
v -0.0957155 0.0032 0.00890889 
v -0.0957042 0.0032 0.00882302 
v -0.095709 0.0032 0.00886608 
v -0.0957155 0.0032 0.00209111 
v -0.095709 0.0032 0.00213392 
v -0.095724 0.0032 0.00204863 
v -0.0975065 0.0032 0.00930595 
v -0.0974538 0.0032 0.00937466 
v -0.0974809 0.0032 0.00934088 
v -0.0973953 0.0032 0.00943852 
v -0.0974253 0.0032 0.00940723 
v -0.0972627 0.0032 0.00954976 
v -0.0967366 0.0032 0.00972836 
v -0.0957005 0.0032 0.00226351 
v -0.0957005 0.0032 0.00873649 
v -0.0975931 0.0032 0.00915607 
v -0.0976105 0.0032 0.00911642 
v -0.0957014 0.0032 0.0087798 
v -0.0957014 0.0032 0.0022202 
v -0.0957042 0.0032 0.00217698 
v -0.0919502 0.0032 0.00130452 
v -0.0919082 0.0032 0.00129423 
v -0.0917366 0.0032 0.00127164 
v -0.0916933 0.0032 0.00127069 
v -0.0918657 0.0032 0.00128578 
v -0.09165 0.0032 0.00127164 
v -0.0917798 0.0032 0.00127447 
v -0.0918229 0.0032 0.00127919 
v -0.0916067 0.0032 0.00127447 
v -0.0914784 0.0032 0.00129423 
v -0.0914363 0.0032 0.00130452 
v -0.0915637 0.0032 0.00127919 
v -0.0915209 0.0032 0.00128578 
v -0.0920328 0.0032 0.00133057 
v -0.0919918 0.0032 0.00131664 
v -0.0912737 0.0032 0.00963629 
v -0.0913133 0.0032 0.00965373 
v -0.0913537 0.0032 0.00133057 
v -0.0913133 0.0032 0.00134627 
v -0.0913537 0.0032 0.00966943 
v -0.0908126 0.0032 0.00919492 
v -0.0908335 0.0032 0.0092329 
v -0.0910225 0.0032 0.00153153 
v -0.0909912 0.0032 0.00156148 
v -0.0910889 0.0032 0.00147586 
v -0.0910551 0.0032 0.00150297 
v -0.0912737 0.0032 0.00136371 
v -0.0912348 0.0032 0.00138287 
v -0.0913947 0.0032 0.00131664 
v -0.0921129 0.0032 0.00136371 
v -0.0920732 0.0032 0.00134627 
v -0.0913947 0.0032 0.00968336 
v -0.0911238 0.0032 0.00954976 
v -0.0911598 0.0032 0.00957382 
v -0.0907935 0.0032 0.00915607 
v -0.090724 0.0032 0.00895137 
v -0.0907343 0.0032 0.00899345 
v -0.0908559 0.0032 0.00173007 
v -0.0908335 0.0032 0.0017671 
v -0.0925739 0.0032 0.00180508 
v -0.0925531 0.0032 0.0017671 
v -0.0926861 0.0032 0.00873649 
v -0.0915209 0.0032 0.00971422 
v -0.0915637 0.0032 0.00972081 
v -0.0912348 0.0032 0.00961713 
v -0.0911969 0.0032 0.0095963 
v -0.09088 0.0032 0.00930595 
v -0.0909056 0.0032 0.00934088 
v -0.0908559 0.0032 0.00926993 
v -0.0907464 0.0032 0.00903504 
v -0.0907603 0.0032 0.00907605 
v -0.0907155 0.0032 0.00890889 
v -0.0907005 0.0032 0.00226351 
v -0.0907005 0.0032 0.00873649 
v -0.09088 0.0032 0.00169405 
v -0.0911238 0.0032 0.00145024 
v -0.0921897 0.0032 0.0014037 
v -0.0921517 0.0032 0.00138287 
v -0.0922627 0.0032 0.00145024 
v -0.0922267 0.0032 0.00142618 
v -0.0923314 0.0032 0.00150297 
v -0.0922977 0.0032 0.00147586 
v -0.0925306 0.0032 0.00173007 
v -0.0926523 0.0032 0.00200655 
v -0.0926401 0.0032 0.00196496 
v -0.0926861 0.0032 0.00226351 
v -0.0920732 0.0032 0.00965373 
v -0.0921129 0.0032 0.00963629 
v -0.0919918 0.0032 0.00968336 
v -0.0920328 0.0032 0.00966943 
v -0.0917798 0.0032 0.00972553 
v -0.0918229 0.0032 0.00972081 
v -0.0914784 0.0032 0.00970577 
v -0.0910551 0.0032 0.00949703 
v -0.0910889 0.0032 0.00952414 
v -0.0909912 0.0032 0.00943852 
v -0.0910225 0.0032 0.00946847 
v -0.0907042 0.0032 0.00882302 
v -0.090709 0.0032 0.00886608 
v -0.0907014 0.0032 0.0022202 
v -0.0907603 0.0032 0.00192395 
v -0.0907464 0.0032 0.00196496 
v -0.0908126 0.0032 0.00180508 
v -0.0909327 0.0032 0.00162534 
v -0.0909056 0.0032 0.00165912 
v -0.0909613 0.0032 0.00159277 
v -0.0911969 0.0032 0.0014037 
v -0.0911598 0.0032 0.00142618 
v -0.0923953 0.0032 0.00156148 
v -0.092364 0.0032 0.00153153 
v -0.0925065 0.0032 0.00169405 
v -0.0924809 0.0032 0.00165912 
v -0.0925931 0.0032 0.00184393 
v -0.0926626 0.0032 0.00204863 
v -0.0926851 0.0032 0.0087798 
v -0.0926262 0.0032 0.00907605 
v -0.0926401 0.0032 0.00903504 
v -0.0921517 0.0032 0.00961713 
v -0.0919502 0.0032 0.00969548 
v -0.0918657 0.0032 0.00971422 
v -0.0914363 0.0032 0.00969548 
v -0.0909613 0.0032 0.00940723 
v -0.090776 0.0032 0.00911642 
v -0.0907343 0.0032 0.00200655 
v -0.0907935 0.0032 0.00184393 
v -0.090776 0.0032 0.00188358 
v -0.0924253 0.0032 0.00159277 
v -0.0926262 0.0032 0.00192395 
v -0.0926105 0.0032 0.00188358 
v -0.092671 0.0032 0.00209111 
v -0.0926823 0.0032 0.00217698 
v -0.0926776 0.0032 0.00213392 
v -0.0926823 0.0032 0.00882302 
v -0.0926523 0.0032 0.00899345 
v -0.0925306 0.0032 0.00926993 
v -0.0925531 0.0032 0.0092329 
v -0.0923314 0.0032 0.00949703 
v -0.092364 0.0032 0.00946847 
v -0.0919082 0.0032 0.00970577 
v -0.0916067 0.0032 0.00972553 
v -0.09165 0.0032 0.00972836 
v -0.0909327 0.0032 0.00937466 
v -0.0907014 0.0032 0.0087798 
v -0.0907155 0.0032 0.00209111 
v -0.090709 0.0032 0.00213392 
v -0.090724 0.0032 0.00204863 
v -0.0924538 0.0032 0.00162534 
v -0.0926851 0.0032 0.0022202 
v -0.092671 0.0032 0.00890889 
v -0.0926776 0.0032 0.00886608 
v -0.0926626 0.0032 0.00895137 
v -0.0925739 0.0032 0.00919492 
v -0.0922977 0.0032 0.00952414 
v -0.0921897 0.0032 0.0095963 
v -0.0922267 0.0032 0.00957382 
v -0.0916933 0.0032 0.00972931 
v -0.0907042 0.0032 0.00217698 
v -0.0925065 0.0032 0.00930595 
v -0.0924538 0.0032 0.00937466 
v -0.0924809 0.0032 0.00934088 
v -0.0923953 0.0032 0.00943852 
v -0.0924253 0.0032 0.00940723 
v -0.0922627 0.0032 0.00954976 
v -0.0917366 0.0032 0.00972836 
v -0.0925931 0.0032 0.00915607 
v -0.0926105 0.0032 0.00911642 
v -0.0869502 0.0032 0.00130452 
v -0.0869082 0.0032 0.00129423 
v -0.0867366 0.0032 0.00127164 
v -0.0866933 0.0032 0.00127069 
v -0.0868657 0.0032 0.00128578 
v -0.08665 0.0032 0.00127164 
v -0.0867798 0.0032 0.00127447 
v -0.0868229 0.0032 0.00127919 
v -0.0866067 0.0032 0.00127447 
v -0.0864784 0.0032 0.00129423 
v -0.0864363 0.0032 0.00130452 
v -0.0865637 0.0032 0.00127919 
v -0.0865209 0.0032 0.00128578 
v -0.0870328 0.0032 0.00133057 
v -0.0869918 0.0032 0.00131664 
v -0.0863537 0.0032 0.00133057 
v -0.0863133 0.0032 0.00134627 
v -0.0862737 0.0032 0.00963629 
v -0.0863133 0.0032 0.00965373 
v -0.0860225 0.0032 0.00153153 
v -0.0859912 0.0032 0.00156148 
v -0.0860889 0.0032 0.00147586 
v -0.0860551 0.0032 0.00150297 
v -0.0862737 0.0032 0.00136371 
v -0.0862348 0.0032 0.00138287 
v -0.0863947 0.0032 0.00131664 
v -0.0871129 0.0032 0.00136371 
v -0.0870732 0.0032 0.00134627 
v -0.0863537 0.0032 0.00966943 
v -0.0858126 0.0032 0.00919492 
v -0.0858335 0.0032 0.0092329 
v -0.0858559 0.0032 0.00173007 
v -0.0858335 0.0032 0.0017671 
v -0.0875739 0.0032 0.00180508 
v -0.0875531 0.0032 0.0017671 
v -0.0876861 0.0032 0.00873649 
v -0.0863947 0.0032 0.00968336 
v -0.0861238 0.0032 0.00954976 
v -0.0861598 0.0032 0.00957382 
v -0.0857935 0.0032 0.00915607 
v -0.085724 0.0032 0.00895137 
v -0.0857343 0.0032 0.00899345 
v -0.08588 0.0032 0.00169405 
v -0.0861238 0.0032 0.00145024 
v -0.0871897 0.0032 0.0014037 
v -0.0871517 0.0032 0.00138287 
v -0.0872627 0.0032 0.00145024 
v -0.0872267 0.0032 0.00142618 
v -0.0873314 0.0032 0.00150297 
v -0.0872977 0.0032 0.00147586 
v -0.0875306 0.0032 0.00173007 
v -0.0876523 0.0032 0.00200655 
v -0.0876401 0.0032 0.00196496 
v -0.0876861 0.0032 0.00226351 
v -0.0870732 0.0032 0.00965373 
v -0.0871129 0.0032 0.00963629 
v -0.0869918 0.0032 0.00968336 
v -0.0870328 0.0032 0.00966943 
v -0.0867798 0.0032 0.00972553 
v -0.0868229 0.0032 0.00972081 
v -0.0865209 0.0032 0.00971422 
v -0.0865637 0.0032 0.00972081 
v -0.0862348 0.0032 0.00961713 
v -0.0861969 0.0032 0.0095963 
v -0.08588 0.0032 0.00930595 
v -0.0859056 0.0032 0.00934088 
v -0.0858559 0.0032 0.00926993 
v -0.0857464 0.0032 0.00903504 
v -0.0857603 0.0032 0.00907605 
v -0.0857155 0.0032 0.00890889 
v -0.0858126 0.0032 0.00180508 
v -0.0859327 0.0032 0.00162534 
v -0.0859056 0.0032 0.00165912 
v -0.0859613 0.0032 0.00159277 
v -0.0861969 0.0032 0.0014037 
v -0.0861598 0.0032 0.00142618 
v -0.0873953 0.0032 0.00156148 
v -0.087364 0.0032 0.00153153 
v -0.0875065 0.0032 0.00169405 
v -0.0874809 0.0032 0.00165912 
v -0.0875931 0.0032 0.00184393 
v -0.0876626 0.0032 0.00204863 
v -0.0876851 0.0032 0.0087798 
v -0.0876262 0.0032 0.00907605 
v -0.0876401 0.0032 0.00903504 
v -0.0871517 0.0032 0.00961713 
v -0.0869502 0.0032 0.00969548 
v -0.0868657 0.0032 0.00971422 
v -0.0864784 0.0032 0.00970577 
v -0.0860551 0.0032 0.00949703 
v -0.0860889 0.0032 0.00952414 
v -0.0859912 0.0032 0.00943852 
v -0.0860225 0.0032 0.00946847 
v -0.0857042 0.0032 0.00882302 
v -0.085709 0.0032 0.00886608 
v -0.0857603 0.0032 0.00192395 
v -0.0857464 0.0032 0.00196496 
v -0.0857935 0.0032 0.00184393 
v -0.085776 0.0032 0.00188358 
v -0.0874253 0.0032 0.00159277 
v -0.0876262 0.0032 0.00192395 
v -0.0876105 0.0032 0.00188358 
v -0.087671 0.0032 0.00209111 
v -0.0876823 0.0032 0.00217698 
v -0.0876776 0.0032 0.00213392 
v -0.0876823 0.0032 0.00882302 
v -0.0876523 0.0032 0.00899345 
v -0.0875306 0.0032 0.00926993 
v -0.0875531 0.0032 0.0092329 
v -0.0873314 0.0032 0.00949703 
v -0.087364 0.0032 0.00946847 
v -0.0869082 0.0032 0.00970577 
v -0.0864363 0.0032 0.00969548 
v -0.0859613 0.0032 0.00940723 
v -0.085776 0.0032 0.00911642 
v -0.0857343 0.0032 0.00200655 
v -0.0874538 0.0032 0.00162534 
v -0.0876851 0.0032 0.0022202 
v -0.087671 0.0032 0.00890889 
v -0.0876776 0.0032 0.00886608 
v -0.0876626 0.0032 0.00895137 
v -0.0875739 0.0032 0.00919492 
v -0.0872977 0.0032 0.00952414 
v -0.0871897 0.0032 0.0095963 
v -0.0872267 0.0032 0.00957382 
v -0.0866933 0.0032 0.00972931 
v -0.0866067 0.0032 0.00972553 
v -0.08665 0.0032 0.00972836 
v -0.0859327 0.0032 0.00937466 
v -0.0857155 0.0032 0.00209111 
v -0.085709 0.0032 0.00213392 
v -0.085724 0.0032 0.00204863 
v -0.0875065 0.0032 0.00930595 
v -0.0874538 0.0032 0.00937466 
v -0.0874809 0.0032 0.00934088 
v -0.0873953 0.0032 0.00943852 
v -0.0874253 0.0032 0.00940723 
v -0.0872627 0.0032 0.00954976 
v -0.0867366 0.0032 0.00972836 
v -0.0857005 0.0032 0.00226351 
v -0.0857005 0.0032 0.00873649 
v -0.0875931 0.0032 0.00915607 
v -0.0876105 0.0032 0.00911642 
v -0.0857014 0.0032 0.0022202 
v -0.0857042 0.0032 0.00217698 
v -0.0857014 0.0032 0.0087798 
v -0.0819502 0.0032 0.00130452 
v -0.0819082 0.0032 0.00129423 
v -0.0816933 0.0032 0.00127069 
v -0.0818657 0.0032 0.00128578 
v -0.08165 0.0032 0.00127164 
v -0.0817798 0.0032 0.00127447 
v -0.0817366 0.0032 0.00127164 
v -0.0818229 0.0032 0.00127919 
v -0.0816067 0.0032 0.00127447 
v -0.0814784 0.0032 0.00129423 
v -0.0814363 0.0032 0.00130452 
v -0.0815637 0.0032 0.00127919 
v -0.0815209 0.0032 0.00128578 
v -0.0820328 0.0032 0.00133057 
v -0.0819918 0.0032 0.00131664 
v -0.0813537 0.0032 0.00133057 
v -0.0813133 0.0032 0.00134627 
v -0.0810225 0.0032 0.00153153 
v -0.0809912 0.0032 0.00156148 
v -0.0810889 0.0032 0.00147586 
v -0.0810551 0.0032 0.00150297 
v -0.0812737 0.0032 0.00136371 
v -0.0812348 0.0032 0.00138287 
v -0.0813947 0.0032 0.00131664 
v -0.0821129 0.0032 0.00136371 
v -0.0820732 0.0032 0.00134627 
v -0.0812737 0.0032 0.00963629 
v -0.0813133 0.0032 0.00965373 
v -0.0808559 0.0032 0.00173007 
v -0.0808335 0.0032 0.0017671 
v -0.0825739 0.0032 0.00180508 
v -0.0825531 0.0032 0.0017671 
v -0.0813537 0.0032 0.00966943 
v -0.0807005 0.0032 0.00226351 
v -0.0807005 0.0032 0.00873649 
v -0.08088 0.0032 0.00169405 
v -0.0811238 0.0032 0.00145024 
v -0.0821897 0.0032 0.0014037 
v -0.0821517 0.0032 0.00138287 
v -0.0822627 0.0032 0.00145024 
v -0.0822267 0.0032 0.00142618 
v -0.0823314 0.0032 0.00150297 
v -0.0822977 0.0032 0.00147586 
v -0.0825306 0.0032 0.00173007 
v -0.0820732 0.0032 0.00965373 
v -0.0821129 0.0032 0.00963629 
v -0.0819918 0.0032 0.00968336 
v -0.0820328 0.0032 0.00966943 
v -0.0817798 0.0032 0.00972553 
v -0.0818229 0.0032 0.00972081 
v -0.0813947 0.0032 0.00968336 
v -0.0811238 0.0032 0.00954976 
v -0.0811598 0.0032 0.00957382 
v -0.0808126 0.0032 0.00919492 
v -0.0808335 0.0032 0.0092329 
v -0.0807014 0.0032 0.0022202 
v -0.0807603 0.0032 0.00192395 
v -0.0807464 0.0032 0.00196496 
v -0.0808126 0.0032 0.00180508 
v -0.0809327 0.0032 0.00162534 
v -0.0809056 0.0032 0.00165912 
v -0.0809613 0.0032 0.00159277 
v -0.0811969 0.0032 0.0014037 
v -0.0811598 0.0032 0.00142618 
v -0.0823953 0.0032 0.00156148 
v -0.082364 0.0032 0.00153153 
v -0.0825065 0.0032 0.00169405 
v -0.0824809 0.0032 0.00165912 
v -0.0825931 0.0032 0.00184393 
v -0.0826523 0.0032 0.00200655 
v -0.0826401 0.0032 0.00196496 
v -0.0826861 0.0032 0.00873649 
v -0.0821517 0.0032 0.00961713 
v -0.0819502 0.0032 0.00969548 
v -0.0818657 0.0032 0.00971422 
v -0.0815209 0.0032 0.00971422 
v -0.0815637 0.0032 0.00972081 
v -0.0812348 0.0032 0.00961713 
v -0.0811969 0.0032 0.0095963 
v -0.0807935 0.0032 0.00915607 
v -0.0807343 0.0032 0.00899345 
v -0.0807464 0.0032 0.00903504 
v -0.0807343 0.0032 0.00200655 
v -0.0807935 0.0032 0.00184393 
v -0.080776 0.0032 0.00188358 
v -0.0824253 0.0032 0.00159277 
v -0.0826262 0.0032 0.00192395 
v -0.0826105 0.0032 0.00188358 
v -0.0826626 0.0032 0.00204863 
v -0.0826851 0.0032 0.0087798 
v -0.0825306 0.0032 0.00926993 
v -0.0825531 0.0032 0.0092329 
v -0.0823314 0.0032 0.00949703 
v -0.082364 0.0032 0.00946847 
v -0.0819082 0.0032 0.00970577 
v -0.0814784 0.0032 0.00970577 
v -0.0810551 0.0032 0.00949703 
v -0.0810889 0.0032 0.00952414 
v -0.0809912 0.0032 0.00943852 
v -0.0810225 0.0032 0.00946847 
v -0.08088 0.0032 0.00930595 
v -0.0809056 0.0032 0.00934088 
v -0.0808559 0.0032 0.00926993 
v -0.080724 0.0032 0.00895137 
v -0.0807014 0.0032 0.0087798 
v -0.0807155 0.0032 0.00209111 
v -0.080709 0.0032 0.00213392 
v -0.080724 0.0032 0.00204863 
v -0.0824538 0.0032 0.00162534 
v -0.082671 0.0032 0.00209111 
v -0.0826823 0.0032 0.00217698 
v -0.0826776 0.0032 0.00213392 
v -0.0826861 0.0032 0.00226351 
v -0.0826262 0.0032 0.00907605 
v -0.0826401 0.0032 0.00903504 
v -0.0825739 0.0032 0.00919492 
v -0.0822977 0.0032 0.00952414 
v -0.0821897 0.0032 0.0095963 
v -0.0822267 0.0032 0.00957382 
v -0.08165 0.0032 0.00972836 
v -0.0816933 0.0032 0.00972931 
v -0.0814363 0.0032 0.00969548 
v -0.0809613 0.0032 0.00940723 
v -0.0807603 0.0032 0.00907605 
v -0.080776 0.0032 0.00911642 
v -0.0807155 0.0032 0.00890889 
v -0.0807042 0.0032 0.00882302 
v -0.080709 0.0032 0.00886608 
v -0.0807042 0.0032 0.00217698 
v -0.0826851 0.0032 0.0022202 
v -0.0826523 0.0032 0.00899345 
v -0.0825065 0.0032 0.00930595 
v -0.0824538 0.0032 0.00937466 
v -0.0824809 0.0032 0.00934088 
v -0.0823953 0.0032 0.00943852 
v -0.0824253 0.0032 0.00940723 
v -0.0822627 0.0032 0.00954976 
v -0.0817366 0.0032 0.00972836 
v -0.0816067 0.0032 0.00972553 
v -0.0809327 0.0032 0.00937466 
v -0.082671 0.0032 0.00890889 
v -0.0826776 0.0032 0.00886608 
v -0.0826626 0.0032 0.00895137 
v -0.0825931 0.0032 0.00915607 
v -0.0826105 0.0032 0.00911642 
v -0.0826823 0.0032 0.00882302 
v -0.0769502 0.0032 0.00130452 
v -0.0769082 0.0032 0.00129423 
v -0.0767366 0.0032 0.00127164 
v -0.0766933 0.0032 0.00127069 
v -0.0768657 0.0032 0.00128578 
v -0.07665 0.0032 0.00127164 
v -0.0767798 0.0032 0.00127447 
v -0.0768229 0.0032 0.00127919 
v -0.0766067 0.0032 0.00127447 
v -0.0764784 0.0032 0.00129423 
v -0.0764363 0.0032 0.00130452 
v -0.0765637 0.0032 0.00127919 
v -0.0765209 0.0032 0.00128578 
v -0.0770328 0.0032 0.00133057 
v -0.0769918 0.0032 0.00131664 
v -0.0763537 0.0032 0.00133057 
v -0.0763133 0.0032 0.00134627 
v -0.0762737 0.0032 0.00963629 
v -0.0763133 0.0032 0.00965373 
v -0.0760225 0.0032 0.00153153 
v -0.0759912 0.0032 0.00156148 
v -0.0760889 0.0032 0.00147586 
v -0.0760551 0.0032 0.00150297 
v -0.0762737 0.0032 0.00136371 
v -0.0762348 0.0032 0.00138287 
v -0.0763947 0.0032 0.00131664 
v -0.0771129 0.0032 0.00136371 
v -0.0770732 0.0032 0.00134627 
v -0.0763537 0.0032 0.00966943 
v -0.0758559 0.0032 0.00173007 
v -0.0758335 0.0032 0.0017671 
v -0.0775739 0.0032 0.00180508 
v -0.0775531 0.0032 0.0017671 
v -0.0776861 0.0032 0.00873649 
v -0.0763947 0.0032 0.00968336 
v -0.0761238 0.0032 0.00954976 
v -0.0761598 0.0032 0.00957382 
v -0.0758126 0.0032 0.00919492 
v -0.0758335 0.0032 0.0092329 
v -0.07588 0.0032 0.00169405 
v -0.0761238 0.0032 0.00145024 
v -0.0771897 0.0032 0.0014037 
v -0.0771517 0.0032 0.00138287 
v -0.0772627 0.0032 0.00145024 
v -0.0772267 0.0032 0.00142618 
v -0.0773314 0.0032 0.00150297 
v -0.0772977 0.0032 0.00147586 
v -0.0775306 0.0032 0.00173007 
v -0.0776523 0.0032 0.00200655 
v -0.0776401 0.0032 0.00196496 
v -0.0776861 0.0032 0.00226351 
v -0.0770732 0.0032 0.00965373 
v -0.0771129 0.0032 0.00963629 
v -0.0769918 0.0032 0.00968336 
v -0.0770328 0.0032 0.00966943 
v -0.0767798 0.0032 0.00972553 
v -0.0768229 0.0032 0.00972081 
v -0.0765209 0.0032 0.00971422 
v -0.0765637 0.0032 0.00972081 
v -0.0762348 0.0032 0.00961713 
v -0.0761969 0.0032 0.0095963 
v -0.0757935 0.0032 0.00915607 
v -0.0758126 0.0032 0.00180508 
v -0.0759327 0.0032 0.00162534 
v -0.0759056 0.0032 0.00165912 
v -0.0759613 0.0032 0.00159277 
v -0.0761969 0.0032 0.0014037 
v -0.0761598 0.0032 0.00142618 
v -0.0773953 0.0032 0.00156148 
v -0.077364 0.0032 0.00153153 
v -0.0775065 0.0032 0.00169405 
v -0.0774809 0.0032 0.00165912 
v -0.0775931 0.0032 0.00184393 
v -0.0776626 0.0032 0.00204863 
v -0.0776851 0.0032 0.0087798 
v -0.0776262 0.0032 0.00907605 
v -0.0776401 0.0032 0.00903504 
v -0.0771517 0.0032 0.00961713 
v -0.0769502 0.0032 0.00969548 
v -0.0768657 0.0032 0.00971422 
v -0.0764784 0.0032 0.00970577 
v -0.0760551 0.0032 0.00949703 
v -0.0760889 0.0032 0.00952414 
v -0.0759912 0.0032 0.00943852 
v -0.0760225 0.0032 0.00946847 
v -0.07588 0.0032 0.00930595 
v -0.0759056 0.0032 0.00934088 
v -0.0758559 0.0032 0.00926993 
v -0.0757343 0.0032 0.00899345 
v -0.0757464 0.0032 0.00903504 
v -0.0757603 0.0032 0.00192395 
v -0.0757464 0.0032 0.00196496 
v -0.0757935 0.0032 0.00184393 
v -0.075776 0.0032 0.00188358 
v -0.0774253 0.0032 0.00159277 
v -0.0776262 0.0032 0.00192395 
v -0.0776105 0.0032 0.00188358 
v -0.077671 0.0032 0.00209111 
v -0.0776823 0.0032 0.00217698 
v -0.0776776 0.0032 0.00213392 
v -0.0776851 0.0032 0.0022202 
v -0.0776523 0.0032 0.00899345 
v -0.0775306 0.0032 0.00926993 
v -0.0775531 0.0032 0.0092329 
v -0.0773314 0.0032 0.00949703 
v -0.077364 0.0032 0.00946847 
v -0.0769082 0.0032 0.00970577 
v -0.0764363 0.0032 0.00969548 
v -0.0759613 0.0032 0.00940723 
v -0.0757603 0.0032 0.00907605 
v -0.075776 0.0032 0.00911642 
v -0.075724 0.0032 0.00895137 
v -0.0757343 0.0032 0.00200655 
v -0.0774538 0.0032 0.00162534 
v -0.0776823 0.0032 0.00882302 
v -0.077671 0.0032 0.00890889 
v -0.0776776 0.0032 0.00886608 
v -0.0776626 0.0032 0.00895137 
v -0.0775739 0.0032 0.00919492 
v -0.0772977 0.0032 0.00952414 
v -0.0771897 0.0032 0.0095963 
v -0.0772267 0.0032 0.00957382 
v -0.0766933 0.0032 0.00972931 
v -0.0766067 0.0032 0.00972553 
v -0.07665 0.0032 0.00972836 
v -0.0759327 0.0032 0.00937466 
v -0.0757155 0.0032 0.00890889 
v -0.0757042 0.0032 0.00882302 
v -0.075709 0.0032 0.00886608 
v -0.0757155 0.0032 0.00209111 
v -0.075709 0.0032 0.00213392 
v -0.075724 0.0032 0.00204863 
v -0.0775065 0.0032 0.00930595 
v -0.0774538 0.0032 0.00937466 
v -0.0774809 0.0032 0.00934088 
v -0.0773953 0.0032 0.00943852 
v -0.0774253 0.0032 0.00940723 
v -0.0772627 0.0032 0.00954976 
v -0.0767366 0.0032 0.00972836 
v -0.0757005 0.0032 0.00226351 
v -0.0757005 0.0032 0.00873649 
v -0.0775931 0.0032 0.00915607 
v -0.0776105 0.0032 0.00911642 
v -0.0757014 0.0032 0.0087798 
v -0.0757014 0.0032 0.0022202 
v -0.0757042 0.0032 0.00217698 
v -0.0719502 0.0032 0.00130452 
v -0.0719082 0.0032 0.00129423 
v -0.0718657 0.0032 0.00128578 
v -0.0716067 0.0032 0.00127447 
v -0.0715637 0.0032 0.00127919 
v -0.0716933 0.0032 0.00127069 
v -0.07165 0.0032 0.00127164 
v -0.0717798 0.0032 0.00127447 
v -0.0717366 0.0032 0.00127164 
v -0.0718229 0.0032 0.00127919 
v -0.0714784 0.0032 0.00129423 
v -0.0714363 0.0032 0.00130452 
v -0.0715209 0.0032 0.00128578 
v -0.0720328 0.0032 0.00133057 
v -0.0719918 0.0032 0.00131664 
v -0.0707603 0.0032 0.00192395 
v -0.0707464 0.0032 0.00196496 
v -0.0713537 0.0032 0.00133057 
v -0.0713133 0.0032 0.00134627 
v -0.0711238 0.0032 0.00954976 
v -0.0711598 0.0032 0.00957382 
v -0.070724 0.0032 0.00895137 
v -0.0707343 0.0032 0.00899345 
v -0.0710225 0.0032 0.00153153 
v -0.0709912 0.0032 0.00156148 
v -0.0710889 0.0032 0.00147586 
v -0.0710551 0.0032 0.00150297 
v -0.0712737 0.0032 0.00136371 
v -0.0712348 0.0032 0.00138287 
v -0.0713947 0.0032 0.00131664 
v -0.0721129 0.0032 0.00136371 
v -0.0720732 0.0032 0.00134627 
v -0.0712737 0.0032 0.00963629 
v -0.0713133 0.0032 0.00965373 
v -0.0712348 0.0032 0.00961713 
v -0.0711969 0.0032 0.0095963 
v -0.0707464 0.0032 0.00903504 
v -0.0707603 0.0032 0.00907605 
v -0.0707155 0.0032 0.00890889 
v -0.0708559 0.0032 0.00173007 
v -0.0708335 0.0032 0.0017671 
v -0.0725739 0.0032 0.00180508 
v -0.0725531 0.0032 0.0017671 
v -0.0720732 0.0032 0.00965373 
v -0.0721129 0.0032 0.00963629 
v -0.0719918 0.0032 0.00968336 
v -0.0720328 0.0032 0.00966943 
v -0.0717798 0.0032 0.00972553 
v -0.0718229 0.0032 0.00972081 
v -0.0713537 0.0032 0.00966943 
v -0.0710551 0.0032 0.00949703 
v -0.0710889 0.0032 0.00952414 
v -0.0708126 0.0032 0.00919492 
v -0.0708335 0.0032 0.0092329 
v -0.0707042 0.0032 0.00882302 
v -0.070709 0.0032 0.00886608 
v -0.07088 0.0032 0.00169405 
v -0.0711238 0.0032 0.00145024 
v -0.0721897 0.0032 0.0014037 
v -0.0721517 0.0032 0.00138287 
v -0.0722627 0.0032 0.00145024 
v -0.0722267 0.0032 0.00142618 
v -0.0723314 0.0032 0.00150297 
v -0.0722977 0.0032 0.00147586 
v -0.0725306 0.0032 0.00173007 
v -0.0721517 0.0032 0.00961713 
v -0.0719502 0.0032 0.00969548 
v -0.0718657 0.0032 0.00971422 
v -0.0715209 0.0032 0.00971422 
v -0.0715637 0.0032 0.00972081 
v -0.0714363 0.0032 0.00969548 
v -0.0714784 0.0032 0.00970577 
v -0.0713947 0.0032 0.00968336 
v -0.0709912 0.0032 0.00943852 
v -0.0710225 0.0032 0.00946847 
v -0.07088 0.0032 0.00930595 
v -0.0709056 0.0032 0.00934088 
v -0.0708559 0.0032 0.00926993 
v -0.070776 0.0032 0.00911642 
v -0.0707935 0.0032 0.00915607 
v -0.0708126 0.0032 0.00180508 
v -0.0709327 0.0032 0.00162534 
v -0.0709056 0.0032 0.00165912 
v -0.0709613 0.0032 0.00159277 
v -0.0711969 0.0032 0.0014037 
v -0.0711598 0.0032 0.00142618 
v -0.0723953 0.0032 0.00156148 
v -0.072364 0.0032 0.00153153 
v -0.0725065 0.0032 0.00169405 
v -0.0724809 0.0032 0.00165912 
v -0.0725931 0.0032 0.00184393 
v -0.0726523 0.0032 0.00200655 
v -0.0726401 0.0032 0.00196496 
v -0.0726861 0.0032 0.00873649 
v -0.0725306 0.0032 0.00926993 
v -0.0725531 0.0032 0.0092329 
v -0.0723314 0.0032 0.00949703 
v -0.072364 0.0032 0.00946847 
v -0.0719082 0.0032 0.00970577 
v -0.0709613 0.0032 0.00940723 
v -0.0707014 0.0032 0.0022202 
v -0.0707005 0.0032 0.00226351 
v -0.0707343 0.0032 0.00200655 
v -0.0707935 0.0032 0.00184393 
v -0.070776 0.0032 0.00188358 
v -0.0724253 0.0032 0.00159277 
v -0.0726262 0.0032 0.00192395 
v -0.0726105 0.0032 0.00188358 
v -0.0726626 0.0032 0.00204863 
v -0.0726851 0.0032 0.0087798 
v -0.0726262 0.0032 0.00907605 
v -0.0726401 0.0032 0.00903504 
v -0.0725739 0.0032 0.00919492 
v -0.0722977 0.0032 0.00952414 
v -0.0721897 0.0032 0.0095963 
v -0.0722267 0.0032 0.00957382 
v -0.0716067 0.0032 0.00972553 
v -0.07165 0.0032 0.00972836 
v -0.0709327 0.0032 0.00937466 
v -0.0707005 0.0032 0.00873649 
v -0.0707014 0.0032 0.0087798 
v -0.0707042 0.0032 0.00217698 
v -0.0707155 0.0032 0.00209111 
v -0.070709 0.0032 0.00213392 
v -0.070724 0.0032 0.00204863 
v -0.0724538 0.0032 0.00162534 
v -0.072671 0.0032 0.00209111 
v -0.0726823 0.0032 0.00217698 
v -0.0726776 0.0032 0.00213392 
v -0.0726861 0.0032 0.00226351 
v -0.0726523 0.0032 0.00899345 
v -0.0725065 0.0032 0.00930595 
v -0.0724538 0.0032 0.00937466 
v -0.0724809 0.0032 0.00934088 
v -0.0723953 0.0032 0.00943852 
v -0.0724253 0.0032 0.00940723 
v -0.0722627 0.0032 0.00954976 
v -0.0716933 0.0032 0.00972931 
v -0.0717366 0.0032 0.00972836 
v -0.0726851 0.0032 0.0022202 
v -0.072671 0.0032 0.00890889 
v -0.0726776 0.0032 0.00886608 
v -0.0726626 0.0032 0.00895137 
v -0.0725931 0.0032 0.00915607 
v -0.0726105 0.0032 0.00911642 
v -0.0726823 0.0032 0.00882302 
v -0.11195 0.0032 0.00130452 
v -0.111908 0.0032 0.00129423 
v -0.11178 0.0032 0.00127447 
v -0.111737 0.0032 0.00127164 
v -0.111866 0.0032 0.00128578 
v -0.111693 0.0032 0.00127069 
v -0.11165 0.0032 0.00127164 
v -0.111823 0.0032 0.00127919 
v -0.111607 0.0032 0.00127447 
v -0.111478 0.0032 0.00129423 
v -0.111436 0.0032 0.00130452 
v -0.111564 0.0032 0.00127919 
v -0.111521 0.0032 0.00128578 
v -0.112033 0.0032 0.00133057 
v -0.111992 0.0032 0.00131664 
v -0.111354 0.0032 0.00133057 
v -0.111313 0.0032 0.00134627 
v -0.111274 0.0032 0.00963629 
v -0.111313 0.0032 0.00965373 
v -0.111023 0.0032 0.00153153 
v -0.110991 0.0032 0.00156148 
v -0.111089 0.0032 0.00147586 
v -0.111055 0.0032 0.00150297 
v -0.111274 0.0032 0.00136371 
v -0.111235 0.0032 0.00138287 
v -0.111395 0.0032 0.00131664 
v -0.112113 0.0032 0.00136371 
v -0.112073 0.0032 0.00134627 
v -0.111354 0.0032 0.00966943 
v -0.110813 0.0032 0.00919492 
v -0.110833 0.0032 0.0092329 
v -0.110856 0.0032 0.00173007 
v -0.110833 0.0032 0.0017671 
v -0.112574 0.0032 0.00180508 
v -0.112553 0.0032 0.0017671 
v -0.112073 0.0032 0.00965373 
v -0.112113 0.0032 0.00963629 
v -0.111992 0.0032 0.00968336 
v -0.112033 0.0032 0.00966943 
v -0.11195 0.0032 0.00969548 
v -0.11178 0.0032 0.00972553 
v -0.111823 0.0032 0.00972081 
v -0.111395 0.0032 0.00968336 
v -0.111124 0.0032 0.00954976 
v -0.11116 0.0032 0.00957382 
v -0.110793 0.0032 0.00915607 
v -0.110724 0.0032 0.00895137 
v -0.110734 0.0032 0.00899345 
v -0.11088 0.0032 0.00169405 
v -0.111124 0.0032 0.00145024 
v -0.11219 0.0032 0.0014037 
v -0.112152 0.0032 0.00138287 
v -0.112263 0.0032 0.00145024 
v -0.112227 0.0032 0.00142618 
v -0.112331 0.0032 0.00150297 
v -0.112298 0.0032 0.00147586 
v -0.112531 0.0032 0.00173007 
v -0.112652 0.0032 0.00200655 
v -0.11264 0.0032 0.00196496 
v -0.112152 0.0032 0.00961713 
v -0.111866 0.0032 0.00971422 
v -0.111521 0.0032 0.00971422 
v -0.111564 0.0032 0.00972081 
v -0.111235 0.0032 0.00961713 
v -0.111197 0.0032 0.0095963 
v -0.111023 0.0032 0.00946847 
v -0.111055 0.0032 0.00949703 
v -0.11088 0.0032 0.00930595 
v -0.110906 0.0032 0.00934088 
v -0.110856 0.0032 0.00926993 
v -0.110746 0.0032 0.00903504 
v -0.11076 0.0032 0.00907605 
v -0.110716 0.0032 0.00890889 
v -0.110813 0.0032 0.00180508 
v -0.110933 0.0032 0.00162534 
v -0.110906 0.0032 0.00165912 
v -0.110961 0.0032 0.00159277 
v -0.111197 0.0032 0.0014037 
v -0.11116 0.0032 0.00142618 
v -0.112395 0.0032 0.00156148 
v -0.112364 0.0032 0.00153153 
v -0.112507 0.0032 0.00169405 
v -0.112481 0.0032 0.00165912 
v -0.112593 0.0032 0.00184393 
v -0.112686 0.0032 0.00873649 
v -0.112531 0.0032 0.00926993 
v -0.112553 0.0032 0.0092329 
v -0.111908 0.0032 0.00970577 
v -0.111478 0.0032 0.00970577 
v -0.111089 0.0032 0.00952414 
v -0.110991 0.0032 0.00943852 
v -0.110704 0.0032 0.00882302 
v -0.110709 0.0032 0.00886608 
v -0.11076 0.0032 0.00192395 
v -0.110746 0.0032 0.00196496 
v -0.110793 0.0032 0.00184393 
v -0.110776 0.0032 0.00188358 
v -0.112425 0.0032 0.00159277 
v -0.112626 0.0032 0.00192395 
v -0.112611 0.0032 0.00188358 
v -0.112663 0.0032 0.00204863 
v -0.112685 0.0032 0.0087798 
v -0.112626 0.0032 0.00907605 
v -0.11264 0.0032 0.00903504 
v -0.112574 0.0032 0.00919492 
v -0.112331 0.0032 0.00949703 
v -0.112364 0.0032 0.00946847 
v -0.112263 0.0032 0.00954976 
v -0.112298 0.0032 0.00952414 
v -0.11219 0.0032 0.0095963 
v -0.112227 0.0032 0.00957382 
v -0.111436 0.0032 0.00969548 
v -0.110961 0.0032 0.00940723 
v -0.110776 0.0032 0.00911642 
v -0.110734 0.0032 0.00200655 
v -0.112454 0.0032 0.00162534 
v -0.112671 0.0032 0.00209111 
v -0.112682 0.0032 0.00217698 
v -0.112678 0.0032 0.00213392 
v -0.112686 0.0032 0.00226351 
v -0.112652 0.0032 0.00899345 
v -0.112507 0.0032 0.00930595 
v -0.112454 0.0032 0.00937466 
v -0.112481 0.0032 0.00934088 
v -0.112395 0.0032 0.00943852 
v -0.112425 0.0032 0.00940723 
v -0.111693 0.0032 0.00972931 
v -0.111737 0.0032 0.00972836 
v -0.111607 0.0032 0.00972553 
v -0.11165 0.0032 0.00972836 
v -0.110933 0.0032 0.00937466 
v -0.110716 0.0032 0.00209111 
v -0.110709 0.0032 0.00213392 
v -0.110724 0.0032 0.00204863 
v -0.112685 0.0032 0.0022202 
v -0.112671 0.0032 0.00890889 
v -0.112678 0.0032 0.00886608 
v -0.112663 0.0032 0.00895137 
v -0.112593 0.0032 0.00915607 
v -0.112611 0.0032 0.00911642 
v -0.1107 0.0032 0.00226351 
v -0.1107 0.0032 0.00873649 
v -0.110701 0.0032 0.0022202 
v -0.110704 0.0032 0.00217698 
v -0.112682 0.0032 0.00882302 
v -0.110701 0.0032 0.0087798 
v -0.109193 0.0032 0.000635346 
v -0.104193 0.0032 0.000635346 
v -0.0991933 0.0032 0.000635346 
v -0.0941933 0.0032 0.000635346 
v -0.0891933 0.0032 0.000635346 
v -0.0841933 0.0032 0.000635346 
v -0.0791933 0.0032 0.000635346 
v -0.0741933 0.0032 0.000635346 
v -0.0707005 0.0022 0.00873649 
v -0.0707014 0.0022 0.0087798 
v -0.0707042 0.0022 0.00882302 
v -0.070709 0.0022 0.00886608 
v -0.0707155 0.0022 0.00890889 
v -0.070724 0.0022 0.00895137 
v -0.0707343 0.0022 0.00899345 
v -0.0707464 0.0022 0.00903504 
v -0.0707603 0.0022 0.00907605 
v -0.070776 0.0022 0.00911642 
v -0.0707935 0.0022 0.00915607 
v -0.0708126 0.0022 0.00919492 
v -0.0708335 0.0022 0.0092329 
v -0.0708559 0.0022 0.00926993 
v -0.07088 0.0022 0.00930595 
v -0.0709056 0.0022 0.00934088 
v -0.0709327 0.0022 0.00937466 
v -0.0709613 0.0022 0.00940723 
v -0.0709912 0.0022 0.00943852 
v -0.0710225 0.0022 0.00946847 
v -0.0710551 0.0022 0.00949703 
v -0.0710889 0.0022 0.00952414 
v -0.0711238 0.0022 0.00954976 
v -0.0711598 0.0022 0.00957382 
v -0.0711969 0.0022 0.0095963 
v -0.0712348 0.0022 0.00961713 
v -0.0712737 0.0022 0.00963629 
v -0.0713133 0.0022 0.00965373 
v -0.0713537 0.0022 0.00966943 
v -0.0713947 0.0022 0.00968336 
v -0.0714363 0.0022 0.00969548 
v -0.0714784 0.0022 0.00970577 
v -0.0715209 0.0022 0.00971422 
v -0.0715637 0.0022 0.00972081 
v -0.0716067 0.0022 0.00972553 
v -0.07165 0.0022 0.00972836 
v -0.0716933 0.0022 0.00972931 
v -0.0717366 0.0022 0.00972836 
v -0.0717798 0.0022 0.00972553 
v -0.0718229 0.0022 0.00972081 
v -0.0718657 0.0022 0.00971422 
v -0.0719082 0.0022 0.00970577 
v -0.0719502 0.0022 0.00969548 
v -0.0719918 0.0022 0.00968336 
v -0.0720328 0.0022 0.00966943 
v -0.0720732 0.0022 0.00965373 
v -0.0721129 0.0022 0.00963629 
v -0.0721517 0.0022 0.00961713 
v -0.0721897 0.0022 0.0095963 
v -0.0722267 0.0022 0.00957382 
v -0.0722627 0.0022 0.00954976 
v -0.0722977 0.0022 0.00952414 
v -0.0723314 0.0022 0.00949703 
v -0.072364 0.0022 0.00946847 
v -0.0723953 0.0022 0.00943852 
v -0.0724253 0.0022 0.00940723 
v -0.0724538 0.0022 0.00937466 
v -0.0724809 0.0022 0.00934088 
v -0.0725065 0.0022 0.00930595 
v -0.0725306 0.0022 0.00926993 
v -0.0725531 0.0022 0.0092329 
v -0.0725739 0.0022 0.00919492 
v -0.0725931 0.0022 0.00915607 
v -0.0726105 0.0022 0.00911642 
v -0.0726262 0.0022 0.00907605 
v -0.0726401 0.0022 0.00903504 
v -0.0726523 0.0022 0.00899345 
v -0.0726626 0.0022 0.00895137 
v -0.072671 0.0022 0.00890889 
v -0.0726776 0.0022 0.00886608 
v -0.0726823 0.0022 0.00882302 
v -0.0726851 0.0022 0.0087798 
v -0.0726861 0.0022 0.00873649 
v -0.0726861 0.0022 0.00226351 
v -0.0726851 0.0022 0.0022202 
v -0.0726823 0.0022 0.00217698 
v -0.0726776 0.0022 0.00213392 
v -0.072671 0.0022 0.00209111 
v -0.0726626 0.0022 0.00204863 
v -0.0726523 0.0022 0.00200655 
v -0.0726401 0.0022 0.00196496 
v -0.0726262 0.0022 0.00192395 
v -0.0726105 0.0022 0.00188358 
v -0.0725931 0.0022 0.00184393 
v -0.0725739 0.0022 0.00180508 
v -0.0725531 0.0022 0.0017671 
v -0.0725306 0.0022 0.00173007 
v -0.0725065 0.0022 0.00169405 
v -0.0724809 0.0022 0.00165912 
v -0.0724538 0.0022 0.00162534 
v -0.0724253 0.0022 0.00159277 
v -0.0723953 0.0022 0.00156148 
v -0.072364 0.0022 0.00153153 
v -0.0723314 0.0022 0.00150297 
v -0.0722977 0.0022 0.00147586 
v -0.0722627 0.0022 0.00145024 
v -0.0722267 0.0022 0.00142618 
v -0.0721897 0.0022 0.0014037 
v -0.0721517 0.0022 0.00138287 
v -0.0721129 0.0022 0.00136371 
v -0.0720732 0.0022 0.00134627 
v -0.0720328 0.0022 0.00133057 
v -0.0719918 0.0022 0.00131664 
v -0.0719502 0.0022 0.00130452 
v -0.0719082 0.0022 0.00129423 
v -0.0718657 0.0022 0.00128578 
v -0.0718229 0.0022 0.00127919 
v -0.0717798 0.0022 0.00127447 
v -0.0717366 0.0022 0.00127164 
v -0.0716933 0.0022 0.00127069 
v -0.07165 0.0022 0.00127164 
v -0.0716067 0.0022 0.00127447 
v -0.0715637 0.0022 0.00127919 
v -0.0715209 0.0022 0.00128578 
v -0.0714784 0.0022 0.00129423 
v -0.0714363 0.0022 0.00130452 
v -0.0713947 0.0022 0.00131664 
v -0.0713537 0.0022 0.00133057 
v -0.0713133 0.0022 0.00134627 
v -0.0712737 0.0022 0.00136371 
v -0.0712348 0.0022 0.00138287 
v -0.0711969 0.0022 0.0014037 
v -0.0711598 0.0022 0.00142618 
v -0.0711238 0.0022 0.00145024 
v -0.0710889 0.0022 0.00147586 
v -0.0710551 0.0022 0.00150297 
v -0.0710225 0.0022 0.00153153 
v -0.0709912 0.0022 0.00156148 
v -0.0709613 0.0022 0.00159277 
v -0.0709327 0.0022 0.00162534 
v -0.0709056 0.0022 0.00165912 
v -0.07088 0.0022 0.00169405 
v -0.0708559 0.0022 0.00173007 
v -0.0708335 0.0022 0.0017671 
v -0.0708126 0.0022 0.00180508 
v -0.0707935 0.0022 0.00184393 
v -0.070776 0.0022 0.00188358 
v -0.0707603 0.0022 0.00192395 
v -0.0707464 0.0022 0.00196496 
v -0.0707343 0.0022 0.00200655 
v -0.070724 0.0022 0.00204863 
v -0.0707155 0.0022 0.00209111 
v -0.070709 0.0022 0.00213392 
v -0.0707042 0.0022 0.00217698 
v -0.0707014 0.0022 0.0022202 
v -0.0707005 0.0022 0.00226351 
v -0.0757005 0.0022 0.00873649 
v -0.0757014 0.0022 0.0087798 
v -0.0757042 0.0022 0.00882302 
v -0.075709 0.0022 0.00886608 
v -0.0757155 0.0022 0.00890889 
v -0.075724 0.0022 0.00895137 
v -0.0757343 0.0022 0.00899345 
v -0.0757464 0.0022 0.00903504 
v -0.0757603 0.0022 0.00907605 
v -0.075776 0.0022 0.00911642 
v -0.0757935 0.0022 0.00915607 
v -0.0758126 0.0022 0.00919492 
v -0.0758335 0.0022 0.0092329 
v -0.0758559 0.0022 0.00926993 
v -0.07588 0.0022 0.00930595 
v -0.0759056 0.0022 0.00934088 
v -0.0759327 0.0022 0.00937466 
v -0.0759613 0.0022 0.00940723 
v -0.0759912 0.0022 0.00943852 
v -0.0760225 0.0022 0.00946847 
v -0.0760551 0.0022 0.00949703 
v -0.0760889 0.0022 0.00952414 
v -0.0761238 0.0022 0.00954976 
v -0.0761598 0.0022 0.00957382 
v -0.0761969 0.0022 0.0095963 
v -0.0762348 0.0022 0.00961713 
v -0.0762737 0.0022 0.00963629 
v -0.0763133 0.0022 0.00965373 
v -0.0763537 0.0022 0.00966943 
v -0.0763947 0.0022 0.00968336 
v -0.0764363 0.0022 0.00969548 
v -0.0764784 0.0022 0.00970577 
v -0.0765209 0.0022 0.00971422 
v -0.0765637 0.0022 0.00972081 
v -0.0766067 0.0022 0.00972553 
v -0.07665 0.0022 0.00972836 
v -0.0766933 0.0022 0.00972931 
v -0.0767366 0.0022 0.00972836 
v -0.0767798 0.0022 0.00972553 
v -0.0768229 0.0022 0.00972081 
v -0.0768657 0.0022 0.00971422 
v -0.0769082 0.0022 0.00970577 
v -0.0769502 0.0022 0.00969548 
v -0.0769918 0.0022 0.00968336 
v -0.0770328 0.0022 0.00966943 
v -0.0770732 0.0022 0.00965373 
v -0.0771129 0.0022 0.00963629 
v -0.0771517 0.0022 0.00961713 
v -0.0771897 0.0022 0.0095963 
v -0.0772267 0.0022 0.00957382 
v -0.0772627 0.0022 0.00954976 
v -0.0772977 0.0022 0.00952414 
v -0.0773314 0.0022 0.00949703 
v -0.077364 0.0022 0.00946847 
v -0.0773953 0.0022 0.00943852 
v -0.0774253 0.0022 0.00940723 
v -0.0774538 0.0022 0.00937466 
v -0.0774809 0.0022 0.00934088 
v -0.0775065 0.0022 0.00930595 
v -0.0775306 0.0022 0.00926993 
v -0.0775531 0.0022 0.0092329 
v -0.0775739 0.0022 0.00919492 
v -0.0775931 0.0022 0.00915607 
v -0.0776105 0.0022 0.00911642 
v -0.0776262 0.0022 0.00907605 
v -0.0776401 0.0022 0.00903504 
v -0.0776523 0.0022 0.00899345 
v -0.0776626 0.0022 0.00895137 
v -0.077671 0.0022 0.00890889 
v -0.0776776 0.0022 0.00886608 
v -0.0776823 0.0022 0.00882302 
v -0.0776851 0.0022 0.0087798 
v -0.0776861 0.0022 0.00873649 
v -0.0776861 0.0022 0.00226351 
v -0.0776851 0.0022 0.0022202 
v -0.0776823 0.0022 0.00217698 
v -0.0776776 0.0022 0.00213392 
v -0.077671 0.0022 0.00209111 
v -0.0776626 0.0022 0.00204863 
v -0.0776523 0.0022 0.00200655 
v -0.0776401 0.0022 0.00196496 
v -0.0776262 0.0022 0.00192395 
v -0.0776105 0.0022 0.00188358 
v -0.0775931 0.0022 0.00184393 
v -0.0775739 0.0022 0.00180508 
v -0.0775531 0.0022 0.0017671 
v -0.0775306 0.0022 0.00173007 
v -0.0775065 0.0022 0.00169405 
v -0.0774809 0.0022 0.00165912 
v -0.0774538 0.0022 0.00162534 
v -0.0774253 0.0022 0.00159277 
v -0.0773953 0.0022 0.00156148 
v -0.077364 0.0022 0.00153153 
v -0.0773314 0.0022 0.00150297 
v -0.0772977 0.0022 0.00147586 
v -0.0772627 0.0022 0.00145024 
v -0.0772267 0.0022 0.00142618 
v -0.0771897 0.0022 0.0014037 
v -0.0771517 0.0022 0.00138287 
v -0.0771129 0.0022 0.00136371 
v -0.0770732 0.0022 0.00134627 
v -0.0770328 0.0022 0.00133057 
v -0.0769918 0.0022 0.00131664 
v -0.0769502 0.0022 0.00130452 
v -0.0769082 0.0022 0.00129423 
v -0.0768657 0.0022 0.00128578 
v -0.0768229 0.0022 0.00127919 
v -0.0767798 0.0022 0.00127447 
v -0.0767366 0.0022 0.00127164 
v -0.0766933 0.0022 0.00127069 
v -0.07665 0.0022 0.00127164 
v -0.0766067 0.0022 0.00127447 
v -0.0765637 0.0022 0.00127919 
v -0.0765209 0.0022 0.00128578 
v -0.0764784 0.0022 0.00129423 
v -0.0764363 0.0022 0.00130452 
v -0.0763947 0.0022 0.00131664 
v -0.0763537 0.0022 0.00133057 
v -0.0763133 0.0022 0.00134627 
v -0.0762737 0.0022 0.00136371 
v -0.0762348 0.0022 0.00138287 
v -0.0761969 0.0022 0.0014037 
v -0.0761598 0.0022 0.00142618 
v -0.0761238 0.0022 0.00145024 
v -0.0760889 0.0022 0.00147586 
v -0.0760551 0.0022 0.00150297 
v -0.0760225 0.0022 0.00153153 
v -0.0759912 0.0022 0.00156148 
v -0.0759613 0.0022 0.00159277 
v -0.0759327 0.0022 0.00162534 
v -0.0759056 0.0022 0.00165912 
v -0.07588 0.0022 0.00169405 
v -0.0758559 0.0022 0.00173007 
v -0.0758335 0.0022 0.0017671 
v -0.0758126 0.0022 0.00180508 
v -0.0757935 0.0022 0.00184393 
v -0.075776 0.0022 0.00188358 
v -0.0757603 0.0022 0.00192395 
v -0.0757464 0.0022 0.00196496 
v -0.0757343 0.0022 0.00200655 
v -0.075724 0.0022 0.00204863 
v -0.0757155 0.0022 0.00209111 
v -0.075709 0.0022 0.00213392 
v -0.0757042 0.0022 0.00217698 
v -0.0757014 0.0022 0.0022202 
v -0.0757005 0.0022 0.00226351 
v -0.0807005 0.0022 0.00873649 
v -0.0807014 0.0022 0.0087798 
v -0.0807042 0.0022 0.00882302 
v -0.080709 0.0022 0.00886608 
v -0.0807155 0.0022 0.00890889 
v -0.080724 0.0022 0.00895137 
v -0.0807343 0.0022 0.00899345 
v -0.0807464 0.0022 0.00903504 
v -0.0807603 0.0022 0.00907605 
v -0.080776 0.0022 0.00911642 
v -0.0807935 0.0022 0.00915607 
v -0.0808126 0.0022 0.00919492 
v -0.0808335 0.0022 0.0092329 
v -0.0808559 0.0022 0.00926993 
v -0.08088 0.0022 0.00930595 
v -0.0809056 0.0022 0.00934088 
v -0.0809327 0.0022 0.00937466 
v -0.0809613 0.0022 0.00940723 
v -0.0809912 0.0022 0.00943852 
v -0.0810225 0.0022 0.00946847 
v -0.0810551 0.0022 0.00949703 
v -0.0810889 0.0022 0.00952414 
v -0.0811238 0.0022 0.00954976 
v -0.0811598 0.0022 0.00957382 
v -0.0811969 0.0022 0.0095963 
v -0.0812348 0.0022 0.00961713 
v -0.0812737 0.0022 0.00963629 
v -0.0813133 0.0022 0.00965373 
v -0.0813537 0.0022 0.00966943 
v -0.0813947 0.0022 0.00968336 
v -0.0814363 0.0022 0.00969548 
v -0.0814784 0.0022 0.00970577 
v -0.0815209 0.0022 0.00971422 
v -0.0815637 0.0022 0.00972081 
v -0.0816067 0.0022 0.00972553 
v -0.08165 0.0022 0.00972836 
v -0.0816933 0.0022 0.00972931 
v -0.0817366 0.0022 0.00972836 
v -0.0817798 0.0022 0.00972553 
v -0.0818229 0.0022 0.00972081 
v -0.0818657 0.0022 0.00971422 
v -0.0819082 0.0022 0.00970577 
v -0.0819502 0.0022 0.00969548 
v -0.0819918 0.0022 0.00968336 
v -0.0820328 0.0022 0.00966943 
v -0.0820732 0.0022 0.00965373 
v -0.0821129 0.0022 0.00963629 
v -0.0821517 0.0022 0.00961713 
v -0.0821897 0.0022 0.0095963 
v -0.0822267 0.0022 0.00957382 
v -0.0822627 0.0022 0.00954976 
v -0.0822977 0.0022 0.00952414 
v -0.0823314 0.0022 0.00949703 
v -0.082364 0.0022 0.00946847 
v -0.0823953 0.0022 0.00943852 
v -0.0824253 0.0022 0.00940723 
v -0.0824538 0.0022 0.00937466 
v -0.0824809 0.0022 0.00934088 
v -0.0825065 0.0022 0.00930595 
v -0.0825306 0.0022 0.00926993 
v -0.0825531 0.0022 0.0092329 
v -0.0825739 0.0022 0.00919492 
v -0.0825931 0.0022 0.00915607 
v -0.0826105 0.0022 0.00911642 
v -0.0826262 0.0022 0.00907605 
v -0.0826401 0.0022 0.00903504 
v -0.0826523 0.0022 0.00899345 
v -0.0826626 0.0022 0.00895137 
v -0.082671 0.0022 0.00890889 
v -0.0826776 0.0022 0.00886608 
v -0.0826823 0.0022 0.00882302 
v -0.0826851 0.0022 0.0087798 
v -0.0826861 0.0022 0.00873649 
v -0.0826861 0.0022 0.00226351 
v -0.0826851 0.0022 0.0022202 
v -0.0826823 0.0022 0.00217698 
v -0.0826776 0.0022 0.00213392 
v -0.082671 0.0022 0.00209111 
v -0.0826626 0.0022 0.00204863 
v -0.0826523 0.0022 0.00200655 
v -0.0826401 0.0022 0.00196496 
v -0.0826262 0.0022 0.00192395 
v -0.0826105 0.0022 0.00188358 
v -0.0825931 0.0022 0.00184393 
v -0.0825739 0.0022 0.00180508 
v -0.0825531 0.0022 0.0017671 
v -0.0825306 0.0022 0.00173007 
v -0.0825065 0.0022 0.00169405 
v -0.0824809 0.0022 0.00165912 
v -0.0824538 0.0022 0.00162534 
v -0.0824253 0.0022 0.00159277 
v -0.0823953 0.0022 0.00156148 
v -0.082364 0.0022 0.00153153 
v -0.0823314 0.0022 0.00150297 
v -0.0822977 0.0022 0.00147586 
v -0.0822627 0.0022 0.00145024 
v -0.0822267 0.0022 0.00142618 
v -0.0821897 0.0022 0.0014037 
v -0.0821517 0.0022 0.00138287 
v -0.0821129 0.0022 0.00136371 
v -0.0820732 0.0022 0.00134627 
v -0.0820328 0.0022 0.00133057 
v -0.0819918 0.0022 0.00131664 
v -0.0819502 0.0022 0.00130452 
v -0.0819082 0.0022 0.00129423 
v -0.0818657 0.0022 0.00128578 
v -0.0818229 0.0022 0.00127919 
v -0.0817798 0.0022 0.00127447 
v -0.0817366 0.0022 0.00127164 
v -0.0816933 0.0022 0.00127069 
v -0.08165 0.0022 0.00127164 
v -0.0816067 0.0022 0.00127447 
v -0.0815637 0.0022 0.00127919 
v -0.0815209 0.0022 0.00128578 
v -0.0814784 0.0022 0.00129423 
v -0.0814363 0.0022 0.00130452 
v -0.0813947 0.0022 0.00131664 
v -0.0813537 0.0022 0.00133057 
v -0.0813133 0.0022 0.00134627 
v -0.0812737 0.0022 0.00136371 
v -0.0812348 0.0022 0.00138287 
v -0.0811969 0.0022 0.0014037 
v -0.0811598 0.0022 0.00142618 
v -0.0811238 0.0022 0.00145024 
v -0.0810889 0.0022 0.00147586 
v -0.0810551 0.0022 0.00150297 
v -0.0810225 0.0022 0.00153153 
v -0.0809912 0.0022 0.00156148 
v -0.0809613 0.0022 0.00159277 
v -0.0809327 0.0022 0.00162534 
v -0.0809056 0.0022 0.00165912 
v -0.08088 0.0022 0.00169405 
v -0.0808559 0.0022 0.00173007 
v -0.0808335 0.0022 0.0017671 
v -0.0808126 0.0022 0.00180508 
v -0.0807935 0.0022 0.00184393 
v -0.080776 0.0022 0.00188358 
v -0.0807603 0.0022 0.00192395 
v -0.0807464 0.0022 0.00196496 
v -0.0807343 0.0022 0.00200655 
v -0.080724 0.0022 0.00204863 
v -0.0807155 0.0022 0.00209111 
v -0.080709 0.0022 0.00213392 
v -0.0807042 0.0022 0.00217698 
v -0.0807014 0.0022 0.0022202 
v -0.0807005 0.0022 0.00226351 
v -0.0857005 0.0022 0.00873649 
v -0.0857014 0.0022 0.0087798 
v -0.0857042 0.0022 0.00882302 
v -0.085709 0.0022 0.00886608 
v -0.0857155 0.0022 0.00890889 
v -0.085724 0.0022 0.00895137 
v -0.0857343 0.0022 0.00899345 
v -0.0857464 0.0022 0.00903504 
v -0.0857603 0.0022 0.00907605 
v -0.085776 0.0022 0.00911642 
v -0.0857935 0.0022 0.00915607 
v -0.0858126 0.0022 0.00919492 
v -0.0858335 0.0022 0.0092329 
v -0.0858559 0.0022 0.00926993 
v -0.08588 0.0022 0.00930595 
v -0.0859056 0.0022 0.00934088 
v -0.0859327 0.0022 0.00937466 
v -0.0859613 0.0022 0.00940723 
v -0.0859912 0.0022 0.00943852 
v -0.0860225 0.0022 0.00946847 
v -0.0860551 0.0022 0.00949703 
v -0.0860889 0.0022 0.00952414 
v -0.0861238 0.0022 0.00954976 
v -0.0861598 0.0022 0.00957382 
v -0.0861969 0.0022 0.0095963 
v -0.0862348 0.0022 0.00961713 
v -0.0862737 0.0022 0.00963629 
v -0.0863133 0.0022 0.00965373 
v -0.0863537 0.0022 0.00966943 
v -0.0863947 0.0022 0.00968336 
v -0.0864363 0.0022 0.00969548 
v -0.0864784 0.0022 0.00970577 
v -0.0865209 0.0022 0.00971422 
v -0.0865637 0.0022 0.00972081 
v -0.0866067 0.0022 0.00972553 
v -0.08665 0.0022 0.00972836 
v -0.0866933 0.0022 0.00972931 
v -0.0867366 0.0022 0.00972836 
v -0.0867798 0.0022 0.00972553 
v -0.0868229 0.0022 0.00972081 
v -0.0868657 0.0022 0.00971422 
v -0.0869082 0.0022 0.00970577 
v -0.0869502 0.0022 0.00969548 
v -0.0869918 0.0022 0.00968336 
v -0.0870328 0.0022 0.00966943 
v -0.0870732 0.0022 0.00965373 
v -0.0871129 0.0022 0.00963629 
v -0.0871517 0.0022 0.00961713 
v -0.0871897 0.0022 0.0095963 
v -0.0872267 0.0022 0.00957382 
v -0.0872627 0.0022 0.00954976 
v -0.0872977 0.0022 0.00952414 
v -0.0873314 0.0022 0.00949703 
v -0.087364 0.0022 0.00946847 
v -0.0873953 0.0022 0.00943852 
v -0.0874253 0.0022 0.00940723 
v -0.0874538 0.0022 0.00937466 
v -0.0874809 0.0022 0.00934088 
v -0.0875065 0.0022 0.00930595 
v -0.0875306 0.0022 0.00926993 
v -0.0875531 0.0022 0.0092329 
v -0.0875739 0.0022 0.00919492 
v -0.0875931 0.0022 0.00915607 
v -0.0876105 0.0022 0.00911642 
v -0.0876262 0.0022 0.00907605 
v -0.0876401 0.0022 0.00903504 
v -0.0876523 0.0022 0.00899345 
v -0.0876626 0.0022 0.00895137 
v -0.087671 0.0022 0.00890889 
v -0.0876776 0.0022 0.00886608 
v -0.0876823 0.0022 0.00882302 
v -0.0876851 0.0022 0.0087798 
v -0.0876861 0.0022 0.00873649 
v -0.0876861 0.0022 0.00226351 
v -0.0876851 0.0022 0.0022202 
v -0.0876823 0.0022 0.00217698 
v -0.0876776 0.0022 0.00213392 
v -0.087671 0.0022 0.00209111 
v -0.0876626 0.0022 0.00204863 
v -0.0876523 0.0022 0.00200655 
v -0.0876401 0.0022 0.00196496 
v -0.0876262 0.0022 0.00192395 
v -0.0876105 0.0022 0.00188358 
v -0.0875931 0.0022 0.00184393 
v -0.0875739 0.0022 0.00180508 
v -0.0875531 0.0022 0.0017671 
v -0.0875306 0.0022 0.00173007 
v -0.0875065 0.0022 0.00169405 
v -0.0874809 0.0022 0.00165912 
v -0.0874538 0.0022 0.00162534 
v -0.0874253 0.0022 0.00159277 
v -0.0873953 0.0022 0.00156148 
v -0.087364 0.0022 0.00153153 
v -0.0873314 0.0022 0.00150297 
v -0.0872977 0.0022 0.00147586 
v -0.0872627 0.0022 0.00145024 
v -0.0872267 0.0022 0.00142618 
v -0.0871897 0.0022 0.0014037 
v -0.0871517 0.0022 0.00138287 
v -0.0871129 0.0022 0.00136371 
v -0.0870732 0.0022 0.00134627 
v -0.0870328 0.0022 0.00133057 
v -0.0869918 0.0022 0.00131664 
v -0.0869502 0.0022 0.00130452 
v -0.0869082 0.0022 0.00129423 
v -0.0868657 0.0022 0.00128578 
v -0.0868229 0.0022 0.00127919 
v -0.0867798 0.0022 0.00127447 
v -0.0867366 0.0022 0.00127164 
v -0.0866933 0.0022 0.00127069 
v -0.08665 0.0022 0.00127164 
v -0.0866067 0.0022 0.00127447 
v -0.0865637 0.0022 0.00127919 
v -0.0865209 0.0022 0.00128578 
v -0.0864784 0.0022 0.00129423 
v -0.0864363 0.0022 0.00130452 
v -0.0863947 0.0022 0.00131664 
v -0.0863537 0.0022 0.00133057 
v -0.0863133 0.0022 0.00134627 
v -0.0862737 0.0022 0.00136371 
v -0.0862348 0.0022 0.00138287 
v -0.0861969 0.0022 0.0014037 
v -0.0861598 0.0022 0.00142618 
v -0.0861238 0.0022 0.00145024 
v -0.0860889 0.0022 0.00147586 
v -0.0860551 0.0022 0.00150297 
v -0.0860225 0.0022 0.00153153 
v -0.0859912 0.0022 0.00156148 
v -0.0859613 0.0022 0.00159277 
v -0.0859327 0.0022 0.00162534 
v -0.0859056 0.0022 0.00165912 
v -0.08588 0.0022 0.00169405 
v -0.0858559 0.0022 0.00173007 
v -0.0858335 0.0022 0.0017671 
v -0.0858126 0.0022 0.00180508 
v -0.0857935 0.0022 0.00184393 
v -0.085776 0.0022 0.00188358 
v -0.0857603 0.0022 0.00192395 
v -0.0857464 0.0022 0.00196496 
v -0.0857343 0.0022 0.00200655 
v -0.085724 0.0022 0.00204863 
v -0.0857155 0.0022 0.00209111 
v -0.085709 0.0022 0.00213392 
v -0.0857042 0.0022 0.00217698 
v -0.0857014 0.0022 0.0022202 
v -0.0857005 0.0022 0.00226351 
v -0.0907005 0.0022 0.00873649 
v -0.0907014 0.0022 0.0087798 
v -0.0907042 0.0022 0.00882302 
v -0.090709 0.0022 0.00886608 
v -0.0907155 0.0022 0.00890889 
v -0.090724 0.0022 0.00895137 
v -0.0907343 0.0022 0.00899345 
v -0.0907464 0.0022 0.00903504 
v -0.0907603 0.0022 0.00907605 
v -0.090776 0.0022 0.00911642 
v -0.0907935 0.0022 0.00915607 
v -0.0908126 0.0022 0.00919492 
v -0.0908335 0.0022 0.0092329 
v -0.0908559 0.0022 0.00926993 
v -0.09088 0.0022 0.00930595 
v -0.0909056 0.0022 0.00934088 
v -0.0909327 0.0022 0.00937466 
v -0.0909613 0.0022 0.00940723 
v -0.0909912 0.0022 0.00943852 
v -0.0910225 0.0022 0.00946847 
v -0.0910551 0.0022 0.00949703 
v -0.0910889 0.0022 0.00952414 
v -0.0911238 0.0022 0.00954976 
v -0.0911598 0.0022 0.00957382 
v -0.0911969 0.0022 0.0095963 
v -0.0912348 0.0022 0.00961713 
v -0.0912737 0.0022 0.00963629 
v -0.0913133 0.0022 0.00965373 
v -0.0913537 0.0022 0.00966943 
v -0.0913947 0.0022 0.00968336 
v -0.0914363 0.0022 0.00969548 
v -0.0914784 0.0022 0.00970577 
v -0.0915209 0.0022 0.00971422 
v -0.0915637 0.0022 0.00972081 
v -0.0916067 0.0022 0.00972553 
v -0.09165 0.0022 0.00972836 
v -0.0916933 0.0022 0.00972931 
v -0.0917366 0.0022 0.00972836 
v -0.0917798 0.0022 0.00972553 
v -0.0918229 0.0022 0.00972081 
v -0.0918657 0.0022 0.00971422 
v -0.0919082 0.0022 0.00970577 
v -0.0919502 0.0022 0.00969548 
v -0.0919918 0.0022 0.00968336 
v -0.0920328 0.0022 0.00966943 
v -0.0920732 0.0022 0.00965373 
v -0.0921129 0.0022 0.00963629 
v -0.0921517 0.0022 0.00961713 
v -0.0921897 0.0022 0.0095963 
v -0.0922267 0.0022 0.00957382 
v -0.0922627 0.0022 0.00954976 
v -0.0922977 0.0022 0.00952414 
v -0.0923314 0.0022 0.00949703 
v -0.092364 0.0022 0.00946847 
v -0.0923953 0.0022 0.00943852 
v -0.0924253 0.0022 0.00940723 
v -0.0924538 0.0022 0.00937466 
v -0.0924809 0.0022 0.00934088 
v -0.0925065 0.0022 0.00930595 
v -0.0925306 0.0022 0.00926993 
v -0.0925531 0.0022 0.0092329 
v -0.0925739 0.0022 0.00919492 
v -0.0925931 0.0022 0.00915607 
v -0.0926105 0.0022 0.00911642 
v -0.0926262 0.0022 0.00907605 
v -0.0926401 0.0022 0.00903504 
v -0.0926523 0.0022 0.00899345 
v -0.0926626 0.0022 0.00895137 
v -0.092671 0.0022 0.00890889 
v -0.0926776 0.0022 0.00886608 
v -0.0926823 0.0022 0.00882302 
v -0.0926851 0.0022 0.0087798 
v -0.0926861 0.0022 0.00873649 
v -0.0926861 0.0022 0.00226351 
v -0.0926851 0.0022 0.0022202 
v -0.0926823 0.0022 0.00217698 
v -0.0926776 0.0022 0.00213392 
v -0.092671 0.0022 0.00209111 
v -0.0926626 0.0022 0.00204863 
v -0.0926523 0.0022 0.00200655 
v -0.0926401 0.0022 0.00196496 
v -0.0926262 0.0022 0.00192395 
v -0.0926105 0.0022 0.00188358 
v -0.0925931 0.0022 0.00184393 
v -0.0925739 0.0022 0.00180508 
v -0.0925531 0.0022 0.0017671 
v -0.0925306 0.0022 0.00173007 
v -0.0925065 0.0022 0.00169405 
v -0.0924809 0.0022 0.00165912 
v -0.0924538 0.0022 0.00162534 
v -0.0924253 0.0022 0.00159277 
v -0.0923953 0.0022 0.00156148 
v -0.092364 0.0022 0.00153153 
v -0.0923314 0.0022 0.00150297 
v -0.0922977 0.0022 0.00147586 
v -0.0922627 0.0022 0.00145024 
v -0.0922267 0.0022 0.00142618 
v -0.0921897 0.0022 0.0014037 
v -0.0921517 0.0022 0.00138287 
v -0.0921129 0.0022 0.00136371 
v -0.0920732 0.0022 0.00134627 
v -0.0920328 0.0022 0.00133057 
v -0.0919918 0.0022 0.00131664 
v -0.0919502 0.0022 0.00130452 
v -0.0919082 0.0022 0.00129423 
v -0.0918657 0.0022 0.00128578 
v -0.0918229 0.0022 0.00127919 
v -0.0917798 0.0022 0.00127447 
v -0.0917366 0.0022 0.00127164 
v -0.0916933 0.0022 0.00127069 
v -0.09165 0.0022 0.00127164 
v -0.0916067 0.0022 0.00127447 
v -0.0915637 0.0022 0.00127919 
v -0.0915209 0.0022 0.00128578 
v -0.0914784 0.0022 0.00129423 
v -0.0914363 0.0022 0.00130452 
v -0.0913947 0.0022 0.00131664 
v -0.0913537 0.0022 0.00133057 
v -0.0913133 0.0022 0.00134627 
v -0.0912737 0.0022 0.00136371 
v -0.0912348 0.0022 0.00138287 
v -0.0911969 0.0022 0.0014037 
v -0.0911598 0.0022 0.00142618 
v -0.0911238 0.0022 0.00145024 
v -0.0910889 0.0022 0.00147586 
v -0.0910551 0.0022 0.00150297 
v -0.0910225 0.0022 0.00153153 
v -0.0909912 0.0022 0.00156148 
v -0.0909613 0.0022 0.00159277 
v -0.0909327 0.0022 0.00162534 
v -0.0909056 0.0022 0.00165912 
v -0.09088 0.0022 0.00169405 
v -0.0908559 0.0022 0.00173007 
v -0.0908335 0.0022 0.0017671 
v -0.0908126 0.0022 0.00180508 
v -0.0907935 0.0022 0.00184393 
v -0.090776 0.0022 0.00188358 
v -0.0907603 0.0022 0.00192395 
v -0.0907464 0.0022 0.00196496 
v -0.0907343 0.0022 0.00200655 
v -0.090724 0.0022 0.00204863 
v -0.0907155 0.0022 0.00209111 
v -0.090709 0.0022 0.00213392 
v -0.0907042 0.0022 0.00217698 
v -0.0907014 0.0022 0.0022202 
v -0.0907005 0.0022 0.00226351 
v -0.0957005 0.0022 0.00873649 
v -0.0957014 0.0022 0.0087798 
v -0.0957042 0.0022 0.00882302 
v -0.095709 0.0022 0.00886608 
v -0.0957155 0.0022 0.00890889 
v -0.095724 0.0022 0.00895137 
v -0.0957343 0.0022 0.00899345 
v -0.0957464 0.0022 0.00903504 
v -0.0957603 0.0022 0.00907605 
v -0.095776 0.0022 0.00911642 
v -0.0957935 0.0022 0.00915607 
v -0.0958126 0.0022 0.00919492 
v -0.0958335 0.0022 0.0092329 
v -0.0958559 0.0022 0.00926993 
v -0.09588 0.0022 0.00930595 
v -0.0959056 0.0022 0.00934088 
v -0.0959327 0.0022 0.00937466 
v -0.0959613 0.0022 0.00940723 
v -0.0959912 0.0022 0.00943852 
v -0.0960225 0.0022 0.00946847 
v -0.0960551 0.0022 0.00949703 
v -0.0960889 0.0022 0.00952414 
v -0.0961238 0.0022 0.00954976 
v -0.0961598 0.0022 0.00957382 
v -0.0961969 0.0022 0.0095963 
v -0.0962348 0.0022 0.00961713 
v -0.0962737 0.0022 0.00963629 
v -0.0963133 0.0022 0.00965373 
v -0.0963537 0.0022 0.00966943 
v -0.0963947 0.0022 0.00968336 
v -0.0964363 0.0022 0.00969548 
v -0.0964784 0.0022 0.00970577 
v -0.0965209 0.0022 0.00971422 
v -0.0965637 0.0022 0.00972081 
v -0.0966067 0.0022 0.00972553 
v -0.09665 0.0022 0.00972836 
v -0.0966933 0.0022 0.00972931 
v -0.0967366 0.0022 0.00972836 
v -0.0967798 0.0022 0.00972553 
v -0.0968229 0.0022 0.00972081 
v -0.0968657 0.0022 0.00971422 
v -0.0969082 0.0022 0.00970577 
v -0.0969502 0.0022 0.00969548 
v -0.0969918 0.0022 0.00968336 
v -0.0970328 0.0022 0.00966943 
v -0.0970732 0.0022 0.00965373 
v -0.0971129 0.0022 0.00963629 
v -0.0971517 0.0022 0.00961713 
v -0.0971897 0.0022 0.0095963 
v -0.0972267 0.0022 0.00957382 
v -0.0972627 0.0022 0.00954976 
v -0.0972977 0.0022 0.00952414 
v -0.0973314 0.0022 0.00949703 
v -0.097364 0.0022 0.00946847 
v -0.0973953 0.0022 0.00943852 
v -0.0974253 0.0022 0.00940723 
v -0.0974538 0.0022 0.00937466 
v -0.0974809 0.0022 0.00934088 
v -0.0975065 0.0022 0.00930595 
v -0.0975306 0.0022 0.00926993 
v -0.0975531 0.0022 0.0092329 
v -0.0975739 0.0022 0.00919492 
v -0.0975931 0.0022 0.00915607 
v -0.0976105 0.0022 0.00911642 
v -0.0976262 0.0022 0.00907605 
v -0.0976401 0.0022 0.00903504 
v -0.0976523 0.0022 0.00899345 
v -0.0976626 0.0022 0.00895137 
v -0.097671 0.0022 0.00890889 
v -0.0976776 0.0022 0.00886608 
v -0.0976823 0.0022 0.00882302 
v -0.0976851 0.0022 0.0087798 
v -0.0976861 0.0022 0.00873649 
v -0.0976861 0.0022 0.00226351 
v -0.0976851 0.0022 0.0022202 
v -0.0976823 0.0022 0.00217698 
v -0.0976776 0.0022 0.00213392 
v -0.097671 0.0022 0.00209111 
v -0.0976626 0.0022 0.00204863 
v -0.0976523 0.0022 0.00200655 
v -0.0976401 0.0022 0.00196496 
v -0.0976262 0.0022 0.00192395 
v -0.0976105 0.0022 0.00188358 
v -0.0975931 0.0022 0.00184393 
v -0.0975739 0.0022 0.00180508 
v -0.0975531 0.0022 0.0017671 
v -0.0975306 0.0022 0.00173007 
v -0.0975065 0.0022 0.00169405 
v -0.0974809 0.0022 0.00165912 
v -0.0974538 0.0022 0.00162534 
v -0.0974253 0.0022 0.00159277 
v -0.0973953 0.0022 0.00156148 
v -0.097364 0.0022 0.00153153 
v -0.0973314 0.0022 0.00150297 
v -0.0972977 0.0022 0.00147586 
v -0.0972627 0.0022 0.00145024 
v -0.0972267 0.0022 0.00142618 
v -0.0971897 0.0022 0.0014037 
v -0.0971517 0.0022 0.00138287 
v -0.0971129 0.0022 0.00136371 
v -0.0970732 0.0022 0.00134627 
v -0.0970328 0.0022 0.00133057 
v -0.0969918 0.0022 0.00131664 
v -0.0969502 0.0022 0.00130452 
v -0.0969082 0.0022 0.00129423 
v -0.0968657 0.0022 0.00128578 
v -0.0968229 0.0022 0.00127919 
v -0.0967798 0.0022 0.00127447 
v -0.0967366 0.0022 0.00127164 
v -0.0966933 0.0022 0.00127069 
v -0.09665 0.0022 0.00127164 
v -0.0966067 0.0022 0.00127447 
v -0.0965637 0.0022 0.00127919 
v -0.0965209 0.0022 0.00128578 
v -0.0964784 0.0022 0.00129423 
v -0.0964363 0.0022 0.00130452 
v -0.0963947 0.0022 0.00131664 
v -0.0963537 0.0022 0.00133057 
v -0.0963133 0.0022 0.00134627 
v -0.0962737 0.0022 0.00136371 
v -0.0962348 0.0022 0.00138287 
v -0.0961969 0.0022 0.0014037 
v -0.0961598 0.0022 0.00142618 
v -0.0961238 0.0022 0.00145024 
v -0.0960889 0.0022 0.00147586 
v -0.0960551 0.0022 0.00150297 
v -0.0960225 0.0022 0.00153153 
v -0.0959912 0.0022 0.00156148 
v -0.0959613 0.0022 0.00159277 
v -0.0959327 0.0022 0.00162534 
v -0.0959056 0.0022 0.00165912 
v -0.09588 0.0022 0.00169405 
v -0.0958559 0.0022 0.00173007 
v -0.0958335 0.0022 0.0017671 
v -0.0958126 0.0022 0.00180508 
v -0.0957935 0.0022 0.00184393 
v -0.095776 0.0022 0.00188358 
v -0.0957603 0.0022 0.00192395 
v -0.0957464 0.0022 0.00196496 
v -0.0957343 0.0022 0.00200655 
v -0.095724 0.0022 0.00204863 
v -0.0957155 0.0022 0.00209111 
v -0.095709 0.0022 0.00213392 
v -0.0957042 0.0022 0.00217698 
v -0.0957014 0.0022 0.0022202 
v -0.0957005 0.0022 0.00226351 
v -0.1007 0.0022 0.00873649 
v -0.100701 0.0022 0.0087798 
v -0.100704 0.0022 0.00882302 
v -0.100709 0.0022 0.00886608 
v -0.100716 0.0022 0.00890889 
v -0.100724 0.0022 0.00895137 
v -0.100734 0.0022 0.00899345 
v -0.100746 0.0022 0.00903504 
v -0.10076 0.0022 0.00907605 
v -0.100776 0.0022 0.00911642 
v -0.100793 0.0022 0.00915607 
v -0.100813 0.0022 0.00919492 
v -0.100833 0.0022 0.0092329 
v -0.100856 0.0022 0.00926993 
v -0.10088 0.0022 0.00930595 
v -0.100906 0.0022 0.00934088 
v -0.100933 0.0022 0.00937466 
v -0.100961 0.0022 0.00940723 
v -0.100991 0.0022 0.00943852 
v -0.101023 0.0022 0.00946847 
v -0.101055 0.0022 0.00949703 
v -0.101089 0.0022 0.00952414 
v -0.101124 0.0022 0.00954976 
v -0.10116 0.0022 0.00957382 
v -0.101197 0.0022 0.0095963 
v -0.101235 0.0022 0.00961713 
v -0.101274 0.0022 0.00963629 
v -0.101313 0.0022 0.00965373 
v -0.101354 0.0022 0.00966943 
v -0.101395 0.0022 0.00968336 
v -0.101436 0.0022 0.00969548 
v -0.101478 0.0022 0.00970577 
v -0.101521 0.0022 0.00971422 
v -0.101564 0.0022 0.00972081 
v -0.101607 0.0022 0.00972553 
v -0.10165 0.0022 0.00972836 
v -0.101693 0.0022 0.00972931 
v -0.101737 0.0022 0.00972836 
v -0.10178 0.0022 0.00972553 
v -0.101823 0.0022 0.00972081 
v -0.101866 0.0022 0.00971422 
v -0.101908 0.0022 0.00970577 
v -0.10195 0.0022 0.00969548 
v -0.101992 0.0022 0.00968336 
v -0.102033 0.0022 0.00966943 
v -0.102073 0.0022 0.00965373 
v -0.102113 0.0022 0.00963629 
v -0.102152 0.0022 0.00961713 
v -0.10219 0.0022 0.0095963 
v -0.102227 0.0022 0.00957382 
v -0.102263 0.0022 0.00954976 
v -0.102298 0.0022 0.00952414 
v -0.102331 0.0022 0.00949703 
v -0.102364 0.0022 0.00946847 
v -0.102395 0.0022 0.00943852 
v -0.102425 0.0022 0.00940723 
v -0.102454 0.0022 0.00937466 
v -0.102481 0.0022 0.00934088 
v -0.102507 0.0022 0.00930595 
v -0.102531 0.0022 0.00926993 
v -0.102553 0.0022 0.0092329 
v -0.102574 0.0022 0.00919492 
v -0.102593 0.0022 0.00915607 
v -0.102611 0.0022 0.00911642 
v -0.102626 0.0022 0.00907605 
v -0.10264 0.0022 0.00903504 
v -0.102652 0.0022 0.00899345 
v -0.102663 0.0022 0.00895137 
v -0.102671 0.0022 0.00890889 
v -0.102678 0.0022 0.00886608 
v -0.102682 0.0022 0.00882302 
v -0.102685 0.0022 0.0087798 
v -0.102686 0.0022 0.00873649 
v -0.102686 0.0022 0.00226351 
v -0.102685 0.0022 0.0022202 
v -0.102682 0.0022 0.00217698 
v -0.102678 0.0022 0.00213392 
v -0.102671 0.0022 0.00209111 
v -0.102663 0.0022 0.00204863 
v -0.102652 0.0022 0.00200655 
v -0.10264 0.0022 0.00196496 
v -0.102626 0.0022 0.00192395 
v -0.102611 0.0022 0.00188358 
v -0.102593 0.0022 0.00184393 
v -0.102574 0.0022 0.00180508 
v -0.102553 0.0022 0.0017671 
v -0.102531 0.0022 0.00173007 
v -0.102507 0.0022 0.00169405 
v -0.102481 0.0022 0.00165912 
v -0.102454 0.0022 0.00162534 
v -0.102425 0.0022 0.00159277 
v -0.102395 0.0022 0.00156148 
v -0.102364 0.0022 0.00153153 
v -0.102331 0.0022 0.00150297 
v -0.102298 0.0022 0.00147586 
v -0.102263 0.0022 0.00145024 
v -0.102227 0.0022 0.00142618 
v -0.10219 0.0022 0.0014037 
v -0.102152 0.0022 0.00138287 
v -0.102113 0.0022 0.00136371 
v -0.102073 0.0022 0.00134627 
v -0.102033 0.0022 0.00133057 
v -0.101992 0.0022 0.00131664 
v -0.10195 0.0022 0.00130452 
v -0.101908 0.0022 0.00129423 
v -0.101866 0.0022 0.00128578 
v -0.101823 0.0022 0.00127919 
v -0.10178 0.0022 0.00127447 
v -0.101737 0.0022 0.00127164 
v -0.101693 0.0022 0.00127069 
v -0.10165 0.0022 0.00127164 
v -0.101607 0.0022 0.00127447 
v -0.101564 0.0022 0.00127919 
v -0.101521 0.0022 0.00128578 
v -0.101478 0.0022 0.00129423 
v -0.101436 0.0022 0.00130452 
v -0.101395 0.0022 0.00131664 
v -0.101354 0.0022 0.00133057 
v -0.101313 0.0022 0.00134627 
v -0.101274 0.0022 0.00136371 
v -0.101235 0.0022 0.00138287 
v -0.101197 0.0022 0.0014037 
v -0.10116 0.0022 0.00142618 
v -0.101124 0.0022 0.00145024 
v -0.101089 0.0022 0.00147586 
v -0.101055 0.0022 0.00150297 
v -0.101023 0.0022 0.00153153 
v -0.100991 0.0022 0.00156148 
v -0.100961 0.0022 0.00159277 
v -0.100933 0.0022 0.00162534 
v -0.100906 0.0022 0.00165912 
v -0.10088 0.0022 0.00169405 
v -0.100856 0.0022 0.00173007 
v -0.100833 0.0022 0.0017671 
v -0.100813 0.0022 0.00180508 
v -0.100793 0.0022 0.00184393 
v -0.100776 0.0022 0.00188358 
v -0.10076 0.0022 0.00192395 
v -0.100746 0.0022 0.00196496 
v -0.100734 0.0022 0.00200655 
v -0.100724 0.0022 0.00204863 
v -0.100716 0.0022 0.00209111 
v -0.100709 0.0022 0.00213392 
v -0.100704 0.0022 0.00217698 
v -0.100701 0.0022 0.0022202 
v -0.1007 0.0022 0.00226351 
v -0.1057 0.0022 0.00873649 
v -0.105701 0.0022 0.0087798 
v -0.105704 0.0022 0.00882302 
v -0.105709 0.0022 0.00886608 
v -0.105716 0.0022 0.00890889 
v -0.105724 0.0022 0.00895137 
v -0.105734 0.0022 0.00899345 
v -0.105746 0.0022 0.00903504 
v -0.10576 0.0022 0.00907605 
v -0.105776 0.0022 0.00911642 
v -0.105793 0.0022 0.00915607 
v -0.105813 0.0022 0.00919492 
v -0.105833 0.0022 0.0092329 
v -0.105856 0.0022 0.00926993 
v -0.10588 0.0022 0.00930595 
v -0.105906 0.0022 0.00934088 
v -0.105933 0.0022 0.00937466 
v -0.105961 0.0022 0.00940723 
v -0.105991 0.0022 0.00943852 
v -0.106023 0.0022 0.00946847 
v -0.106055 0.0022 0.00949703 
v -0.106089 0.0022 0.00952414 
v -0.106124 0.0022 0.00954976 
v -0.10616 0.0022 0.00957382 
v -0.106197 0.0022 0.0095963 
v -0.106235 0.0022 0.00961713 
v -0.106274 0.0022 0.00963629 
v -0.106313 0.0022 0.00965373 
v -0.106354 0.0022 0.00966943 
v -0.106395 0.0022 0.00968336 
v -0.106436 0.0022 0.00969548 
v -0.106478 0.0022 0.00970577 
v -0.106521 0.0022 0.00971422 
v -0.106564 0.0022 0.00972081 
v -0.106607 0.0022 0.00972553 
v -0.10665 0.0022 0.00972836 
v -0.106693 0.0022 0.00972931 
v -0.106737 0.0022 0.00972836 
v -0.10678 0.0022 0.00972553 
v -0.106823 0.0022 0.00972081 
v -0.106866 0.0022 0.00971422 
v -0.106908 0.0022 0.00970577 
v -0.10695 0.0022 0.00969548 
v -0.106992 0.0022 0.00968336 
v -0.107033 0.0022 0.00966943 
v -0.107073 0.0022 0.00965373 
v -0.107113 0.0022 0.00963629 
v -0.107152 0.0022 0.00961713 
v -0.10719 0.0022 0.0095963 
v -0.107227 0.0022 0.00957382 
v -0.107263 0.0022 0.00954976 
v -0.107298 0.0022 0.00952414 
v -0.107331 0.0022 0.00949703 
v -0.107364 0.0022 0.00946847 
v -0.107395 0.0022 0.00943852 
v -0.107425 0.0022 0.00940723 
v -0.107454 0.0022 0.00937466 
v -0.107481 0.0022 0.00934088 
v -0.107507 0.0022 0.00930595 
v -0.107531 0.0022 0.00926993 
v -0.107553 0.0022 0.0092329 
v -0.107574 0.0022 0.00919492 
v -0.107593 0.0022 0.00915607 
v -0.107611 0.0022 0.00911642 
v -0.107626 0.0022 0.00907605 
v -0.10764 0.0022 0.00903504 
v -0.107652 0.0022 0.00899345 
v -0.107663 0.0022 0.00895137 
v -0.107671 0.0022 0.00890889 
v -0.107678 0.0022 0.00886608 
v -0.107682 0.0022 0.00882302 
v -0.107685 0.0022 0.0087798 
v -0.107686 0.0022 0.00873649 
v -0.107686 0.0022 0.00226351 
v -0.107685 0.0022 0.0022202 
v -0.107682 0.0022 0.00217698 
v -0.107678 0.0022 0.00213392 
v -0.107671 0.0022 0.00209111 
v -0.107663 0.0022 0.00204863 
v -0.107652 0.0022 0.00200655 
v -0.10764 0.0022 0.00196496 
v -0.107626 0.0022 0.00192395 
v -0.107611 0.0022 0.00188358 
v -0.107593 0.0022 0.00184393 
v -0.107574 0.0022 0.00180508 
v -0.107553 0.0022 0.0017671 
v -0.107531 0.0022 0.00173007 
v -0.107507 0.0022 0.00169405 
v -0.107481 0.0022 0.00165912 
v -0.107454 0.0022 0.00162534 
v -0.107425 0.0022 0.00159277 
v -0.107395 0.0022 0.00156148 
v -0.107364 0.0022 0.00153153 
v -0.107331 0.0022 0.00150297 
v -0.107298 0.0022 0.00147586 
v -0.107263 0.0022 0.00145024 
v -0.107227 0.0022 0.00142618 
v -0.10719 0.0022 0.0014037 
v -0.107152 0.0022 0.00138287 
v -0.107113 0.0022 0.00136371 
v -0.107073 0.0022 0.00134627 
v -0.107033 0.0022 0.00133057 
v -0.106992 0.0022 0.00131664 
v -0.10695 0.0022 0.00130452 
v -0.106908 0.0022 0.00129423 
v -0.106866 0.0022 0.00128578 
v -0.106823 0.0022 0.00127919 
v -0.10678 0.0022 0.00127447 
v -0.106737 0.0022 0.00127164 
v -0.106693 0.0022 0.00127069 
v -0.10665 0.0022 0.00127164 
v -0.106607 0.0022 0.00127447 
v -0.106564 0.0022 0.00127919 
v -0.106521 0.0022 0.00128578 
v -0.106478 0.0022 0.00129423 
v -0.106436 0.0022 0.00130452 
v -0.106395 0.0022 0.00131664 
v -0.106354 0.0022 0.00133057 
v -0.106313 0.0022 0.00134627 
v -0.106274 0.0022 0.00136371 
v -0.106235 0.0022 0.00138287 
v -0.106197 0.0022 0.0014037 
v -0.10616 0.0022 0.00142618 
v -0.106124 0.0022 0.00145024 
v -0.106089 0.0022 0.00147586 
v -0.106055 0.0022 0.00150297 
v -0.106023 0.0022 0.00153153 
v -0.105991 0.0022 0.00156148 
v -0.105961 0.0022 0.00159277 
v -0.105933 0.0022 0.00162534 
v -0.105906 0.0022 0.00165912 
v -0.10588 0.0022 0.00169405 
v -0.105856 0.0022 0.00173007 
v -0.105833 0.0022 0.0017671 
v -0.105813 0.0022 0.00180508 
v -0.105793 0.0022 0.00184393 
v -0.105776 0.0022 0.00188358 
v -0.10576 0.0022 0.00192395 
v -0.105746 0.0022 0.00196496 
v -0.105734 0.0022 0.00200655 
v -0.105724 0.0022 0.00204863 
v -0.105716 0.0022 0.00209111 
v -0.105709 0.0022 0.00213392 
v -0.105704 0.0022 0.00217698 
v -0.105701 0.0022 0.0022202 
v -0.1057 0.0022 0.00226351 
v -0.1107 0.0022 0.00873649 
v -0.110701 0.0022 0.0087798 
v -0.110704 0.0022 0.00882302 
v -0.110709 0.0022 0.00886608 
v -0.110716 0.0022 0.00890889 
v -0.110724 0.0022 0.00895137 
v -0.110734 0.0022 0.00899345 
v -0.110746 0.0022 0.00903504 
v -0.11076 0.0022 0.00907605 
v -0.110776 0.0022 0.00911642 
v -0.110793 0.0022 0.00915607 
v -0.110813 0.0022 0.00919492 
v -0.110833 0.0022 0.0092329 
v -0.110856 0.0022 0.00926993 
v -0.11088 0.0022 0.00930595 
v -0.110906 0.0022 0.00934088 
v -0.110933 0.0022 0.00937466 
v -0.110961 0.0022 0.00940723 
v -0.110991 0.0022 0.00943852 
v -0.111023 0.0022 0.00946847 
v -0.111055 0.0022 0.00949703 
v -0.111089 0.0022 0.00952414 
v -0.111124 0.0022 0.00954976 
v -0.11116 0.0022 0.00957382 
v -0.111197 0.0022 0.0095963 
v -0.111235 0.0022 0.00961713 
v -0.111274 0.0022 0.00963629 
v -0.111313 0.0022 0.00965373 
v -0.111354 0.0022 0.00966943 
v -0.111395 0.0022 0.00968336 
v -0.111436 0.0022 0.00969548 
v -0.111478 0.0022 0.00970577 
v -0.111521 0.0022 0.00971422 
v -0.111564 0.0022 0.00972081 
v -0.111607 0.0022 0.00972553 
v -0.11165 0.0022 0.00972836 
v -0.111693 0.0022 0.00972931 
v -0.111737 0.0022 0.00972836 
v -0.11178 0.0022 0.00972553 
v -0.111823 0.0022 0.00972081 
v -0.111866 0.0022 0.00971422 
v -0.111908 0.0022 0.00970577 
v -0.11195 0.0022 0.00969548 
v -0.111992 0.0022 0.00968336 
v -0.112033 0.0022 0.00966943 
v -0.112073 0.0022 0.00965373 
v -0.112113 0.0022 0.00963629 
v -0.112152 0.0022 0.00961713 
v -0.11219 0.0022 0.0095963 
v -0.112227 0.0022 0.00957382 
v -0.112263 0.0022 0.00954976 
v -0.112298 0.0022 0.00952414 
v -0.112331 0.0022 0.00949703 
v -0.112364 0.0022 0.00946847 
v -0.112395 0.0022 0.00943852 
v -0.112425 0.0022 0.00940723 
v -0.112454 0.0022 0.00937466 
v -0.112481 0.0022 0.00934088 
v -0.112507 0.0022 0.00930595 
v -0.112531 0.0022 0.00926993 
v -0.112553 0.0022 0.0092329 
v -0.112574 0.0022 0.00919492 
v -0.112593 0.0022 0.00915607 
v -0.112611 0.0022 0.00911642 
v -0.112626 0.0022 0.00907605 
v -0.11264 0.0022 0.00903504 
v -0.112652 0.0022 0.00899345 
v -0.112663 0.0022 0.00895137 
v -0.112671 0.0022 0.00890889 
v -0.112678 0.0022 0.00886608 
v -0.112682 0.0022 0.00882302 
v -0.112685 0.0022 0.0087798 
v -0.112686 0.0022 0.00873649 
v -0.112686 0.0022 0.00226351 
v -0.112685 0.0022 0.0022202 
v -0.112682 0.0022 0.00217698 
v -0.112678 0.0022 0.00213392 
v -0.112671 0.0022 0.00209111 
v -0.112663 0.0022 0.00204863 
v -0.112652 0.0022 0.00200655 
v -0.11264 0.0022 0.00196496 
v -0.112626 0.0022 0.00192395 
v -0.112611 0.0022 0.00188358 
v -0.112593 0.0022 0.00184393 
v -0.112574 0.0022 0.00180508 
v -0.112553 0.0022 0.0017671 
v -0.112531 0.0022 0.00173007 
v -0.112507 0.0022 0.00169405 
v -0.112481 0.0022 0.00165912 
v -0.112454 0.0022 0.00162534 
v -0.112425 0.0022 0.00159277 
v -0.112395 0.0022 0.00156148 
v -0.112364 0.0022 0.00153153 
v -0.112331 0.0022 0.00150297 
v -0.112298 0.0022 0.00147586 
v -0.112263 0.0022 0.00145024 
v -0.112227 0.0022 0.00142618 
v -0.11219 0.0022 0.0014037 
v -0.112152 0.0022 0.00138287 
v -0.112113 0.0022 0.00136371 
v -0.112073 0.0022 0.00134627 
v -0.112033 0.0022 0.00133057 
v -0.111992 0.0022 0.00131664 
v -0.11195 0.0022 0.00130452 
v -0.111908 0.0022 0.00129423 
v -0.111866 0.0022 0.00128578 
v -0.111823 0.0022 0.00127919 
v -0.11178 0.0022 0.00127447 
v -0.111737 0.0022 0.00127164 
v -0.111693 0.0022 0.00127069 
v -0.11165 0.0022 0.00127164 
v -0.111607 0.0022 0.00127447 
v -0.111564 0.0022 0.00127919 
v -0.111521 0.0022 0.00128578 
v -0.111478 0.0022 0.00129423 
v -0.111436 0.0022 0.00130452 
v -0.111395 0.0022 0.00131664 
v -0.111354 0.0022 0.00133057 
v -0.111313 0.0022 0.00134627 
v -0.111274 0.0022 0.00136371 
v -0.111235 0.0022 0.00138287 
v -0.111197 0.0022 0.0014037 
v -0.11116 0.0022 0.00142618 
v -0.111124 0.0022 0.00145024 
v -0.111089 0.0022 0.00147586 
v -0.111055 0.0022 0.00150297 
v -0.111023 0.0022 0.00153153 
v -0.110991 0.0022 0.00156148 
v -0.110961 0.0022 0.00159277 
v -0.110933 0.0022 0.00162534 
v -0.110906 0.0022 0.00165912 
v -0.11088 0.0022 0.00169405 
v -0.110856 0.0022 0.00173007 
v -0.110833 0.0022 0.0017671 
v -0.110813 0.0022 0.00180508 
v -0.110793 0.0022 0.00184393 
v -0.110776 0.0022 0.00188358 
v -0.11076 0.0022 0.00192395 
v -0.110746 0.0022 0.00196496 
v -0.110734 0.0022 0.00200655 
v -0.110724 0.0022 0.00204863 
v -0.110716 0.0022 0.00209111 
v -0.110709 0.0022 0.00213392 
v -0.110704 0.0022 0.00217698 
v -0.110701 0.0022 0.0022202 
v -0.1107 0.0022 0.00226351 
vn -1.01077e-16 1 -1.01603e-17 
vn -0.100017 -2.77556e-17 0.994986 
vn 1.34769e-16 -1 1.35471e-17 
vn -0.994986 -5.01544e-34 -0.100017 
vn -0.78767 0 0.616098 
vn -0.100017 0 0.994986 
vn -0.242536 0 -0.970143 
vn 0 0 1 
vn 0 -1 0 
vn 0 0 -1 
vn 0.0436194 0 -0.999048 
vn 0.0871557 0 -0.996195 
vn 0.130526 0 -0.991445 
vn 0.173648 0 -0.984808 
vn 0.21644 0 -0.976296 
vn 0.258819 0 -0.965926 
vn 0.300706 0 -0.953717 
vn 0.34202 0 -0.939693 
vn 0.382683 0 -0.92388 
vn 0.422618 0 -0.906308 
vn 0.461749 0 -0.887011 
vn 0.5 0 -0.866025 
vn 0.466404 0 -0.884572 
vn 0.5373 0 -0.843391 
vn 0.573576 0 -0.819152 
vn 0.608761 0 -0.793353 
vn 0.642788 0 -0.766044 
vn 0.67559 0 -0.737277 
vn 0.707107 0 -0.707107 
vn 0.737277 0 -0.67559 
vn 0.766044 0 -0.642788 
vn 0.793353 0 -0.608761 
vn 0.819152 0 -0.573576 
vn 0.843391 0 -0.5373 
vn 0.866025 0 -0.5 
vn 0.887011 0 -0.461749 
vn 0.906308 0 -0.422618 
vn 0.92388 0 -0.382683 
vn 0.939693 0 -0.34202 
vn 0.953717 0 -0.300706 
vn 0.965926 0 -0.258819 
vn 0.976296 0 -0.21644 
vn 0.984808 0 -0.173648 
vn 0.991445 0 -0.130526 
vn 0.996195 0 -0.0871557 
vn 0.999048 0 -0.0436194 
vn 1 0 -6.12323e-17 
vn 0.999048 0 0.0436194 
vn 0.996195 0 0.0871557 
vn 0.991445 0 0.130526 
vn 0.984808 0 0.173648 
vn 0.976296 0 0.21644 
vn 0.965926 0 0.258819 
vn 0.953717 0 0.300706 
vn 0.939693 0 0.34202 
vn 0.92388 0 0.382683 
vn 0.906308 0 0.422618 
vn 0.887011 0 0.461749 
vn 0.866025 0 0.5 
vn 0.843391 0 0.5373 
vn 0.819152 0 0.573576 
vn 0.793353 0 0.608761 
vn 0.766044 0 0.642788 
vn 0.737277 0 0.67559 
vn 0.707107 0 0.707107 
vn 0.67559 0 0.737277 
vn 0.642788 0 0.766044 
vn 0.608761 0 0.793353 
vn 0.573576 0 0.819152 
vn 0.5373 0 0.843391 
vn 0.5 0 0.866025 
vn 0.461749 0 0.887011 
vn 0.422618 0 0.906308 
vn 0.382683 0 0.92388 
vn 0.34202 0 0.939693 
vn 0.300706 0 0.953717 
vn 0.258819 0 0.965926 
vn 0.21644 0 0.976296 
vn 0.173648 0 0.984808 
vn 0.130526 0 0.991445 
vn 0.0871557 0 0.996195 
vn 0.0436194 0 0.999048 
vn 1.22465e-16 0 1 
vn 0 0 -1 
vn -0.124774 0 -0.992185 
vn 0 1 0 
vn -0.999048 0 -0.0436194 
vn -1 0 -3.06162e-16 
vn -0.996195 0 -0.0871557 
vn -0.999048 0 -0.0436194 
vn -0.991445 0 -0.130526 
vn -0.996195 0 -0.0871557 
vn -0.984808 0 -0.173648 
vn -0.991445 0 -0.130526 
vn -0.976296 0 -0.21644 
vn -0.984808 0 -0.173648 
vn -0.965926 0 -0.258819 
vn -0.976296 0 -0.21644 
vn -0.953717 0 -0.300706 
vn -0.965926 0 -0.258819 
vn -0.939693 0 -0.34202 
vn -0.953717 0 -0.300706 
vn -0.92388 0 -0.382683 
vn -0.939693 0 -0.34202 
vn -0.906308 0 -0.422618 
vn -0.92388 0 -0.382683 
vn -0.887011 0 -0.461749 
vn -0.906308 0 -0.422618 
vn -0.866025 0 -0.5 
vn -0.887011 0 -0.461749 
vn -0.843391 0 -0.5373 
vn -0.866025 0 -0.5 
vn -0.819152 0 -0.573576 
vn -0.843391 0 -0.5373 
vn -0.793353 0 -0.608761 
vn -0.819152 0 -0.573576 
vn -0.766044 0 -0.642788 
vn -0.793353 0 -0.608761 
vn -0.737277 0 -0.67559 
vn -0.766044 0 -0.642788 
vn -0.707107 0 -0.707107 
vn -0.737277 0 -0.67559 
vn -0.67559 0 -0.737277 
vn -0.707107 0 -0.707107 
vn -0.642788 0 -0.766044 
vn -0.67559 0 -0.737277 
vn -0.608761 0 -0.793353 
vn -0.642788 0 -0.766044 
vn -0.573576 0 -0.819152 
vn -0.608761 0 -0.793353 
vn -0.5373 0 -0.843391 
vn -0.573576 0 -0.819152 
vn -0.5 0 -0.866025 
vn -0.5373 0 -0.843391 
vn -0.461749 0 -0.887011 
vn -0.5 0 -0.866025 
vn -0.422618 0 -0.906308 
vn -0.461749 0 -0.887011 
vn -0.382683 0 -0.92388 
vn -0.422618 0 -0.906308 
vn -0.34202 0 -0.939693 
vn -0.382683 0 -0.92388 
vn -0.300706 0 -0.953717 
vn -0.34202 0 -0.939693 
vn -0.258819 0 -0.965926 
vn -0.300706 0 -0.953717 
vn -0.21644 0 -0.976296 
vn -0.258819 0 -0.965926 
vn -0.173648 0 -0.984808 
vn -0.21644 0 -0.976296 
vn -0.130526 0 -0.991445 
vn -0.173648 0 -0.984808 
vn -0.0871557 0 -0.996195 
vn -0.130526 0 -0.991445 
vn -0.0436194 0 -0.999048 
vn -0.0871557 0 -0.996195 
vn 2.44929e-16 0 -1 
vn -0.0436194 0 -0.999048 
vn 0.0436194 0 -0.999048 
vn 2.44929e-16 0 -1 
vn 0.0871557 0 -0.996195 
vn 0.0436194 0 -0.999048 
vn 0.130526 0 -0.991445 
vn 0.0871557 0 -0.996195 
vn 0.173648 0 -0.984808 
vn 0.130526 0 -0.991445 
vn 0.21644 0 -0.976296 
vn 0.173648 0 -0.984808 
vn 0.258819 0 -0.965926 
vn 0.21644 0 -0.976296 
vn 0.300706 0 -0.953717 
vn 0.258819 0 -0.965926 
vn 0.34202 0 -0.939693 
vn 0.300706 0 -0.953717 
vn 0.382683 0 -0.92388 
vn 0.34202 0 -0.939693 
vn 0.422618 0 -0.906308 
vn 0.382683 0 -0.92388 
vn 0.461749 0 -0.887011 
vn 0.422618 0 -0.906308 
vn 0.5 0 -0.866025 
vn 0.461749 0 -0.887011 
vn 0.5373 0 -0.843391 
vn 0.5 0 -0.866025 
vn 0.573576 0 -0.819152 
vn 0.5373 0 -0.843391 
vn 0.608761 0 -0.793353 
vn 0.573576 0 -0.819152 
vn 0.642788 0 -0.766044 
vn 0.608761 0 -0.793353 
vn 0.67559 0 -0.737277 
vn 0.642788 0 -0.766044 
vn 0.707107 0 -0.707107 
vn 0.67559 0 -0.737277 
vn 0.737277 0 -0.67559 
vn 0.707107 0 -0.707107 
vn 0.766044 0 -0.642788 
vn 0.737277 0 -0.67559 
vn 0.793353 0 -0.608761 
vn 0.766044 0 -0.642788 
vn 0.819152 0 -0.573576 
vn 0.793353 0 -0.608761 
vn 0.843391 0 -0.5373 
vn 0.819152 0 -0.573576 
vn 0.866025 0 -0.5 
vn 0.843391 0 -0.5373 
vn 0.887011 0 -0.461749 
vn 0.866025 0 -0.5 
vn 0.906308 0 -0.422618 
vn 0.887011 0 -0.461749 
vn 0.92388 0 -0.382683 
vn 0.906308 0 -0.422618 
vn 0.939693 0 -0.34202 
vn 0.92388 0 -0.382683 
vn 0.953717 0 -0.300706 
vn 0.939693 0 -0.34202 
vn 0.965926 0 -0.258819 
vn 0.953717 0 -0.300706 
vn 0.976296 0 -0.21644 
vn 0.965926 0 -0.258819 
vn 0.984808 0 -0.173648 
vn 0.976296 0 -0.21644 
vn 0.991445 0 -0.130526 
vn 0.984808 0 -0.173648 
vn 0.996195 0 -0.0871557 
vn 0.991445 0 -0.130526 
vn 0.999048 0 -0.0436194 
vn 0.996195 0 -0.0871557 
vn 1 0 1.83697e-16 
vn 0.999048 0 -0.0436194 
vn 0.999048 0 0.0436194 
vn 1 0 1.83697e-16 
vn 0.996195 0 0.0871557 
vn 0.999048 0 0.0436194 
vn 0.991445 0 0.130526 
vn 0.996195 0 0.0871557 
vn 0.984808 0 0.173648 
vn 0.991445 0 0.130526 
vn 0.976296 0 0.21644 
vn 0.984808 0 0.173648 
vn 0.965926 0 0.258819 
vn 0.976296 0 0.21644 
vn 0.953717 0 0.300706 
vn 0.965926 0 0.258819 
vn 0.939693 0 0.34202 
vn 0.953717 0 0.300706 
vn 0.92388 0 0.382683 
vn 0.939693 0 0.34202 
vn 0.906308 0 0.422618 
vn 0.92388 0 0.382683 
vn 0.887011 0 0.461749 
vn 0.906308 0 0.422618 
vn 0.866025 0 0.5 
vn 0.887011 0 0.461749 
vn 0.843391 0 0.5373 
vn 0.866025 0 0.5 
vn 0.819152 0 0.573576 
vn 0.843391 0 0.5373 
vn 0.793353 0 0.608761 
vn 0.819152 0 0.573576 
vn 0.766044 0 0.642788 
vn 0.793353 0 0.608761 
vn 0.737277 0 0.67559 
vn 0.766044 0 0.642788 
vn 0.707107 0 0.707107 
vn 0.737277 0 0.67559 
vn 0.67559 0 0.737277 
vn 0.707107 0 0.707107 
vn 0.642788 0 0.766044 
vn 0.67559 0 0.737277 
vn 0.608761 0 0.793353 
vn 0.642788 0 0.766044 
vn 0.573576 0 0.819152 
vn 0.608761 0 0.793353 
vn 0.5373 0 0.843391 
vn 0.573576 0 0.819152 
vn 0.5 0 0.866025 
vn 0.5373 0 0.843391 
vn 0.461749 0 0.887011 
vn 0.5 0 0.866025 
vn 0.422618 0 0.906308 
vn 0.461749 0 0.887011 
vn 0.382683 0 0.92388 
vn 0.422618 0 0.906308 
vn 0.34202 0 0.939693 
vn 0.382683 0 0.92388 
vn 0.300706 0 0.953717 
vn 0.34202 0 0.939693 
vn 0.258819 0 0.965926 
vn 0.300706 0 0.953717 
vn 0.21644 0 0.976296 
vn 0.258819 0 0.965926 
vn 0.173648 0 0.984808 
vn 0.21644 0 0.976296 
vn 0.130526 0 0.991445 
vn 0.173648 0 0.984808 
vn 0.0871557 0 0.996195 
vn 0.130526 0 0.991445 
vn 0.0436194 0 0.999048 
vn 0.0871557 0 0.996195 
vn -1.22465e-16 0 1 
vn 0.0436194 0 0.999048 
vn -0.0436194 0 0.999048 
vn -1.22465e-16 0 1 
vn -0.0871557 0 0.996195 
vn -0.0436194 0 0.999048 
vn -0.130526 0 0.991445 
vn -0.0871557 0 0.996195 
vn -0.173648 0 0.984808 
vn -0.130526 0 0.991445 
vn -0.21644 0 0.976296 
vn -0.173648 0 0.984808 
vn -0.258819 0 0.965926 
vn -0.21644 0 0.976296 
vn -0.300706 0 0.953717 
vn -0.258819 0 0.965926 
vn -0.34202 0 0.939693 
vn -0.300706 0 0.953717 
vn -0.382683 0 0.92388 
vn -0.34202 0 0.939693 
vn -0.422618 0 0.906308 
vn -0.382683 0 0.92388 
vn -0.461749 0 0.887011 
vn -0.422618 0 0.906308 
vn -0.5 0 0.866025 
vn -0.461749 0 0.887011 
vn -0.5373 0 0.843391 
vn -0.5 0 0.866025 
vn -0.573576 0 0.819152 
vn -0.5373 0 0.843391 
vn -0.608761 0 0.793353 
vn -0.573576 0 0.819152 
vn -0.642788 0 0.766044 
vn -0.608761 0 0.793353 
vn -0.67559 0 0.737277 
vn -0.642788 0 0.766044 
vn -0.707107 0 0.707107 
vn -0.67559 0 0.737277 
vn -0.737277 0 0.67559 
vn -0.707107 0 0.707107 
vn -0.766044 0 0.642788 
vn -0.737277 0 0.67559 
vn -0.793353 0 0.608761 
vn -0.766044 0 0.642788 
vn -0.819152 0 0.573576 
vn -0.793353 0 0.608761 
vn -0.843391 0 0.5373 
vn -0.819152 0 0.573576 
vn -0.866025 0 0.5 
vn -0.843391 0 0.5373 
vn -0.887011 0 0.461749 
vn -0.866025 0 0.5 
vn -0.906308 0 0.422618 
vn -0.887011 0 0.461749 
vn -0.92388 0 0.382683 
vn -0.906308 0 0.422618 
vn -0.939693 0 0.34202 
vn -0.92388 0 0.382683 
vn -0.953717 0 0.300706 
vn -0.939693 0 0.34202 
vn -0.965926 0 0.258819 
vn -0.953717 0 0.300706 
vn -0.976296 0 0.21644 
vn -0.965926 0 0.258819 
vn -0.984808 0 0.173648 
vn -0.976296 0 0.21644 
vn -0.991445 0 0.130526 
vn -0.984808 0 0.173648 
vn -0.996195 0 0.0871557 
vn -0.991445 0 0.130526 
vn -0.999048 0 0.0436194 
vn -0.996195 0 0.0871557 
vn -1 0 -6.12323e-17 
vn -0.999048 0 0.0436194 
vn 0 1 0 
vn -0.999048 0 -0.0436194 
vn -1 0 -3.06162e-16 
vn -0.996195 0 -0.0871557 
vn -0.999048 0 -0.0436194 
vn -0.991445 0 -0.130526 
vn -0.996195 0 -0.0871557 
vn -0.984808 0 -0.173648 
vn -0.991445 0 -0.130526 
vn -0.976296 0 -0.21644 
vn -0.984808 0 -0.173648 
vn -0.965926 0 -0.258819 
vn -0.976296 0 -0.21644 
vn -0.953717 0 -0.300706 
vn -0.965926 0 -0.258819 
vn -0.939693 0 -0.34202 
vn -0.953717 0 -0.300706 
vn -0.92388 0 -0.382683 
vn -0.939693 0 -0.34202 
vn -0.906308 0 -0.422618 
vn -0.92388 0 -0.382683 
vn -0.887011 0 -0.461749 
vn -0.906308 0 -0.422618 
vn -0.866025 0 -0.5 
vn -0.887011 0 -0.461749 
vn -0.843391 0 -0.5373 
vn -0.866025 0 -0.5 
vn -0.819152 0 -0.573576 
vn -0.843391 0 -0.5373 
vn -0.793353 0 -0.608761 
vn -0.819152 0 -0.573576 
vn -0.766044 0 -0.642788 
vn -0.793353 0 -0.608761 
vn -0.737277 0 -0.67559 
vn -0.766044 0 -0.642788 
vn -0.707107 0 -0.707107 
vn -0.737277 0 -0.67559 
vn -0.67559 0 -0.737277 
vn -0.707107 0 -0.707107 
vn -0.642788 0 -0.766044 
vn -0.67559 0 -0.737277 
vn -0.608761 0 -0.793353 
vn -0.642788 0 -0.766044 
vn -0.573576 0 -0.819152 
vn -0.608761 0 -0.793353 
vn -0.5373 0 -0.843391 
vn -0.573576 0 -0.819152 
vn -0.5 0 -0.866025 
vn -0.5373 0 -0.843391 
vn -0.461749 0 -0.887011 
vn -0.5 0 -0.866025 
vn -0.422618 0 -0.906308 
vn -0.461749 0 -0.887011 
vn -0.382683 0 -0.92388 
vn -0.422618 0 -0.906308 
vn -0.34202 0 -0.939693 
vn -0.382683 0 -0.92388 
vn -0.300706 0 -0.953717 
vn -0.34202 0 -0.939693 
vn -0.258819 0 -0.965926 
vn -0.300706 0 -0.953717 
vn -0.21644 0 -0.976296 
vn -0.258819 0 -0.965926 
vn -0.173648 0 -0.984808 
vn -0.21644 0 -0.976296 
vn -0.130526 0 -0.991445 
vn -0.173648 0 -0.984808 
vn -0.0871557 0 -0.996195 
vn -0.130526 0 -0.991445 
vn -0.0436194 0 -0.999048 
vn -0.0871557 0 -0.996195 
vn 2.44929e-16 0 -1 
vn -0.0436194 0 -0.999048 
vn 0.0436194 0 -0.999048 
vn 2.44929e-16 0 -1 
vn 0.0871557 0 -0.996195 
vn 0.0436194 0 -0.999048 
vn 0.130526 0 -0.991445 
vn 0.0871557 0 -0.996195 
vn 0.173648 0 -0.984808 
vn 0.130526 0 -0.991445 
vn 0.21644 0 -0.976296 
vn 0.173648 0 -0.984808 
vn 0.258819 0 -0.965926 
vn 0.21644 0 -0.976296 
vn 0.300706 0 -0.953717 
vn 0.258819 0 -0.965926 
vn 0.34202 0 -0.939693 
vn 0.300706 0 -0.953717 
vn 0.382683 0 -0.92388 
vn 0.34202 0 -0.939693 
vn 0.422618 0 -0.906308 
vn 0.382683 0 -0.92388 
vn 0.461749 0 -0.887011 
vn 0.422618 0 -0.906308 
vn 0.5 0 -0.866025 
vn 0.461749 0 -0.887011 
vn 0.5373 0 -0.843391 
vn 0.5 0 -0.866025 
vn 0.573576 0 -0.819152 
vn 0.5373 0 -0.843391 
vn 0.608761 0 -0.793353 
vn 0.573576 0 -0.819152 
vn 0.642788 0 -0.766044 
vn 0.608761 0 -0.793353 
vn 0.67559 0 -0.737277 
vn 0.642788 0 -0.766044 
vn 0.707107 0 -0.707107 
vn 0.67559 0 -0.737277 
vn 0.737277 0 -0.67559 
vn 0.707107 0 -0.707107 
vn 0.766044 0 -0.642788 
vn 0.737277 0 -0.67559 
vn 0.793353 0 -0.608761 
vn 0.766044 0 -0.642788 
vn 0.819152 0 -0.573576 
vn 0.793353 0 -0.608761 
vn 0.843391 0 -0.5373 
vn 0.819152 0 -0.573576 
vn 0.866025 0 -0.5 
vn 0.843391 0 -0.5373 
vn 0.887011 0 -0.461749 
vn 0.866025 0 -0.5 
vn 0.906308 0 -0.422618 
vn 0.887011 0 -0.461749 
vn 0.92388 0 -0.382683 
vn 0.906308 0 -0.422618 
vn 0.939693 0 -0.34202 
vn 0.92388 0 -0.382683 
vn 0.953717 0 -0.300706 
vn 0.939693 0 -0.34202 
vn 0.965926 0 -0.258819 
vn 0.953717 0 -0.300706 
vn 0.976296 0 -0.21644 
vn 0.965926 0 -0.258819 
vn 0.984808 0 -0.173648 
vn 0.976296 0 -0.21644 
vn 0.991445 0 -0.130526 
vn 0.984808 0 -0.173648 
vn 0.996195 0 -0.0871557 
vn 0.991445 0 -0.130526 
vn 0.999048 0 -0.0436194 
vn 0.996195 0 -0.0871557 
vn 1 0 1.83697e-16 
vn 0.999048 0 -0.0436194 
vn 0.999048 0 0.0436194 
vn 1 0 1.83697e-16 
vn 0.996195 0 0.0871557 
vn 0.999048 0 0.0436194 
vn 0.991445 0 0.130526 
vn 0.996195 0 0.0871557 
vn 0.984808 0 0.173648 
vn 0.991445 0 0.130526 
vn 0.976296 0 0.21644 
vn 0.984808 0 0.173648 
vn 0.965926 0 0.258819 
vn 0.976296 0 0.21644 
vn 0.953717 0 0.300706 
vn 0.965926 0 0.258819 
vn 0.939693 0 0.34202 
vn 0.953717 0 0.300706 
vn 0.92388 0 0.382683 
vn 0.939693 0 0.34202 
vn 0.906308 0 0.422618 
vn 0.92388 0 0.382683 
vn 0.887011 0 0.461749 
vn 0.906308 0 0.422618 
vn 0.866025 0 0.5 
vn 0.887011 0 0.461749 
vn 0.843391 0 0.5373 
vn 0.866025 0 0.5 
vn 0.819152 0 0.573576 
vn 0.843391 0 0.5373 
vn 0.793353 0 0.608761 
vn 0.819152 0 0.573576 
vn 0.766044 0 0.642788 
vn 0.793353 0 0.608761 
vn 0.737277 0 0.67559 
vn 0.766044 0 0.642788 
vn 0.707107 0 0.707107 
vn 0.737277 0 0.67559 
vn 0.67559 0 0.737277 
vn 0.707107 0 0.707107 
vn 0.642788 0 0.766044 
vn 0.67559 0 0.737277 
vn 0.608761 0 0.793353 
vn 0.642788 0 0.766044 
vn 0.573576 0 0.819152 
vn 0.608761 0 0.793353 
vn 0.5373 0 0.843391 
vn 0.573576 0 0.819152 
vn 0.5 0 0.866025 
vn 0.5373 0 0.843391 
vn 0.461749 0 0.887011 
vn 0.5 0 0.866025 
vn 0.422618 0 0.906308 
vn 0.461749 0 0.887011 
vn 0.382683 0 0.92388 
vn 0.422618 0 0.906308 
vn 0.34202 0 0.939693 
vn 0.382683 0 0.92388 
vn 0.300706 0 0.953717 
vn 0.34202 0 0.939693 
vn 0.258819 0 0.965926 
vn 0.300706 0 0.953717 
vn 0.21644 0 0.976296 
vn 0.258819 0 0.965926 
vn 0.173648 0 0.984808 
vn 0.21644 0 0.976296 
vn 0.130526 0 0.991445 
vn 0.173648 0 0.984808 
vn 0.0871557 0 0.996195 
vn 0.130526 0 0.991445 
vn 0.0436194 0 0.999048 
vn 0.0871557 0 0.996195 
vn -1.22465e-16 0 1 
vn 0.0436194 0 0.999048 
vn -0.0436194 0 0.999048 
vn -1.22465e-16 0 1 
vn -0.0871557 0 0.996195 
vn -0.0436194 0 0.999048 
vn -0.130526 0 0.991445 
vn -0.0871557 0 0.996195 
vn -0.173648 0 0.984808 
vn -0.130526 0 0.991445 
vn -0.21644 0 0.976296 
vn -0.173648 0 0.984808 
vn -0.258819 0 0.965926 
vn -0.21644 0 0.976296 
vn -0.300706 0 0.953717 
vn -0.258819 0 0.965926 
vn -0.34202 0 0.939693 
vn -0.300706 0 0.953717 
vn -0.382683 0 0.92388 
vn -0.34202 0 0.939693 
vn -0.422618 0 0.906308 
vn -0.382683 0 0.92388 
vn -0.461749 0 0.887011 
vn -0.422618 0 0.906308 
vn -0.5 0 0.866025 
vn -0.461749 0 0.887011 
vn -0.5373 0 0.843391 
vn -0.5 0 0.866025 
vn -0.573576 0 0.819152 
vn -0.5373 0 0.843391 
vn -0.608761 0 0.793353 
vn -0.573576 0 0.819152 
vn -0.642788 0 0.766044 
vn -0.608761 0 0.793353 
vn -0.67559 0 0.737277 
vn -0.642788 0 0.766044 
vn -0.707107 0 0.707107 
vn -0.67559 0 0.737277 
vn -0.737277 0 0.67559 
vn -0.707107 0 0.707107 
vn -0.766044 0 0.642788 
vn -0.737277 0 0.67559 
vn -0.793353 0 0.608761 
vn -0.766044 0 0.642788 
vn -0.819152 0 0.573576 
vn -0.793353 0 0.608761 
vn -0.843391 0 0.5373 
vn -0.819152 0 0.573576 
vn -0.866025 0 0.5 
vn -0.843391 0 0.5373 
vn -0.887011 0 0.461749 
vn -0.866025 0 0.5 
vn -0.906308 0 0.422618 
vn -0.887011 0 0.461749 
vn -0.92388 0 0.382683 
vn -0.906308 0 0.422618 
vn -0.939693 0 0.34202 
vn -0.92388 0 0.382683 
vn -0.953717 0 0.300706 
vn -0.939693 0 0.34202 
vn -0.965926 0 0.258819 
vn -0.953717 0 0.300706 
vn -0.976296 0 0.21644 
vn -0.965926 0 0.258819 
vn -0.984808 0 0.173648 
vn -0.976296 0 0.21644 
vn -0.991445 0 0.130526 
vn -0.984808 0 0.173648 
vn -0.996195 0 0.0871557 
vn -0.991445 0 0.130526 
vn -0.999048 0 0.0436194 
vn -0.996195 0 0.0871557 
vn -1 0 -6.12323e-17 
vn -0.999048 0 0.0436194 
vn 0 1 0 
vn -0.999048 0 -0.0436194 
vn -1 0 -3.06162e-16 
vn -0.996195 0 -0.0871557 
vn -0.999048 0 -0.0436194 
vn -0.991445 0 -0.130526 
vn -0.996195 0 -0.0871557 
vn -0.984808 0 -0.173648 
vn -0.991445 0 -0.130526 
vn -0.976296 0 -0.21644 
vn -0.984808 0 -0.173648 
vn -0.965926 0 -0.258819 
vn -0.976296 0 -0.21644 
vn -0.953717 0 -0.300706 
vn -0.965926 0 -0.258819 
vn -0.939693 0 -0.34202 
vn -0.953717 0 -0.300706 
vn -0.92388 0 -0.382683 
vn -0.939693 0 -0.34202 
vn -0.906308 0 -0.422618 
vn -0.92388 0 -0.382683 
vn -0.887011 0 -0.461749 
vn -0.906308 0 -0.422618 
vn -0.866025 0 -0.5 
vn -0.887011 0 -0.461749 
vn -0.843391 0 -0.5373 
vn -0.866025 0 -0.5 
vn -0.819152 0 -0.573576 
vn -0.843391 0 -0.5373 
vn -0.793353 0 -0.608761 
vn -0.819152 0 -0.573576 
vn -0.766044 0 -0.642788 
vn -0.793353 0 -0.608761 
vn -0.737277 0 -0.67559 
vn -0.766044 0 -0.642788 
vn -0.707107 0 -0.707107 
vn -0.737277 0 -0.67559 
vn -0.67559 0 -0.737277 
vn -0.707107 0 -0.707107 
vn -0.642788 0 -0.766044 
vn -0.67559 0 -0.737277 
vn -0.608761 0 -0.793353 
vn -0.642788 0 -0.766044 
vn -0.573576 0 -0.819152 
vn -0.608761 0 -0.793353 
vn -0.5373 0 -0.843391 
vn -0.573576 0 -0.819152 
vn -0.5 0 -0.866025 
vn -0.5373 0 -0.843391 
vn -0.461749 0 -0.887011 
vn -0.5 0 -0.866025 
vn -0.422618 0 -0.906308 
vn -0.461749 0 -0.887011 
vn -0.382683 0 -0.92388 
vn -0.422618 0 -0.906308 
vn -0.34202 0 -0.939693 
vn -0.382683 0 -0.92388 
vn -0.300706 0 -0.953717 
vn -0.34202 0 -0.939693 
vn -0.258819 0 -0.965926 
vn -0.300706 0 -0.953717 
vn -0.21644 0 -0.976296 
vn -0.258819 0 -0.965926 
vn -0.173648 0 -0.984808 
vn -0.21644 0 -0.976296 
vn -0.130526 0 -0.991445 
vn -0.173648 0 -0.984808 
vn -0.0871557 0 -0.996195 
vn -0.130526 0 -0.991445 
vn -0.0436194 0 -0.999048 
vn -0.0871557 0 -0.996195 
vn 2.44929e-16 0 -1 
vn -0.0436194 0 -0.999048 
vn 0.0436194 0 -0.999048 
vn 2.44929e-16 0 -1 
vn 0.0871557 0 -0.996195 
vn 0.0436194 0 -0.999048 
vn 0.130526 0 -0.991445 
vn 0.0871557 0 -0.996195 
vn 0.173648 0 -0.984808 
vn 0.130526 0 -0.991445 
vn 0.21644 0 -0.976296 
vn 0.173648 0 -0.984808 
vn 0.258819 0 -0.965926 
vn 0.21644 0 -0.976296 
vn 0.300706 0 -0.953717 
vn 0.258819 0 -0.965926 
vn 0.34202 0 -0.939693 
vn 0.300706 0 -0.953717 
vn 0.382683 0 -0.92388 
vn 0.34202 0 -0.939693 
vn 0.422618 0 -0.906308 
vn 0.382683 0 -0.92388 
vn 0.461749 0 -0.887011 
vn 0.422618 0 -0.906308 
vn 0.5 0 -0.866025 
vn 0.461749 0 -0.887011 
vn 0.5373 0 -0.843391 
vn 0.5 0 -0.866025 
vn 0.573576 0 -0.819152 
vn 0.5373 0 -0.843391 
vn 0.608761 0 -0.793353 
vn 0.573576 0 -0.819152 
vn 0.642788 0 -0.766044 
vn 0.608761 0 -0.793353 
vn 0.67559 0 -0.737277 
vn 0.642788 0 -0.766044 
vn 0.707107 0 -0.707107 
vn 0.67559 0 -0.737277 
vn 0.737277 0 -0.67559 
vn 0.707107 0 -0.707107 
vn 0.766044 0 -0.642788 
vn 0.737277 0 -0.67559 
vn 0.793353 0 -0.608761 
vn 0.766044 0 -0.642788 
vn 0.819152 0 -0.573576 
vn 0.793353 0 -0.608761 
vn 0.843391 0 -0.5373 
vn 0.819152 0 -0.573576 
vn 0.866025 0 -0.5 
vn 0.843391 0 -0.5373 
vn 0.887011 0 -0.461749 
vn 0.866025 0 -0.5 
vn 0.906308 0 -0.422618 
vn 0.887011 0 -0.461749 
vn 0.92388 0 -0.382683 
vn 0.906308 0 -0.422618 
vn 0.939693 0 -0.34202 
vn 0.92388 0 -0.382683 
vn 0.953717 0 -0.300706 
vn 0.939693 0 -0.34202 
vn 0.965926 0 -0.258819 
vn 0.953717 0 -0.300706 
vn 0.976296 0 -0.21644 
vn 0.965926 0 -0.258819 
vn 0.984808 0 -0.173648 
vn 0.976296 0 -0.21644 
vn 0.991445 0 -0.130526 
vn 0.984808 0 -0.173648 
vn 0.996195 0 -0.0871557 
vn 0.991445 0 -0.130526 
vn 0.999048 0 -0.0436194 
vn 0.996195 0 -0.0871557 
vn 1 0 1.83697e-16 
vn 0.999048 0 -0.0436194 
vn 0.999048 0 0.0436194 
vn 1 0 1.83697e-16 
vn 0.996195 0 0.0871557 
vn 0.999048 0 0.0436194 
vn 0.991445 0 0.130526 
vn 0.996195 0 0.0871557 
vn 0.984808 0 0.173648 
vn 0.991445 0 0.130526 
vn 0.976296 0 0.21644 
vn 0.984808 0 0.173648 
vn 0.965926 0 0.258819 
vn 0.976296 0 0.21644 
vn 0.953717 0 0.300706 
vn 0.965926 0 0.258819 
vn 0.939693 0 0.34202 
vn 0.953717 0 0.300706 
vn 0.92388 0 0.382683 
vn 0.939693 0 0.34202 
vn 0.906308 0 0.422618 
vn 0.92388 0 0.382683 
vn 0.887011 0 0.461749 
vn 0.906308 0 0.422618 
vn 0.866025 0 0.5 
vn 0.887011 0 0.461749 
vn 0.843391 0 0.5373 
vn 0.866025 0 0.5 
vn 0.819152 0 0.573576 
vn 0.843391 0 0.5373 
vn 0.793353 0 0.608761 
vn 0.819152 0 0.573576 
vn 0.766044 0 0.642788 
vn 0.793353 0 0.608761 
vn 0.737277 0 0.67559 
vn 0.766044 0 0.642788 
vn 0.707107 0 0.707107 
vn 0.737277 0 0.67559 
vn 0.67559 0 0.737277 
vn 0.707107 0 0.707107 
vn 0.642788 0 0.766044 
vn 0.67559 0 0.737277 
vn 0.608761 0 0.793353 
vn 0.642788 0 0.766044 
vn 0.573576 0 0.819152 
vn 0.608761 0 0.793353 
vn 0.5373 0 0.843391 
vn 0.573576 0 0.819152 
vn 0.5 0 0.866025 
vn 0.5373 0 0.843391 
vn 0.461749 0 0.887011 
vn 0.5 0 0.866025 
vn 0.422618 0 0.906308 
vn 0.461749 0 0.887011 
vn 0.382683 0 0.92388 
vn 0.422618 0 0.906308 
vn 0.34202 0 0.939693 
vn 0.382683 0 0.92388 
vn 0.300706 0 0.953717 
vn 0.34202 0 0.939693 
vn 0.258819 0 0.965926 
vn 0.300706 0 0.953717 
vn 0.21644 0 0.976296 
vn 0.258819 0 0.965926 
vn 0.173648 0 0.984808 
vn 0.21644 0 0.976296 
vn 0.130526 0 0.991445 
vn 0.173648 0 0.984808 
vn 0.0871557 0 0.996195 
vn 0.130526 0 0.991445 
vn 0.0436194 0 0.999048 
vn 0.0871557 0 0.996195 
vn -1.22465e-16 0 1 
vn 0.0436194 0 0.999048 
vn -0.0436194 0 0.999048 
vn -1.22465e-16 0 1 
vn -0.0871557 0 0.996195 
vn -0.0436194 0 0.999048 
vn -0.130526 0 0.991445 
vn -0.0871557 0 0.996195 
vn -0.173648 0 0.984808 
vn -0.130526 0 0.991445 
vn -0.21644 0 0.976296 
vn -0.173648 0 0.984808 
vn -0.258819 0 0.965926 
vn -0.21644 0 0.976296 
vn -0.300706 0 0.953717 
vn -0.258819 0 0.965926 
vn -0.34202 0 0.939693 
vn -0.300706 0 0.953717 
vn -0.382683 0 0.92388 
vn -0.34202 0 0.939693 
vn -0.422618 0 0.906308 
vn -0.382683 0 0.92388 
vn -0.461749 0 0.887011 
vn -0.422618 0 0.906308 
vn -0.5 0 0.866025 
vn -0.461749 0 0.887011 
vn -0.5373 0 0.843391 
vn -0.5 0 0.866025 
vn -0.573576 0 0.819152 
vn -0.5373 0 0.843391 
vn -0.608761 0 0.793353 
vn -0.573576 0 0.819152 
vn -0.642788 0 0.766044 
vn -0.608761 0 0.793353 
vn -0.67559 0 0.737277 
vn -0.642788 0 0.766044 
vn -0.707107 0 0.707107 
vn -0.67559 0 0.737277 
vn -0.737277 0 0.67559 
vn -0.707107 0 0.707107 
vn -0.766044 0 0.642788 
vn -0.737277 0 0.67559 
vn -0.793353 0 0.608761 
vn -0.766044 0 0.642788 
vn -0.819152 0 0.573576 
vn -0.793353 0 0.608761 
vn -0.843391 0 0.5373 
vn -0.819152 0 0.573576 
vn -0.866025 0 0.5 
vn -0.843391 0 0.5373 
vn -0.887011 0 0.461749 
vn -0.866025 0 0.5 
vn -0.906308 0 0.422618 
vn -0.887011 0 0.461749 
vn -0.92388 0 0.382683 
vn -0.906308 0 0.422618 
vn -0.939693 0 0.34202 
vn -0.92388 0 0.382683 
vn -0.953717 0 0.300706 
vn -0.939693 0 0.34202 
vn -0.965926 0 0.258819 
vn -0.953717 0 0.300706 
vn -0.976296 0 0.21644 
vn -0.965926 0 0.258819 
vn -0.984808 0 0.173648 
vn -0.976296 0 0.21644 
vn -0.991445 0 0.130526 
vn -0.984808 0 0.173648 
vn -0.996195 0 0.0871557 
vn -0.991445 0 0.130526 
vn -0.999048 0 0.0436194 
vn -0.996195 0 0.0871557 
vn -1 0 -6.12323e-17 
vn -0.999048 0 0.0436194 
vn 0 1 0 
vn -0.999048 0 -0.0436194 
vn -1 0 -3.06162e-16 
vn -0.996195 0 -0.0871557 
vn -0.999048 0 -0.0436194 
vn -0.991445 0 -0.130526 
vn -0.996195 0 -0.0871557 
vn -0.984808 0 -0.173648 
vn -0.991445 0 -0.130526 
vn -0.976296 0 -0.21644 
vn -0.984808 0 -0.173648 
vn -0.965926 0 -0.258819 
vn -0.976296 0 -0.21644 
vn -0.953717 0 -0.300706 
vn -0.965926 0 -0.258819 
vn -0.939693 0 -0.34202 
vn -0.953717 0 -0.300706 
vn -0.92388 0 -0.382683 
vn -0.939693 0 -0.34202 
vn -0.906308 0 -0.422618 
vn -0.92388 0 -0.382683 
vn -0.887011 0 -0.461749 
vn -0.906308 0 -0.422618 
vn -0.866025 0 -0.5 
vn -0.887011 0 -0.461749 
vn -0.843391 0 -0.5373 
vn -0.866025 0 -0.5 
vn -0.819152 0 -0.573576 
vn -0.843391 0 -0.5373 
vn -0.793353 0 -0.608761 
vn -0.819152 0 -0.573576 
vn -0.766044 0 -0.642788 
vn -0.793353 0 -0.608761 
vn -0.737277 0 -0.67559 
vn -0.766044 0 -0.642788 
vn -0.707107 0 -0.707107 
vn -0.737277 0 -0.67559 
vn -0.67559 0 -0.737277 
vn -0.707107 0 -0.707107 
vn -0.642788 0 -0.766044 
vn -0.67559 0 -0.737277 
vn -0.608761 0 -0.793353 
vn -0.642788 0 -0.766044 
vn -0.573576 0 -0.819152 
vn -0.608761 0 -0.793353 
vn -0.5373 0 -0.843391 
vn -0.573576 0 -0.819152 
vn -0.5 0 -0.866025 
vn -0.5373 0 -0.843391 
vn -0.461749 0 -0.887011 
vn -0.5 0 -0.866025 
vn -0.422618 0 -0.906308 
vn -0.461749 0 -0.887011 
vn -0.382683 0 -0.92388 
vn -0.422618 0 -0.906308 
vn -0.34202 0 -0.939693 
vn -0.382683 0 -0.92388 
vn -0.300706 0 -0.953717 
vn -0.34202 0 -0.939693 
vn -0.258819 0 -0.965926 
vn -0.300706 0 -0.953717 
vn -0.21644 0 -0.976296 
vn -0.258819 0 -0.965926 
vn -0.173648 0 -0.984808 
vn -0.21644 0 -0.976296 
vn -0.130526 0 -0.991445 
vn -0.173648 0 -0.984808 
vn -0.0871557 0 -0.996195 
vn -0.130526 0 -0.991445 
vn -0.0436194 0 -0.999048 
vn -0.0871557 0 -0.996195 
vn 2.44929e-16 0 -1 
vn -0.0436194 0 -0.999048 
vn 0.0436194 0 -0.999048 
vn 2.44929e-16 0 -1 
vn 0.0871557 0 -0.996195 
vn 0.0436194 0 -0.999048 
vn 0.130526 0 -0.991445 
vn 0.0871557 0 -0.996195 
vn 0.173648 0 -0.984808 
vn 0.130526 0 -0.991445 
vn 0.21644 0 -0.976296 
vn 0.173648 0 -0.984808 
vn 0.258819 0 -0.965926 
vn 0.21644 0 -0.976296 
vn 0.300706 0 -0.953717 
vn 0.258819 0 -0.965926 
vn 0.34202 0 -0.939693 
vn 0.300706 0 -0.953717 
vn 0.382683 0 -0.92388 
vn 0.34202 0 -0.939693 
vn 0.422618 0 -0.906308 
vn 0.382683 0 -0.92388 
vn 0.461749 0 -0.887011 
vn 0.422618 0 -0.906308 
vn 0.5 0 -0.866025 
vn 0.461749 0 -0.887011 
vn 0.5373 0 -0.843391 
vn 0.5 0 -0.866025 
vn 0.573576 0 -0.819152 
vn 0.5373 0 -0.843391 
vn 0.608761 0 -0.793353 
vn 0.573576 0 -0.819152 
vn 0.642788 0 -0.766044 
vn 0.608761 0 -0.793353 
vn 0.67559 0 -0.737277 
vn 0.642788 0 -0.766044 
vn 0.707107 0 -0.707107 
vn 0.67559 0 -0.737277 
vn 0.737277 0 -0.67559 
vn 0.707107 0 -0.707107 
vn 0.766044 0 -0.642788 
vn 0.737277 0 -0.67559 
vn 0.793353 0 -0.608761 
vn 0.766044 0 -0.642788 
vn 0.819152 0 -0.573576 
vn 0.793353 0 -0.608761 
vn 0.843391 0 -0.5373 
vn 0.819152 0 -0.573576 
vn 0.866025 0 -0.5 
vn 0.843391 0 -0.5373 
vn 0.887011 0 -0.461749 
vn 0.866025 0 -0.5 
vn 0.906308 0 -0.422618 
vn 0.887011 0 -0.461749 
vn 0.92388 0 -0.382683 
vn 0.906308 0 -0.422618 
vn 0.939693 0 -0.34202 
vn 0.92388 0 -0.382683 
vn 0.953717 0 -0.300706 
vn 0.939693 0 -0.34202 
vn 0.965926 0 -0.258819 
vn 0.953717 0 -0.300706 
vn 0.976296 0 -0.21644 
vn 0.965926 0 -0.258819 
vn 0.984808 0 -0.173648 
vn 0.976296 0 -0.21644 
vn 0.991445 0 -0.130526 
vn 0.984808 0 -0.173648 
vn 0.996195 0 -0.0871557 
vn 0.991445 0 -0.130526 
vn 0.999048 0 -0.0436194 
vn 0.996195 0 -0.0871557 
vn 1 0 1.83697e-16 
vn 0.999048 0 -0.0436194 
vn 0.999048 0 0.0436194 
vn 1 0 1.83697e-16 
vn 0.996195 0 0.0871557 
vn 0.999048 0 0.0436194 
vn 0.991445 0 0.130526 
vn 0.996195 0 0.0871557 
vn 0.984808 0 0.173648 
vn 0.991445 0 0.130526 
vn 0.976296 0 0.21644 
vn 0.984808 0 0.173648 
vn 0.965926 0 0.258819 
vn 0.976296 0 0.21644 
vn 0.953717 0 0.300706 
vn 0.965926 0 0.258819 
vn 0.939693 0 0.34202 
vn 0.953717 0 0.300706 
vn 0.92388 0 0.382683 
vn 0.939693 0 0.34202 
vn 0.906308 0 0.422618 
vn 0.92388 0 0.382683 
vn 0.887011 0 0.461749 
vn 0.906308 0 0.422618 
vn 0.866025 0 0.5 
vn 0.887011 0 0.461749 
vn 0.843391 0 0.5373 
vn 0.866025 0 0.5 
vn 0.819152 0 0.573576 
vn 0.843391 0 0.5373 
vn 0.793353 0 0.608761 
vn 0.819152 0 0.573576 
vn 0.766044 0 0.642788 
vn 0.793353 0 0.608761 
vn 0.737277 0 0.67559 
vn 0.766044 0 0.642788 
vn 0.707107 0 0.707107 
vn 0.737277 0 0.67559 
vn 0.67559 0 0.737277 
vn 0.707107 0 0.707107 
vn 0.642788 0 0.766044 
vn 0.67559 0 0.737277 
vn 0.608761 0 0.793353 
vn 0.642788 0 0.766044 
vn 0.573576 0 0.819152 
vn 0.608761 0 0.793353 
vn 0.5373 0 0.843391 
vn 0.573576 0 0.819152 
vn 0.5 0 0.866025 
vn 0.5373 0 0.843391 
vn 0.461749 0 0.887011 
vn 0.5 0 0.866025 
vn 0.422618 0 0.906308 
vn 0.461749 0 0.887011 
vn 0.382683 0 0.92388 
vn 0.422618 0 0.906308 
vn 0.34202 0 0.939693 
vn 0.382683 0 0.92388 
vn 0.300706 0 0.953717 
vn 0.34202 0 0.939693 
vn 0.258819 0 0.965926 
vn 0.300706 0 0.953717 
vn 0.21644 0 0.976296 
vn 0.258819 0 0.965926 
vn 0.173648 0 0.984808 
vn 0.21644 0 0.976296 
vn 0.130526 0 0.991445 
vn 0.173648 0 0.984808 
vn 0.0871557 0 0.996195 
vn 0.130526 0 0.991445 
vn 0.0436194 0 0.999048 
vn 0.0871557 0 0.996195 
vn -1.22465e-16 0 1 
vn 0.0436194 0 0.999048 
vn -0.0436194 0 0.999048 
vn -1.22465e-16 0 1 
vn -0.0871557 0 0.996195 
vn -0.0436194 0 0.999048 
vn -0.130526 0 0.991445 
vn -0.0871557 0 0.996195 
vn -0.173648 0 0.984808 
vn -0.130526 0 0.991445 
vn -0.21644 0 0.976296 
vn -0.173648 0 0.984808 
vn -0.258819 0 0.965926 
vn -0.21644 0 0.976296 
vn -0.300706 0 0.953717 
vn -0.258819 0 0.965926 
vn -0.34202 0 0.939693 
vn -0.300706 0 0.953717 
vn -0.382683 0 0.92388 
vn -0.34202 0 0.939693 
vn -0.422618 0 0.906308 
vn -0.382683 0 0.92388 
vn -0.461749 0 0.887011 
vn -0.422618 0 0.906308 
vn -0.5 0 0.866025 
vn -0.461749 0 0.887011 
vn -0.5373 0 0.843391 
vn -0.5 0 0.866025 
vn -0.573576 0 0.819152 
vn -0.5373 0 0.843391 
vn -0.608761 0 0.793353 
vn -0.573576 0 0.819152 
vn -0.642788 0 0.766044 
vn -0.608761 0 0.793353 
vn -0.67559 0 0.737277 
vn -0.642788 0 0.766044 
vn -0.707107 0 0.707107 
vn -0.67559 0 0.737277 
vn -0.737277 0 0.67559 
vn -0.707107 0 0.707107 
vn -0.766044 0 0.642788 
vn -0.737277 0 0.67559 
vn -0.793353 0 0.608761 
vn -0.766044 0 0.642788 
vn -0.819152 0 0.573576 
vn -0.793353 0 0.608761 
vn -0.843391 0 0.5373 
vn -0.819152 0 0.573576 
vn -0.866025 0 0.5 
vn -0.843391 0 0.5373 
vn -0.887011 0 0.461749 
vn -0.866025 0 0.5 
vn -0.906308 0 0.422618 
vn -0.887011 0 0.461749 
vn -0.92388 0 0.382683 
vn -0.906308 0 0.422618 
vn -0.939693 0 0.34202 
vn -0.92388 0 0.382683 
vn -0.953717 0 0.300706 
vn -0.939693 0 0.34202 
vn -0.965926 0 0.258819 
vn -0.953717 0 0.300706 
vn -0.976296 0 0.21644 
vn -0.965926 0 0.258819 
vn -0.984808 0 0.173648 
vn -0.976296 0 0.21644 
vn -0.991445 0 0.130526 
vn -0.984808 0 0.173648 
vn -0.996195 0 0.0871557 
vn -0.991445 0 0.130526 
vn -0.999048 0 0.0436194 
vn -0.996195 0 0.0871557 
vn -1 0 -6.12323e-17 
vn -0.999048 0 0.0436194 
vn 0 1 0 
vn -0.999048 0 -0.0436194 
vn -1 0 -3.06162e-16 
vn -0.996195 0 -0.0871557 
vn -0.999048 0 -0.0436194 
vn -0.991445 0 -0.130526 
vn -0.996195 0 -0.0871557 
vn -0.984808 0 -0.173648 
vn -0.991445 0 -0.130526 
vn -0.976296 0 -0.21644 
vn -0.984808 0 -0.173648 
vn -0.965926 0 -0.258819 
vn -0.976296 0 -0.21644 
vn -0.953717 0 -0.300706 
vn -0.965926 0 -0.258819 
vn -0.939693 0 -0.34202 
vn -0.953717 0 -0.300706 
vn -0.92388 0 -0.382683 
vn -0.939693 0 -0.34202 
vn -0.906308 0 -0.422618 
vn -0.92388 0 -0.382683 
vn -0.887011 0 -0.461749 
vn -0.906308 0 -0.422618 
vn -0.866025 0 -0.5 
vn -0.887011 0 -0.461749 
vn -0.843391 0 -0.5373 
vn -0.866025 0 -0.5 
vn -0.819152 0 -0.573576 
vn -0.843391 0 -0.5373 
vn -0.793353 0 -0.608761 
vn -0.819152 0 -0.573576 
vn -0.766044 0 -0.642788 
vn -0.793353 0 -0.608761 
vn -0.737277 0 -0.67559 
vn -0.766044 0 -0.642788 
vn -0.707107 0 -0.707107 
vn -0.737277 0 -0.67559 
vn -0.67559 0 -0.737277 
vn -0.707107 0 -0.707107 
vn -0.642788 0 -0.766044 
vn -0.67559 0 -0.737277 
vn -0.608761 0 -0.793353 
vn -0.642788 0 -0.766044 
vn -0.573576 0 -0.819152 
vn -0.608761 0 -0.793353 
vn -0.5373 0 -0.843391 
vn -0.573576 0 -0.819152 
vn -0.5 0 -0.866025 
vn -0.5373 0 -0.843391 
vn -0.461749 0 -0.887011 
vn -0.5 0 -0.866025 
vn -0.422618 0 -0.906308 
vn -0.461749 0 -0.887011 
vn -0.382683 0 -0.92388 
vn -0.422618 0 -0.906308 
vn -0.34202 0 -0.939693 
vn -0.382683 0 -0.92388 
vn -0.300706 0 -0.953717 
vn -0.34202 0 -0.939693 
vn -0.258819 0 -0.965926 
vn -0.300706 0 -0.953717 
vn -0.21644 0 -0.976296 
vn -0.258819 0 -0.965926 
vn -0.173648 0 -0.984808 
vn -0.21644 0 -0.976296 
vn -0.130526 0 -0.991445 
vn -0.173648 0 -0.984808 
vn -0.0871557 0 -0.996195 
vn -0.130526 0 -0.991445 
vn -0.0436194 0 -0.999048 
vn -0.0871557 0 -0.996195 
vn 2.44929e-16 0 -1 
vn -0.0436194 0 -0.999048 
vn 0.0436194 0 -0.999048 
vn 2.44929e-16 0 -1 
vn 0.0871557 0 -0.996195 
vn 0.0436194 0 -0.999048 
vn 0.130526 0 -0.991445 
vn 0.0871557 0 -0.996195 
vn 0.173648 0 -0.984808 
vn 0.130526 0 -0.991445 
vn 0.21644 0 -0.976296 
vn 0.173648 0 -0.984808 
vn 0.258819 0 -0.965926 
vn 0.21644 0 -0.976296 
vn 0.300706 0 -0.953717 
vn 0.258819 0 -0.965926 
vn 0.34202 0 -0.939693 
vn 0.300706 0 -0.953717 
vn 0.382683 0 -0.92388 
vn 0.34202 0 -0.939693 
vn 0.422618 0 -0.906308 
vn 0.382683 0 -0.92388 
vn 0.461749 0 -0.887011 
vn 0.422618 0 -0.906308 
vn 0.5 0 -0.866025 
vn 0.461749 0 -0.887011 
vn 0.5373 0 -0.843391 
vn 0.5 0 -0.866025 
vn 0.573576 0 -0.819152 
vn 0.5373 0 -0.843391 
vn 0.608761 0 -0.793353 
vn 0.573576 0 -0.819152 
vn 0.642788 0 -0.766044 
vn 0.608761 0 -0.793353 
vn 0.67559 0 -0.737277 
vn 0.642788 0 -0.766044 
vn 0.707107 0 -0.707107 
vn 0.67559 0 -0.737277 
vn 0.737277 0 -0.67559 
vn 0.707107 0 -0.707107 
vn 0.766044 0 -0.642788 
vn 0.737277 0 -0.67559 
vn 0.793353 0 -0.608761 
vn 0.766044 0 -0.642788 
vn 0.819152 0 -0.573576 
vn 0.793353 0 -0.608761 
vn 0.843391 0 -0.5373 
vn 0.819152 0 -0.573576 
vn 0.866025 0 -0.5 
vn 0.843391 0 -0.5373 
vn 0.887011 0 -0.461749 
vn 0.866025 0 -0.5 
vn 0.906308 0 -0.422618 
vn 0.887011 0 -0.461749 
vn 0.92388 0 -0.382683 
vn 0.906308 0 -0.422618 
vn 0.939693 0 -0.34202 
vn 0.92388 0 -0.382683 
vn 0.953717 0 -0.300706 
vn 0.939693 0 -0.34202 
vn 0.965926 0 -0.258819 
vn 0.953717 0 -0.300706 
vn 0.976296 0 -0.21644 
vn 0.965926 0 -0.258819 
vn 0.984808 0 -0.173648 
vn 0.976296 0 -0.21644 
vn 0.991445 0 -0.130526 
vn 0.984808 0 -0.173648 
vn 0.996195 0 -0.0871557 
vn 0.991445 0 -0.130526 
vn 0.999048 0 -0.0436194 
vn 0.996195 0 -0.0871557 
vn 1 0 1.83697e-16 
vn 0.999048 0 -0.0436194 
vn 0.999048 0 0.0436194 
vn 1 0 1.83697e-16 
vn 0.996195 0 0.0871557 
vn 0.999048 0 0.0436194 
vn 0.991445 0 0.130526 
vn 0.996195 0 0.0871557 
vn 0.984808 0 0.173648 
vn 0.991445 0 0.130526 
vn 0.976296 0 0.21644 
vn 0.984808 0 0.173648 
vn 0.965926 0 0.258819 
vn 0.976296 0 0.21644 
vn 0.953717 0 0.300706 
vn 0.965926 0 0.258819 
vn 0.939693 0 0.34202 
vn 0.953717 0 0.300706 
vn 0.92388 0 0.382683 
vn 0.939693 0 0.34202 
vn 0.906308 0 0.422618 
vn 0.92388 0 0.382683 
vn 0.887011 0 0.461749 
vn 0.906308 0 0.422618 
vn 0.866025 0 0.5 
vn 0.887011 0 0.461749 
vn 0.843391 0 0.5373 
vn 0.866025 0 0.5 
vn 0.819152 0 0.573576 
vn 0.843391 0 0.5373 
vn 0.793353 0 0.608761 
vn 0.819152 0 0.573576 
vn 0.766044 0 0.642788 
vn 0.793353 0 0.608761 
vn 0.737277 0 0.67559 
vn 0.766044 0 0.642788 
vn 0.707107 0 0.707107 
vn 0.737277 0 0.67559 
vn 0.67559 0 0.737277 
vn 0.707107 0 0.707107 
vn 0.642788 0 0.766044 
vn 0.67559 0 0.737277 
vn 0.608761 0 0.793353 
vn 0.642788 0 0.766044 
vn 0.573576 0 0.819152 
vn 0.608761 0 0.793353 
vn 0.5373 0 0.843391 
vn 0.573576 0 0.819152 
vn 0.5 0 0.866025 
vn 0.5373 0 0.843391 
vn 0.461749 0 0.887011 
vn 0.5 0 0.866025 
vn 0.422618 0 0.906308 
vn 0.461749 0 0.887011 
vn 0.382683 0 0.92388 
vn 0.422618 0 0.906308 
vn 0.34202 0 0.939693 
vn 0.382683 0 0.92388 
vn 0.300706 0 0.953717 
vn 0.34202 0 0.939693 
vn 0.258819 0 0.965926 
vn 0.300706 0 0.953717 
vn 0.21644 0 0.976296 
vn 0.258819 0 0.965926 
vn 0.173648 0 0.984808 
vn 0.21644 0 0.976296 
vn 0.130526 0 0.991445 
vn 0.173648 0 0.984808 
vn 0.0871557 0 0.996195 
vn 0.130526 0 0.991445 
vn 0.0436194 0 0.999048 
vn 0.0871557 0 0.996195 
vn -1.22465e-16 0 1 
vn 0.0436194 0 0.999048 
vn -0.0436194 0 0.999048 
vn -1.22465e-16 0 1 
vn -0.0871557 0 0.996195 
vn -0.0436194 0 0.999048 
vn -0.130526 0 0.991445 
vn -0.0871557 0 0.996195 
vn -0.173648 0 0.984808 
vn -0.130526 0 0.991445 
vn -0.21644 0 0.976296 
vn -0.173648 0 0.984808 
vn -0.258819 0 0.965926 
vn -0.21644 0 0.976296 
vn -0.300706 0 0.953717 
vn -0.258819 0 0.965926 
vn -0.34202 0 0.939693 
vn -0.300706 0 0.953717 
vn -0.382683 0 0.92388 
vn -0.34202 0 0.939693 
vn -0.422618 0 0.906308 
vn -0.382683 0 0.92388 
vn -0.461749 0 0.887011 
vn -0.422618 0 0.906308 
vn -0.5 0 0.866025 
vn -0.461749 0 0.887011 
vn -0.5373 0 0.843391 
vn -0.5 0 0.866025 
vn -0.573576 0 0.819152 
vn -0.5373 0 0.843391 
vn -0.608761 0 0.793353 
vn -0.573576 0 0.819152 
vn -0.642788 0 0.766044 
vn -0.608761 0 0.793353 
vn -0.67559 0 0.737277 
vn -0.642788 0 0.766044 
vn -0.707107 0 0.707107 
vn -0.67559 0 0.737277 
vn -0.737277 0 0.67559 
vn -0.707107 0 0.707107 
vn -0.766044 0 0.642788 
vn -0.737277 0 0.67559 
vn -0.793353 0 0.608761 
vn -0.766044 0 0.642788 
vn -0.819152 0 0.573576 
vn -0.793353 0 0.608761 
vn -0.843391 0 0.5373 
vn -0.819152 0 0.573576 
vn -0.866025 0 0.5 
vn -0.843391 0 0.5373 
vn -0.887011 0 0.461749 
vn -0.866025 0 0.5 
vn -0.906308 0 0.422618 
vn -0.887011 0 0.461749 
vn -0.92388 0 0.382683 
vn -0.906308 0 0.422618 
vn -0.939693 0 0.34202 
vn -0.92388 0 0.382683 
vn -0.953717 0 0.300706 
vn -0.939693 0 0.34202 
vn -0.965926 0 0.258819 
vn -0.953717 0 0.300706 
vn -0.976296 0 0.21644 
vn -0.965926 0 0.258819 
vn -0.984808 0 0.173648 
vn -0.976296 0 0.21644 
vn -0.991445 0 0.130526 
vn -0.984808 0 0.173648 
vn -0.996195 0 0.0871557 
vn -0.991445 0 0.130526 
vn -0.999048 0 0.0436194 
vn -0.996195 0 0.0871557 
vn -1 0 -6.12323e-17 
vn -0.999048 0 0.0436194 
vn 0 1 0 
vn -0.999048 0 -0.0436194 
vn -1 0 -3.06162e-16 
vn -0.996195 0 -0.0871557 
vn -0.999048 0 -0.0436194 
vn -0.991445 0 -0.130526 
vn -0.996195 0 -0.0871557 
vn -0.984808 0 -0.173648 
vn -0.991445 0 -0.130526 
vn -0.976296 0 -0.21644 
vn -0.984808 0 -0.173648 
vn -0.965926 0 -0.258819 
vn -0.976296 0 -0.21644 
vn -0.953717 0 -0.300706 
vn -0.965926 0 -0.258819 
vn -0.939693 0 -0.34202 
vn -0.953717 0 -0.300706 
vn -0.92388 0 -0.382683 
vn -0.939693 0 -0.34202 
vn -0.906308 0 -0.422618 
vn -0.92388 0 -0.382683 
vn -0.887011 0 -0.461749 
vn -0.906308 0 -0.422618 
vn -0.866025 0 -0.5 
vn -0.887011 0 -0.461749 
vn -0.843391 0 -0.5373 
vn -0.866025 0 -0.5 
vn -0.819152 0 -0.573576 
vn -0.843391 0 -0.5373 
vn -0.793353 0 -0.608761 
vn -0.819152 0 -0.573576 
vn -0.766044 0 -0.642788 
vn -0.793353 0 -0.608761 
vn -0.737277 0 -0.67559 
vn -0.766044 0 -0.642788 
vn -0.707107 0 -0.707107 
vn -0.737277 0 -0.67559 
vn -0.67559 0 -0.737277 
vn -0.707107 0 -0.707107 
vn -0.642788 0 -0.766044 
vn -0.67559 0 -0.737277 
vn -0.608761 0 -0.793353 
vn -0.642788 0 -0.766044 
vn -0.573576 0 -0.819152 
vn -0.608761 0 -0.793353 
vn -0.5373 0 -0.843391 
vn -0.573576 0 -0.819152 
vn -0.5 0 -0.866025 
vn -0.5373 0 -0.843391 
vn -0.461749 0 -0.887011 
vn -0.5 0 -0.866025 
vn -0.422618 0 -0.906308 
vn -0.461749 0 -0.887011 
vn -0.382683 0 -0.92388 
vn -0.422618 0 -0.906308 
vn -0.34202 0 -0.939693 
vn -0.382683 0 -0.92388 
vn -0.300706 0 -0.953717 
vn -0.34202 0 -0.939693 
vn -0.258819 0 -0.965926 
vn -0.300706 0 -0.953717 
vn -0.21644 0 -0.976296 
vn -0.258819 0 -0.965926 
vn -0.173648 0 -0.984808 
vn -0.21644 0 -0.976296 
vn -0.130526 0 -0.991445 
vn -0.173648 0 -0.984808 
vn -0.0871557 0 -0.996195 
vn -0.130526 0 -0.991445 
vn -0.0436194 0 -0.999048 
vn -0.0871557 0 -0.996195 
vn 2.44929e-16 0 -1 
vn -0.0436194 0 -0.999048 
vn 0.0436194 0 -0.999048 
vn 2.44929e-16 0 -1 
vn 0.0871557 0 -0.996195 
vn 0.0436194 0 -0.999048 
vn 0.130526 0 -0.991445 
vn 0.0871557 0 -0.996195 
vn 0.173648 0 -0.984808 
vn 0.130526 0 -0.991445 
vn 0.21644 0 -0.976296 
vn 0.173648 0 -0.984808 
vn 0.258819 0 -0.965926 
vn 0.21644 0 -0.976296 
vn 0.300706 0 -0.953717 
vn 0.258819 0 -0.965926 
vn 0.34202 0 -0.939693 
vn 0.300706 0 -0.953717 
vn 0.382683 0 -0.92388 
vn 0.34202 0 -0.939693 
vn 0.422618 0 -0.906308 
vn 0.382683 0 -0.92388 
vn 0.461749 0 -0.887011 
vn 0.422618 0 -0.906308 
vn 0.5 0 -0.866025 
vn 0.461749 0 -0.887011 
vn 0.5373 0 -0.843391 
vn 0.5 0 -0.866025 
vn 0.573576 0 -0.819152 
vn 0.5373 0 -0.843391 
vn 0.608761 0 -0.793353 
vn 0.573576 0 -0.819152 
vn 0.642788 0 -0.766044 
vn 0.608761 0 -0.793353 
vn 0.67559 0 -0.737277 
vn 0.642788 0 -0.766044 
vn 0.707107 0 -0.707107 
vn 0.67559 0 -0.737277 
vn 0.737277 0 -0.67559 
vn 0.707107 0 -0.707107 
vn 0.766044 0 -0.642788 
vn 0.737277 0 -0.67559 
vn 0.793353 0 -0.608761 
vn 0.766044 0 -0.642788 
vn 0.819152 0 -0.573576 
vn 0.793353 0 -0.608761 
vn 0.843391 0 -0.5373 
vn 0.819152 0 -0.573576 
vn 0.866025 0 -0.5 
vn 0.843391 0 -0.5373 
vn 0.887011 0 -0.461749 
vn 0.866025 0 -0.5 
vn 0.906308 0 -0.422618 
vn 0.887011 0 -0.461749 
vn 0.92388 0 -0.382683 
vn 0.906308 0 -0.422618 
vn 0.939693 0 -0.34202 
vn 0.92388 0 -0.382683 
vn 0.953717 0 -0.300706 
vn 0.939693 0 -0.34202 
vn 0.965926 0 -0.258819 
vn 0.953717 0 -0.300706 
vn 0.976296 0 -0.21644 
vn 0.965926 0 -0.258819 
vn 0.984808 0 -0.173648 
vn 0.976296 0 -0.21644 
vn 0.991445 0 -0.130526 
vn 0.984808 0 -0.173648 
vn 0.996195 0 -0.0871557 
vn 0.991445 0 -0.130526 
vn 0.999048 0 -0.0436194 
vn 0.996195 0 -0.0871557 
vn 1 0 1.83697e-16 
vn 0.999048 0 -0.0436194 
vn 0.999048 0 0.0436194 
vn 1 0 1.83697e-16 
vn 0.996195 0 0.0871557 
vn 0.999048 0 0.0436194 
vn 0.991445 0 0.130526 
vn 0.996195 0 0.0871557 
vn 0.984808 0 0.173648 
vn 0.991445 0 0.130526 
vn 0.976296 0 0.21644 
vn 0.984808 0 0.173648 
vn 0.965926 0 0.258819 
vn 0.976296 0 0.21644 
vn 0.953717 0 0.300706 
vn 0.965926 0 0.258819 
vn 0.939693 0 0.34202 
vn 0.953717 0 0.300706 
vn 0.92388 0 0.382683 
vn 0.939693 0 0.34202 
vn 0.906308 0 0.422618 
vn 0.92388 0 0.382683 
vn 0.887011 0 0.461749 
vn 0.906308 0 0.422618 
vn 0.866025 0 0.5 
vn 0.887011 0 0.461749 
vn 0.843391 0 0.5373 
vn 0.866025 0 0.5 
vn 0.819152 0 0.573576 
vn 0.843391 0 0.5373 
vn 0.793353 0 0.608761 
vn 0.819152 0 0.573576 
vn 0.766044 0 0.642788 
vn 0.793353 0 0.608761 
vn 0.737277 0 0.67559 
vn 0.766044 0 0.642788 
vn 0.707107 0 0.707107 
vn 0.737277 0 0.67559 
vn 0.67559 0 0.737277 
vn 0.707107 0 0.707107 
vn 0.642788 0 0.766044 
vn 0.67559 0 0.737277 
vn 0.608761 0 0.793353 
vn 0.642788 0 0.766044 
vn 0.573576 0 0.819152 
vn 0.608761 0 0.793353 
vn 0.5373 0 0.843391 
vn 0.573576 0 0.819152 
vn 0.5 0 0.866025 
vn 0.5373 0 0.843391 
vn 0.461749 0 0.887011 
vn 0.5 0 0.866025 
vn 0.422618 0 0.906308 
vn 0.461749 0 0.887011 
vn 0.382683 0 0.92388 
vn 0.422618 0 0.906308 
vn 0.34202 0 0.939693 
vn 0.382683 0 0.92388 
vn 0.300706 0 0.953717 
vn 0.34202 0 0.939693 
vn 0.258819 0 0.965926 
vn 0.300706 0 0.953717 
vn 0.21644 0 0.976296 
vn 0.258819 0 0.965926 
vn 0.173648 0 0.984808 
vn 0.21644 0 0.976296 
vn 0.130526 0 0.991445 
vn 0.173648 0 0.984808 
vn 0.0871557 0 0.996195 
vn 0.130526 0 0.991445 
vn 0.0436194 0 0.999048 
vn 0.0871557 0 0.996195 
vn -1.22465e-16 0 1 
vn 0.0436194 0 0.999048 
vn -0.0436194 0 0.999048 
vn -1.22465e-16 0 1 
vn -0.0871557 0 0.996195 
vn -0.0436194 0 0.999048 
vn -0.130526 0 0.991445 
vn -0.0871557 0 0.996195 
vn -0.173648 0 0.984808 
vn -0.130526 0 0.991445 
vn -0.21644 0 0.976296 
vn -0.173648 0 0.984808 
vn -0.258819 0 0.965926 
vn -0.21644 0 0.976296 
vn -0.300706 0 0.953717 
vn -0.258819 0 0.965926 
vn -0.34202 0 0.939693 
vn -0.300706 0 0.953717 
vn -0.382683 0 0.92388 
vn -0.34202 0 0.939693 
vn -0.422618 0 0.906308 
vn -0.382683 0 0.92388 
vn -0.461749 0 0.887011 
vn -0.422618 0 0.906308 
vn -0.5 0 0.866025 
vn -0.461749 0 0.887011 
vn -0.5373 0 0.843391 
vn -0.5 0 0.866025 
vn -0.573576 0 0.819152 
vn -0.5373 0 0.843391 
vn -0.608761 0 0.793353 
vn -0.573576 0 0.819152 
vn -0.642788 0 0.766044 
vn -0.608761 0 0.793353 
vn -0.67559 0 0.737277 
vn -0.642788 0 0.766044 
vn -0.707107 0 0.707107 
vn -0.67559 0 0.737277 
vn -0.737277 0 0.67559 
vn -0.707107 0 0.707107 
vn -0.766044 0 0.642788 
vn -0.737277 0 0.67559 
vn -0.793353 0 0.608761 
vn -0.766044 0 0.642788 
vn -0.819152 0 0.573576 
vn -0.793353 0 0.608761 
vn -0.843391 0 0.5373 
vn -0.819152 0 0.573576 
vn -0.866025 0 0.5 
vn -0.843391 0 0.5373 
vn -0.887011 0 0.461749 
vn -0.866025 0 0.5 
vn -0.906308 0 0.422618 
vn -0.887011 0 0.461749 
vn -0.92388 0 0.382683 
vn -0.906308 0 0.422618 
vn -0.939693 0 0.34202 
vn -0.92388 0 0.382683 
vn -0.953717 0 0.300706 
vn -0.939693 0 0.34202 
vn -0.965926 0 0.258819 
vn -0.953717 0 0.300706 
vn -0.976296 0 0.21644 
vn -0.965926 0 0.258819 
vn -0.984808 0 0.173648 
vn -0.976296 0 0.21644 
vn -0.991445 0 0.130526 
vn -0.984808 0 0.173648 
vn -0.996195 0 0.0871557 
vn -0.991445 0 0.130526 
vn -0.999048 0 0.0436194 
vn -0.996195 0 0.0871557 
vn -1 0 -6.12323e-17 
vn -0.999048 0 0.0436194 
vn 0 1 0 
vn -0.999048 0 -0.0436194 
vn -1 0 -3.06162e-16 
vn -0.996195 0 -0.0871557 
vn -0.999048 0 -0.0436194 
vn -0.991445 0 -0.130526 
vn -0.996195 0 -0.0871557 
vn -0.984808 0 -0.173648 
vn -0.991445 0 -0.130526 
vn -0.976296 0 -0.21644 
vn -0.984808 0 -0.173648 
vn -0.965926 0 -0.258819 
vn -0.976296 0 -0.21644 
vn -0.953717 0 -0.300706 
vn -0.965926 0 -0.258819 
vn -0.939693 0 -0.34202 
vn -0.953717 0 -0.300706 
vn -0.92388 0 -0.382683 
vn -0.939693 0 -0.34202 
vn -0.906308 0 -0.422618 
vn -0.92388 0 -0.382683 
vn -0.887011 0 -0.461749 
vn -0.906308 0 -0.422618 
vn -0.866025 0 -0.5 
vn -0.887011 0 -0.461749 
vn -0.843391 0 -0.5373 
vn -0.866025 0 -0.5 
vn -0.819152 0 -0.573576 
vn -0.843391 0 -0.5373 
vn -0.793353 0 -0.608761 
vn -0.819152 0 -0.573576 
vn -0.766044 0 -0.642788 
vn -0.793353 0 -0.608761 
vn -0.737277 0 -0.67559 
vn -0.766044 0 -0.642788 
vn -0.707107 0 -0.707107 
vn -0.737277 0 -0.67559 
vn -0.67559 0 -0.737277 
vn -0.707107 0 -0.707107 
vn -0.642788 0 -0.766044 
vn -0.67559 0 -0.737277 
vn -0.608761 0 -0.793353 
vn -0.642788 0 -0.766044 
vn -0.573576 0 -0.819152 
vn -0.608761 0 -0.793353 
vn -0.5373 0 -0.843391 
vn -0.573576 0 -0.819152 
vn -0.5 0 -0.866025 
vn -0.5373 0 -0.843391 
vn -0.461749 0 -0.887011 
vn -0.5 0 -0.866025 
vn -0.422618 0 -0.906308 
vn -0.461749 0 -0.887011 
vn -0.382683 0 -0.92388 
vn -0.422618 0 -0.906308 
vn -0.34202 0 -0.939693 
vn -0.382683 0 -0.92388 
vn -0.300706 0 -0.953717 
vn -0.34202 0 -0.939693 
vn -0.258819 0 -0.965926 
vn -0.300706 0 -0.953717 
vn -0.21644 0 -0.976296 
vn -0.258819 0 -0.965926 
vn -0.173648 0 -0.984808 
vn -0.21644 0 -0.976296 
vn -0.130526 0 -0.991445 
vn -0.173648 0 -0.984808 
vn -0.0871557 0 -0.996195 
vn -0.130526 0 -0.991445 
vn -0.0436194 0 -0.999048 
vn -0.0871557 0 -0.996195 
vn 2.44929e-16 0 -1 
vn -0.0436194 0 -0.999048 
vn 0.0436194 0 -0.999048 
vn 2.44929e-16 0 -1 
vn 0.0871557 0 -0.996195 
vn 0.0436194 0 -0.999048 
vn 0.130526 0 -0.991445 
vn 0.0871557 0 -0.996195 
vn 0.173648 0 -0.984808 
vn 0.130526 0 -0.991445 
vn 0.21644 0 -0.976296 
vn 0.173648 0 -0.984808 
vn 0.258819 0 -0.965926 
vn 0.21644 0 -0.976296 
vn 0.300706 0 -0.953717 
vn 0.258819 0 -0.965926 
vn 0.34202 0 -0.939693 
vn 0.300706 0 -0.953717 
vn 0.382683 0 -0.92388 
vn 0.34202 0 -0.939693 
vn 0.422618 0 -0.906308 
vn 0.382683 0 -0.92388 
vn 0.461749 0 -0.887011 
vn 0.422618 0 -0.906308 
vn 0.5 0 -0.866025 
vn 0.461749 0 -0.887011 
vn 0.5373 0 -0.843391 
vn 0.5 0 -0.866025 
vn 0.573576 0 -0.819152 
vn 0.5373 0 -0.843391 
vn 0.608761 0 -0.793353 
vn 0.573576 0 -0.819152 
vn 0.642788 0 -0.766044 
vn 0.608761 0 -0.793353 
vn 0.67559 0 -0.737277 
vn 0.642788 0 -0.766044 
vn 0.707107 0 -0.707107 
vn 0.67559 0 -0.737277 
vn 0.737277 0 -0.67559 
vn 0.707107 0 -0.707107 
vn 0.766044 0 -0.642788 
vn 0.737277 0 -0.67559 
vn 0.793353 0 -0.608761 
vn 0.766044 0 -0.642788 
vn 0.819152 0 -0.573576 
vn 0.793353 0 -0.608761 
vn 0.843391 0 -0.5373 
vn 0.819152 0 -0.573576 
vn 0.866025 0 -0.5 
vn 0.843391 0 -0.5373 
vn 0.887011 0 -0.461749 
vn 0.866025 0 -0.5 
vn 0.906308 0 -0.422618 
vn 0.887011 0 -0.461749 
vn 0.92388 0 -0.382683 
vn 0.906308 0 -0.422618 
vn 0.939693 0 -0.34202 
vn 0.92388 0 -0.382683 
vn 0.953717 0 -0.300706 
vn 0.939693 0 -0.34202 
vn 0.965926 0 -0.258819 
vn 0.953717 0 -0.300706 
vn 0.976296 0 -0.21644 
vn 0.965926 0 -0.258819 
vn 0.984808 0 -0.173648 
vn 0.976296 0 -0.21644 
vn 0.991445 0 -0.130526 
vn 0.984808 0 -0.173648 
vn 0.996195 0 -0.0871557 
vn 0.991445 0 -0.130526 
vn 0.999048 0 -0.0436194 
vn 0.996195 0 -0.0871557 
vn 1 0 1.83697e-16 
vn 0.999048 0 -0.0436194 
vn 0.999048 0 0.0436194 
vn 1 0 1.83697e-16 
vn 0.996195 0 0.0871557 
vn 0.999048 0 0.0436194 
vn 0.991445 0 0.130526 
vn 0.996195 0 0.0871557 
vn 0.984808 0 0.173648 
vn 0.991445 0 0.130526 
vn 0.976296 0 0.21644 
vn 0.984808 0 0.173648 
vn 0.965926 0 0.258819 
vn 0.976296 0 0.21644 
vn 0.953717 0 0.300706 
vn 0.965926 0 0.258819 
vn 0.939693 0 0.34202 
vn 0.953717 0 0.300706 
vn 0.92388 0 0.382683 
vn 0.939693 0 0.34202 
vn 0.906308 0 0.422618 
vn 0.92388 0 0.382683 
vn 0.887011 0 0.461749 
vn 0.906308 0 0.422618 
vn 0.866025 0 0.5 
vn 0.887011 0 0.461749 
vn 0.843391 0 0.5373 
vn 0.866025 0 0.5 
vn 0.819152 0 0.573576 
vn 0.843391 0 0.5373 
vn 0.793353 0 0.608761 
vn 0.819152 0 0.573576 
vn 0.766044 0 0.642788 
vn 0.793353 0 0.608761 
vn 0.737277 0 0.67559 
vn 0.766044 0 0.642788 
vn 0.707107 0 0.707107 
vn 0.737277 0 0.67559 
vn 0.67559 0 0.737277 
vn 0.707107 0 0.707107 
vn 0.642788 0 0.766044 
vn 0.67559 0 0.737277 
vn 0.608761 0 0.793353 
vn 0.642788 0 0.766044 
vn 0.573576 0 0.819152 
vn 0.608761 0 0.793353 
vn 0.5373 0 0.843391 
vn 0.573576 0 0.819152 
vn 0.5 0 0.866025 
vn 0.5373 0 0.843391 
vn 0.461749 0 0.887011 
vn 0.5 0 0.866025 
vn 0.422618 0 0.906308 
vn 0.461749 0 0.887011 
vn 0.382683 0 0.92388 
vn 0.422618 0 0.906308 
vn 0.34202 0 0.939693 
vn 0.382683 0 0.92388 
vn 0.300706 0 0.953717 
vn 0.34202 0 0.939693 
vn 0.258819 0 0.965926 
vn 0.300706 0 0.953717 
vn 0.21644 0 0.976296 
vn 0.258819 0 0.965926 
vn 0.173648 0 0.984808 
vn 0.21644 0 0.976296 
vn 0.130526 0 0.991445 
vn 0.173648 0 0.984808 
vn 0.0871557 0 0.996195 
vn 0.130526 0 0.991445 
vn 0.0436194 0 0.999048 
vn 0.0871557 0 0.996195 
vn -1.22465e-16 0 1 
vn 0.0436194 0 0.999048 
vn -0.0436194 0 0.999048 
vn -1.22465e-16 0 1 
vn -0.0871557 0 0.996195 
vn -0.0436194 0 0.999048 
vn -0.130526 0 0.991445 
vn -0.0871557 0 0.996195 
vn -0.173648 0 0.984808 
vn -0.130526 0 0.991445 
vn -0.21644 0 0.976296 
vn -0.173648 0 0.984808 
vn -0.258819 0 0.965926 
vn -0.21644 0 0.976296 
vn -0.300706 0 0.953717 
vn -0.258819 0 0.965926 
vn -0.34202 0 0.939693 
vn -0.300706 0 0.953717 
vn -0.382683 0 0.92388 
vn -0.34202 0 0.939693 
vn -0.422618 0 0.906308 
vn -0.382683 0 0.92388 
vn -0.461749 0 0.887011 
vn -0.422618 0 0.906308 
vn -0.5 0 0.866025 
vn -0.461749 0 0.887011 
vn -0.5373 0 0.843391 
vn -0.5 0 0.866025 
vn -0.573576 0 0.819152 
vn -0.5373 0 0.843391 
vn -0.608761 0 0.793353 
vn -0.573576 0 0.819152 
vn -0.642788 0 0.766044 
vn -0.608761 0 0.793353 
vn -0.67559 0 0.737277 
vn -0.642788 0 0.766044 
vn -0.707107 0 0.707107 
vn -0.67559 0 0.737277 
vn -0.737277 0 0.67559 
vn -0.707107 0 0.707107 
vn -0.766044 0 0.642788 
vn -0.737277 0 0.67559 
vn -0.793353 0 0.608761 
vn -0.766044 0 0.642788 
vn -0.819152 0 0.573576 
vn -0.793353 0 0.608761 
vn -0.843391 0 0.5373 
vn -0.819152 0 0.573576 
vn -0.866025 0 0.5 
vn -0.843391 0 0.5373 
vn -0.887011 0 0.461749 
vn -0.866025 0 0.5 
vn -0.906308 0 0.422618 
vn -0.887011 0 0.461749 
vn -0.92388 0 0.382683 
vn -0.906308 0 0.422618 
vn -0.939693 0 0.34202 
vn -0.92388 0 0.382683 
vn -0.953717 0 0.300706 
vn -0.939693 0 0.34202 
vn -0.965926 0 0.258819 
vn -0.953717 0 0.300706 
vn -0.976296 0 0.21644 
vn -0.965926 0 0.258819 
vn -0.984808 0 0.173648 
vn -0.976296 0 0.21644 
vn -0.991445 0 0.130526 
vn -0.984808 0 0.173648 
vn -0.996195 0 0.0871557 
vn -0.991445 0 0.130526 
vn -0.999048 0 0.0436194 
vn -0.996195 0 0.0871557 
vn -1 0 -6.12323e-17 
vn -0.999048 0 0.0436194 
vn 0 1 0 
vn -0.999048 0 -0.0436194 
vn -1 0 -3.06162e-16 
vn -0.996195 0 -0.0871557 
vn -0.999048 0 -0.0436194 
vn -0.991445 0 -0.130526 
vn -0.996195 0 -0.0871557 
vn -0.984808 0 -0.173648 
vn -0.991445 0 -0.130526 
vn -0.976296 0 -0.21644 
vn -0.984808 0 -0.173648 
vn -0.965926 0 -0.258819 
vn -0.976296 0 -0.21644 
vn -0.953717 0 -0.300706 
vn -0.965926 0 -0.258819 
vn -0.939693 0 -0.34202 
vn -0.953717 0 -0.300706 
vn -0.92388 0 -0.382683 
vn -0.939693 0 -0.34202 
vn -0.906308 0 -0.422618 
vn -0.92388 0 -0.382683 
vn -0.887011 0 -0.461749 
vn -0.906308 0 -0.422618 
vn -0.866025 0 -0.5 
vn -0.887011 0 -0.461749 
vn -0.843391 0 -0.5373 
vn -0.866025 0 -0.5 
vn -0.819152 0 -0.573576 
vn -0.843391 0 -0.5373 
vn -0.793353 0 -0.608761 
vn -0.819152 0 -0.573576 
vn -0.766044 0 -0.642788 
vn -0.793353 0 -0.608761 
vn -0.737277 0 -0.67559 
vn -0.766044 0 -0.642788 
vn -0.707107 0 -0.707107 
vn -0.737277 0 -0.67559 
vn -0.67559 0 -0.737277 
vn -0.707107 0 -0.707107 
vn -0.642788 0 -0.766044 
vn -0.67559 0 -0.737277 
vn -0.608761 0 -0.793353 
vn -0.642788 0 -0.766044 
vn -0.573576 0 -0.819152 
vn -0.608761 0 -0.793353 
vn -0.5373 0 -0.843391 
vn -0.573576 0 -0.819152 
vn -0.5 0 -0.866025 
vn -0.5373 0 -0.843391 
vn -0.461749 0 -0.887011 
vn -0.5 0 -0.866025 
vn -0.422618 0 -0.906308 
vn -0.461749 0 -0.887011 
vn -0.382683 0 -0.92388 
vn -0.422618 0 -0.906308 
vn -0.34202 0 -0.939693 
vn -0.382683 0 -0.92388 
vn -0.300706 0 -0.953717 
vn -0.34202 0 -0.939693 
vn -0.258819 0 -0.965926 
vn -0.300706 0 -0.953717 
vn -0.21644 0 -0.976296 
vn -0.258819 0 -0.965926 
vn -0.173648 0 -0.984808 
vn -0.21644 0 -0.976296 
vn -0.130526 0 -0.991445 
vn -0.173648 0 -0.984808 
vn -0.0871557 0 -0.996195 
vn -0.130526 0 -0.991445 
vn -0.0436194 0 -0.999048 
vn -0.0871557 0 -0.996195 
vn 2.44929e-16 0 -1 
vn -0.0436194 0 -0.999048 
vn 0.0436194 0 -0.999048 
vn 2.44929e-16 0 -1 
vn 0.0871557 0 -0.996195 
vn 0.0436194 0 -0.999048 
vn 0.130526 0 -0.991445 
vn 0.0871557 0 -0.996195 
vn 0.173648 0 -0.984808 
vn 0.130526 0 -0.991445 
vn 0.21644 0 -0.976296 
vn 0.173648 0 -0.984808 
vn 0.258819 0 -0.965926 
vn 0.21644 0 -0.976296 
vn 0.300706 0 -0.953717 
vn 0.258819 0 -0.965926 
vn 0.34202 0 -0.939693 
vn 0.300706 0 -0.953717 
vn 0.382683 0 -0.92388 
vn 0.34202 0 -0.939693 
vn 0.422618 0 -0.906308 
vn 0.382683 0 -0.92388 
vn 0.461749 0 -0.887011 
vn 0.422618 0 -0.906308 
vn 0.5 0 -0.866025 
vn 0.461749 0 -0.887011 
vn 0.5373 0 -0.843391 
vn 0.5 0 -0.866025 
vn 0.573576 0 -0.819152 
vn 0.5373 0 -0.843391 
vn 0.608761 0 -0.793353 
vn 0.573576 0 -0.819152 
vn 0.642788 0 -0.766044 
vn 0.608761 0 -0.793353 
vn 0.67559 0 -0.737277 
vn 0.642788 0 -0.766044 
vn 0.707107 0 -0.707107 
vn 0.67559 0 -0.737277 
vn 0.737277 0 -0.67559 
vn 0.707107 0 -0.707107 
vn 0.766044 0 -0.642788 
vn 0.737277 0 -0.67559 
vn 0.793353 0 -0.608761 
vn 0.766044 0 -0.642788 
vn 0.819152 0 -0.573576 
vn 0.793353 0 -0.608761 
vn 0.843391 0 -0.5373 
vn 0.819152 0 -0.573576 
vn 0.866025 0 -0.5 
vn 0.843391 0 -0.5373 
vn 0.887011 0 -0.461749 
vn 0.866025 0 -0.5 
vn 0.906308 0 -0.422618 
vn 0.887011 0 -0.461749 
vn 0.92388 0 -0.382683 
vn 0.906308 0 -0.422618 
vn 0.939693 0 -0.34202 
vn 0.92388 0 -0.382683 
vn 0.953717 0 -0.300706 
vn 0.939693 0 -0.34202 
vn 0.965926 0 -0.258819 
vn 0.953717 0 -0.300706 
vn 0.976296 0 -0.21644 
vn 0.965926 0 -0.258819 
vn 0.984808 0 -0.173648 
vn 0.976296 0 -0.21644 
vn 0.991445 0 -0.130526 
vn 0.984808 0 -0.173648 
vn 0.996195 0 -0.0871557 
vn 0.991445 0 -0.130526 
vn 0.999048 0 -0.0436194 
vn 0.996195 0 -0.0871557 
vn 1 0 1.83697e-16 
vn 0.999048 0 -0.0436194 
vn 0.999048 0 0.0436194 
vn 1 0 1.83697e-16 
vn 0.996195 0 0.0871557 
vn 0.999048 0 0.0436194 
vn 0.991445 0 0.130526 
vn 0.996195 0 0.0871557 
vn 0.984808 0 0.173648 
vn 0.991445 0 0.130526 
vn 0.976296 0 0.21644 
vn 0.984808 0 0.173648 
vn 0.965926 0 0.258819 
vn 0.976296 0 0.21644 
vn 0.953717 0 0.300706 
vn 0.965926 0 0.258819 
vn 0.939693 0 0.34202 
vn 0.953717 0 0.300706 
vn 0.92388 0 0.382683 
vn 0.939693 0 0.34202 
vn 0.906308 0 0.422618 
vn 0.92388 0 0.382683 
vn 0.887011 0 0.461749 
vn 0.906308 0 0.422618 
vn 0.866025 0 0.5 
vn 0.887011 0 0.461749 
vn 0.843391 0 0.5373 
vn 0.866025 0 0.5 
vn 0.819152 0 0.573576 
vn 0.843391 0 0.5373 
vn 0.793353 0 0.608761 
vn 0.819152 0 0.573576 
vn 0.766044 0 0.642788 
vn 0.793353 0 0.608761 
vn 0.737277 0 0.67559 
vn 0.766044 0 0.642788 
vn 0.707107 0 0.707107 
vn 0.737277 0 0.67559 
vn 0.67559 0 0.737277 
vn 0.707107 0 0.707107 
vn 0.642788 0 0.766044 
vn 0.67559 0 0.737277 
vn 0.608761 0 0.793353 
vn 0.642788 0 0.766044 
vn 0.573576 0 0.819152 
vn 0.608761 0 0.793353 
vn 0.5373 0 0.843391 
vn 0.573576 0 0.819152 
vn 0.5 0 0.866025 
vn 0.5373 0 0.843391 
vn 0.461749 0 0.887011 
vn 0.5 0 0.866025 
vn 0.422618 0 0.906308 
vn 0.461749 0 0.887011 
vn 0.382683 0 0.92388 
vn 0.422618 0 0.906308 
vn 0.34202 0 0.939693 
vn 0.382683 0 0.92388 
vn 0.300706 0 0.953717 
vn 0.34202 0 0.939693 
vn 0.258819 0 0.965926 
vn 0.300706 0 0.953717 
vn 0.21644 0 0.976296 
vn 0.258819 0 0.965926 
vn 0.173648 0 0.984808 
vn 0.21644 0 0.976296 
vn 0.130526 0 0.991445 
vn 0.173648 0 0.984808 
vn 0.0871557 0 0.996195 
vn 0.130526 0 0.991445 
vn 0.0436194 0 0.999048 
vn 0.0871557 0 0.996195 
vn -1.22465e-16 0 1 
vn 0.0436194 0 0.999048 
vn -0.0436194 0 0.999048 
vn -1.22465e-16 0 1 
vn -0.0871557 0 0.996195 
vn -0.0436194 0 0.999048 
vn -0.130526 0 0.991445 
vn -0.0871557 0 0.996195 
vn -0.173648 0 0.984808 
vn -0.130526 0 0.991445 
vn -0.21644 0 0.976296 
vn -0.173648 0 0.984808 
vn -0.258819 0 0.965926 
vn -0.21644 0 0.976296 
vn -0.300706 0 0.953717 
vn -0.258819 0 0.965926 
vn -0.34202 0 0.939693 
vn -0.300706 0 0.953717 
vn -0.382683 0 0.92388 
vn -0.34202 0 0.939693 
vn -0.422618 0 0.906308 
vn -0.382683 0 0.92388 
vn -0.461749 0 0.887011 
vn -0.422618 0 0.906308 
vn -0.5 0 0.866025 
vn -0.461749 0 0.887011 
vn -0.5373 0 0.843391 
vn -0.5 0 0.866025 
vn -0.573576 0 0.819152 
vn -0.5373 0 0.843391 
vn -0.608761 0 0.793353 
vn -0.573576 0 0.819152 
vn -0.642788 0 0.766044 
vn -0.608761 0 0.793353 
vn -0.67559 0 0.737277 
vn -0.642788 0 0.766044 
vn -0.707107 0 0.707107 
vn -0.67559 0 0.737277 
vn -0.737277 0 0.67559 
vn -0.707107 0 0.707107 
vn -0.766044 0 0.642788 
vn -0.737277 0 0.67559 
vn -0.793353 0 0.608761 
vn -0.766044 0 0.642788 
vn -0.819152 0 0.573576 
vn -0.793353 0 0.608761 
vn -0.843391 0 0.5373 
vn -0.819152 0 0.573576 
vn -0.866025 0 0.5 
vn -0.843391 0 0.5373 
vn -0.887011 0 0.461749 
vn -0.866025 0 0.5 
vn -0.906308 0 0.422618 
vn -0.887011 0 0.461749 
vn -0.92388 0 0.382683 
vn -0.906308 0 0.422618 
vn -0.939693 0 0.34202 
vn -0.92388 0 0.382683 
vn -0.953717 0 0.300706 
vn -0.939693 0 0.34202 
vn -0.965926 0 0.258819 
vn -0.953717 0 0.300706 
vn -0.976296 0 0.21644 
vn -0.965926 0 0.258819 
vn -0.984808 0 0.173648 
vn -0.976296 0 0.21644 
vn -0.991445 0 0.130526 
vn -0.984808 0 0.173648 
vn -0.996195 0 0.0871557 
vn -0.991445 0 0.130526 
vn -0.999048 0 0.0436194 
vn -0.996195 0 0.0871557 
vn -1 0 -6.12323e-17 
vn -0.999048 0 0.0436194 
vn 0 1 0 
vn -0.999048 0 -0.0436194 
vn -1 0 -3.06162e-16 
vn -0.996195 0 -0.0871557 
vn -0.999048 0 -0.0436194 
vn -0.991445 0 -0.130526 
vn -0.996195 0 -0.0871557 
vn -0.984808 0 -0.173648 
vn -0.991445 0 -0.130526 
vn -0.976296 0 -0.21644 
vn -0.984808 0 -0.173648 
vn -0.965926 0 -0.258819 
vn -0.976296 0 -0.21644 
vn -0.953717 0 -0.300706 
vn -0.965926 0 -0.258819 
vn -0.939693 0 -0.34202 
vn -0.953717 0 -0.300706 
vn -0.92388 0 -0.382683 
vn -0.939693 0 -0.34202 
vn -0.906308 0 -0.422618 
vn -0.92388 0 -0.382683 
vn -0.887011 0 -0.461749 
vn -0.906308 0 -0.422618 
vn -0.866025 0 -0.5 
vn -0.887011 0 -0.461749 
vn -0.843391 0 -0.5373 
vn -0.866025 0 -0.5 
vn -0.819152 0 -0.573576 
vn -0.843391 0 -0.5373 
vn -0.793353 0 -0.608761 
vn -0.819152 0 -0.573576 
vn -0.766044 0 -0.642788 
vn -0.793353 0 -0.608761 
vn -0.737277 0 -0.67559 
vn -0.766044 0 -0.642788 
vn -0.707107 0 -0.707107 
vn -0.737277 0 -0.67559 
vn -0.67559 0 -0.737277 
vn -0.707107 0 -0.707107 
vn -0.642788 0 -0.766044 
vn -0.67559 0 -0.737277 
vn -0.608761 0 -0.793353 
vn -0.642788 0 -0.766044 
vn -0.573576 0 -0.819152 
vn -0.608761 0 -0.793353 
vn -0.5373 0 -0.843391 
vn -0.573576 0 -0.819152 
vn -0.5 0 -0.866025 
vn -0.5373 0 -0.843391 
vn -0.461749 0 -0.887011 
vn -0.5 0 -0.866025 
vn -0.422618 0 -0.906308 
vn -0.461749 0 -0.887011 
vn -0.382683 0 -0.92388 
vn -0.422618 0 -0.906308 
vn -0.34202 0 -0.939693 
vn -0.382683 0 -0.92388 
vn -0.300706 0 -0.953717 
vn -0.34202 0 -0.939693 
vn -0.258819 0 -0.965926 
vn -0.300706 0 -0.953717 
vn -0.21644 0 -0.976296 
vn -0.258819 0 -0.965926 
vn -0.173648 0 -0.984808 
vn -0.21644 0 -0.976296 
vn -0.130526 0 -0.991445 
vn -0.173648 0 -0.984808 
vn -0.0871557 0 -0.996195 
vn -0.130526 0 -0.991445 
vn -0.0436194 0 -0.999048 
vn -0.0871557 0 -0.996195 
vn 2.44929e-16 0 -1 
vn -0.0436194 0 -0.999048 
vn 0.0436194 0 -0.999048 
vn 2.44929e-16 0 -1 
vn 0.0871557 0 -0.996195 
vn 0.0436194 0 -0.999048 
vn 0.130526 0 -0.991445 
vn 0.0871557 0 -0.996195 
vn 0.173648 0 -0.984808 
vn 0.130526 0 -0.991445 
vn 0.21644 0 -0.976296 
vn 0.173648 0 -0.984808 
vn 0.258819 0 -0.965926 
vn 0.21644 0 -0.976296 
vn 0.300706 0 -0.953717 
vn 0.258819 0 -0.965926 
vn 0.34202 0 -0.939693 
vn 0.300706 0 -0.953717 
vn 0.382683 0 -0.92388 
vn 0.34202 0 -0.939693 
vn 0.422618 0 -0.906308 
vn 0.382683 0 -0.92388 
vn 0.461749 0 -0.887011 
vn 0.422618 0 -0.906308 
vn 0.5 0 -0.866025 
vn 0.461749 0 -0.887011 
vn 0.5373 0 -0.843391 
vn 0.5 0 -0.866025 
vn 0.573576 0 -0.819152 
vn 0.5373 0 -0.843391 
vn 0.608761 0 -0.793353 
vn 0.573576 0 -0.819152 
vn 0.642788 0 -0.766044 
vn 0.608761 0 -0.793353 
vn 0.67559 0 -0.737277 
vn 0.642788 0 -0.766044 
vn 0.707107 0 -0.707107 
vn 0.67559 0 -0.737277 
vn 0.737277 0 -0.67559 
vn 0.707107 0 -0.707107 
vn 0.766044 0 -0.642788 
vn 0.737277 0 -0.67559 
vn 0.793353 0 -0.608761 
vn 0.766044 0 -0.642788 
vn 0.819152 0 -0.573576 
vn 0.793353 0 -0.608761 
vn 0.843391 0 -0.5373 
vn 0.819152 0 -0.573576 
vn 0.866025 0 -0.5 
vn 0.843391 0 -0.5373 
vn 0.887011 0 -0.461749 
vn 0.866025 0 -0.5 
vn 0.906308 0 -0.422618 
vn 0.887011 0 -0.461749 
vn 0.92388 0 -0.382683 
vn 0.906308 0 -0.422618 
vn 0.939693 0 -0.34202 
vn 0.92388 0 -0.382683 
vn 0.953717 0 -0.300706 
vn 0.939693 0 -0.34202 
vn 0.965926 0 -0.258819 
vn 0.953717 0 -0.300706 
vn 0.976296 0 -0.21644 
vn 0.965926 0 -0.258819 
vn 0.984808 0 -0.173648 
vn 0.976296 0 -0.21644 
vn 0.991445 0 -0.130526 
vn 0.984808 0 -0.173648 
vn 0.996195 0 -0.0871557 
vn 0.991445 0 -0.130526 
vn 0.999048 0 -0.0436194 
vn 0.996195 0 -0.0871557 
vn 1 0 1.83697e-16 
vn 0.999048 0 -0.0436194 
vn 0.999048 0 0.0436194 
vn 1 0 1.83697e-16 
vn 0.996195 0 0.0871557 
vn 0.999048 0 0.0436194 
vn 0.991445 0 0.130526 
vn 0.996195 0 0.0871557 
vn 0.984808 0 0.173648 
vn 0.991445 0 0.130526 
vn 0.976296 0 0.21644 
vn 0.984808 0 0.173648 
vn 0.965926 0 0.258819 
vn 0.976296 0 0.21644 
vn 0.953717 0 0.300706 
vn 0.965926 0 0.258819 
vn 0.939693 0 0.34202 
vn 0.953717 0 0.300706 
vn 0.92388 0 0.382683 
vn 0.939693 0 0.34202 
vn 0.906308 0 0.422618 
vn 0.92388 0 0.382683 
vn 0.887011 0 0.461749 
vn 0.906308 0 0.422618 
vn 0.866025 0 0.5 
vn 0.887011 0 0.461749 
vn 0.843391 0 0.5373 
vn 0.866025 0 0.5 
vn 0.819152 0 0.573576 
vn 0.843391 0 0.5373 
vn 0.793353 0 0.608761 
vn 0.819152 0 0.573576 
vn 0.766044 0 0.642788 
vn 0.793353 0 0.608761 
vn 0.737277 0 0.67559 
vn 0.766044 0 0.642788 
vn 0.707107 0 0.707107 
vn 0.737277 0 0.67559 
vn 0.67559 0 0.737277 
vn 0.707107 0 0.707107 
vn 0.642788 0 0.766044 
vn 0.67559 0 0.737277 
vn 0.608761 0 0.793353 
vn 0.642788 0 0.766044 
vn 0.573576 0 0.819152 
vn 0.608761 0 0.793353 
vn 0.5373 0 0.843391 
vn 0.573576 0 0.819152 
vn 0.5 0 0.866025 
vn 0.5373 0 0.843391 
vn 0.461749 0 0.887011 
vn 0.5 0 0.866025 
vn 0.422618 0 0.906308 
vn 0.461749 0 0.887011 
vn 0.382683 0 0.92388 
vn 0.422618 0 0.906308 
vn 0.34202 0 0.939693 
vn 0.382683 0 0.92388 
vn 0.300706 0 0.953717 
vn 0.34202 0 0.939693 
vn 0.258819 0 0.965926 
vn 0.300706 0 0.953717 
vn 0.21644 0 0.976296 
vn 0.258819 0 0.965926 
vn 0.173648 0 0.984808 
vn 0.21644 0 0.976296 
vn 0.130526 0 0.991445 
vn 0.173648 0 0.984808 
vn 0.0871557 0 0.996195 
vn 0.130526 0 0.991445 
vn 0.0436194 0 0.999048 
vn 0.0871557 0 0.996195 
vn -1.22465e-16 0 1 
vn 0.0436194 0 0.999048 
vn -0.0436194 0 0.999048 
vn -1.22465e-16 0 1 
vn -0.0871557 0 0.996195 
vn -0.0436194 0 0.999048 
vn -0.130526 0 0.991445 
vn -0.0871557 0 0.996195 
vn -0.173648 0 0.984808 
vn -0.130526 0 0.991445 
vn -0.21644 0 0.976296 
vn -0.173648 0 0.984808 
vn -0.258819 0 0.965926 
vn -0.21644 0 0.976296 
vn -0.300706 0 0.953717 
vn -0.258819 0 0.965926 
vn -0.34202 0 0.939693 
vn -0.300706 0 0.953717 
vn -0.382683 0 0.92388 
vn -0.34202 0 0.939693 
vn -0.422618 0 0.906308 
vn -0.382683 0 0.92388 
vn -0.461749 0 0.887011 
vn -0.422618 0 0.906308 
vn -0.5 0 0.866025 
vn -0.461749 0 0.887011 
vn -0.5373 0 0.843391 
vn -0.5 0 0.866025 
vn -0.573576 0 0.819152 
vn -0.5373 0 0.843391 
vn -0.608761 0 0.793353 
vn -0.573576 0 0.819152 
vn -0.642788 0 0.766044 
vn -0.608761 0 0.793353 
vn -0.67559 0 0.737277 
vn -0.642788 0 0.766044 
vn -0.707107 0 0.707107 
vn -0.67559 0 0.737277 
vn -0.737277 0 0.67559 
vn -0.707107 0 0.707107 
vn -0.766044 0 0.642788 
vn -0.737277 0 0.67559 
vn -0.793353 0 0.608761 
vn -0.766044 0 0.642788 
vn -0.819152 0 0.573576 
vn -0.793353 0 0.608761 
vn -0.843391 0 0.5373 
vn -0.819152 0 0.573576 
vn -0.866025 0 0.5 
vn -0.843391 0 0.5373 
vn -0.887011 0 0.461749 
vn -0.866025 0 0.5 
vn -0.906308 0 0.422618 
vn -0.887011 0 0.461749 
vn -0.92388 0 0.382683 
vn -0.906308 0 0.422618 
vn -0.939693 0 0.34202 
vn -0.92388 0 0.382683 
vn -0.953717 0 0.300706 
vn -0.939693 0 0.34202 
vn -0.965926 0 0.258819 
vn -0.953717 0 0.300706 
vn -0.976296 0 0.21644 
vn -0.965926 0 0.258819 
vn -0.984808 0 0.173648 
vn -0.976296 0 0.21644 
vn -0.991445 0 0.130526 
vn -0.984808 0 0.173648 
vn -0.996195 0 0.0871557 
vn -0.991445 0 0.130526 
vn -0.999048 0 0.0436194 
vn -0.996195 0 0.0871557 
vn -1 0 -6.12323e-17 
vn -0.999048 0 0.0436194 
vn 0 1 0 
o mesh18
f 133//114 134//114 135//114 
o mesh19
f 136//115 137//115 135//115 
f 135//115 134//115 136//115 
o mesh20
f 136//116 138//116 137//116 
o mesh21
f 136//117 134//117 133//117 
f 133//117 138//117 136//117 
o mesh22
f 139//118 140//118 137//118 
f 140//118 141//118 135//118 
f 135//118 137//118 140//118 
f 142//118 133//118 135//118 
f 135//118 141//118 142//118 
f 137//118 138//118 139//118 
o mesh23
f 143//119 138//119 133//119 
f 143//119 139//119 138//119 
f 144//119 145//119 143//119 
f 143//119 142//119 144//119 
f 133//119 142//119 143//119 
o mesh24
f 146//120 147//120 141//120 
f 141//120 140//120 146//120 
o mesh25
f 144//121 148//121 149//121 
f 144//121 150//121 148//121 
f 144//121 151//121 150//121 
f 144//121 152//121 151//121 
f 144//121 153//121 152//121 
f 144//121 154//121 153//121 
f 144//121 155//121 154//121 
f 156//121 157//121 155//121 
f 155//121 144//121 156//121 
f 149//121 145//121 144//121 
o mesh26
f 158//122 159//122 160//122 
f 161//122 162//122 163//122 
f 161//122 164//122 165//122 
f 161//122 158//122 166//122 
f 167//122 168//122 169//122 
f 167//122 170//122 171//122 
f 158//122 172//122 159//122 
f 165//122 162//122 161//122 
f 166//122 173//122 161//122 
f 167//122 174//122 168//122 
f 167//122 175//122 170//122 
f 167//122 176//122 177//122 
f 167//122 178//122 179//122 
f 158//122 161//122 172//122 
f 173//122 164//122 161//122 
f 180//122 181//122 182//122 
f 167//122 183//122 184//122 
f 167//122 185//122 186//122 
f 167//122 187//122 174//122 
f 167//122 188//122 189//122 
f 167//122 190//122 175//122 
f 179//122 176//122 167//122 
f 167//122 180//122 191//122 
f 163//122 192//122 161//122 
f 180//122 193//122 181//122 
f 180//122 194//122 195//122 
f 180//122 196//122 197//122 
f 180//122 198//122 199//122 
f 167//122 200//122 201//122 
f 167//122 202//122 183//122 
f 167//122 203//122 185//122 
f 167//122 204//122 205//122 
f 167//122 206//122 187//122 
f 167//122 207//122 208//122 
f 167//122 209//122 188//122 
f 177//122 190//122 167//122 
f 167//122 210//122 211//122 
f 191//122 212//122 167//122 
f 182//122 158//122 180//122 
f 195//122 213//122 180//122 
f 180//122 214//122 196//122 
f 180//122 215//122 216//122 
f 199//122 217//122 180//122 
f 184//122 200//122 167//122 
f 205//122 203//122 167//122 
f 208//122 206//122 167//122 
f 167//122 218//122 209//122 
f 211//122 178//122 167//122 
f 212//122 219//122 167//122 
f 213//122 193//122 180//122 
f 197//122 220//122 180//122 
f 180//122 221//122 215//122 
f 180//122 167//122 198//122 
f 167//122 222//122 223//122 
f 167//122 224//122 225//122 
f 186//122 202//122 167//122 
f 189//122 207//122 167//122 
f 219//122 210//122 167//122 
f 220//122 194//122 180//122 
f 217//122 221//122 180//122 
f 223//122 226//122 167//122 
f 201//122 224//122 167//122 
f 171//122 218//122 167//122 
f 216//122 214//122 180//122 
f 227//122 144//122 142//122 
f 167//122 228//122 229//122 
f 225//122 222//122 167//122 
f 160//122 180//122 158//122 
f 142//122 141//122 147//122 
f 156//122 144//122 227//122 
f 229//122 230//122 167//122 
f 169//122 204//122 167//122 
f 227//122 167//122 156//122 
f 226//122 228//122 167//122 
f 230//122 156//122 167//122 
f 142//122 147//122 227//122 
o mesh27
f 167//123 231//123 232//124 
f 198//124 232//124 233//125 
f 199//125 233//125 234//126 
f 217//126 234//126 235//127 
f 221//127 235//127 236//128 
f 215//128 236//128 237//129 
f 216//129 237//129 238//130 
f 214//130 238//130 239//131 
f 196//131 239//131 240//132 
f 197//132 240//132 241//133 
f 220//133 241//133 242//134 
f 195//135 194//134 243//136 
f 194//134 242//134 243//136 
f 195//135 244//135 245//137 
f 213//137 245//137 246//138 
f 193//138 246//138 247//139 
f 181//139 247//139 248//140 
f 182//140 248//140 249//141 
f 158//141 249//141 250//142 
f 166//142 250//142 251//143 
f 173//143 251//143 252//144 
f 164//144 252//144 253//145 
f 165//145 253//145 254//146 
f 162//146 254//146 255//147 
f 163//147 255//147 256//148 
f 192//148 256//148 257//149 
f 161//149 257//149 258//150 
f 172//150 258//150 259//151 
f 159//151 259//151 260//152 
f 160//152 260//152 261//153 
f 180//153 261//153 262//154 
f 191//154 262//154 263//155 
f 212//155 263//155 264//156 
f 219//156 264//156 265//157 
f 210//157 265//157 266//158 
f 211//158 266//158 267//159 
f 178//159 267//159 268//160 
f 179//160 268//160 269//161 
f 176//161 269//161 270//162 
f 177//162 270//162 271//163 
f 190//163 271//163 272//164 
f 175//164 272//164 273//165 
f 170//165 273//165 274//166 
f 171//166 274//166 275//167 
f 218//167 275//167 276//168 
f 209//168 276//168 277//169 
f 188//169 277//169 278//170 
f 189//170 278//170 279//171 
f 207//171 279//171 280//172 
f 208//172 280//172 281//173 
f 206//173 281//173 282//174 
f 187//174 282//174 283//175 
f 174//175 283//175 284//176 
f 168//176 284//176 285//177 
f 169//177 285//177 286//178 
f 204//178 286//178 287//179 
f 205//179 287//179 288//180 
f 203//180 288//180 289//181 
f 185//181 289//181 290//182 
f 186//182 290//182 291//183 
f 202//183 291//183 292//184 
f 183//184 292//184 293//185 
f 184//185 293//185 294//186 
f 200//186 294//186 295//187 
f 201//187 295//187 296//188 
f 224//188 296//188 297//189 
f 225//189 297//189 298//190 
f 222//190 298//190 299//191 
f 223//191 299//191 300//192 
f 226//192 300//192 301//193 
f 228//193 301//193 302//194 
f 229//194 302//194 303//195 
f 230//195 303//195 157//196 
f 157//196 156//196 230//195 
f 303//195 230//195 229//194 
f 302//194 229//194 228//193 
f 301//193 228//193 226//192 
f 300//192 226//192 223//191 
f 299//191 223//191 222//190 
f 298//190 222//190 225//189 
f 297//189 225//189 224//188 
f 296//188 224//188 201//187 
f 295//187 201//187 200//186 
f 294//186 200//186 184//185 
f 293//185 184//185 183//184 
f 292//184 183//184 202//183 
f 291//183 202//183 186//182 
f 290//182 186//182 185//181 
f 289//181 185//181 203//180 
f 288//180 203//180 205//179 
f 287//179 205//179 204//178 
f 286//178 204//178 169//177 
f 285//177 169//177 168//176 
f 284//176 168//176 174//175 
f 283//175 174//175 187//174 
f 282//174 187//174 206//173 
f 281//173 206//173 208//172 
f 280//172 208//172 207//171 
f 279//171 207//171 189//170 
f 278//170 189//170 188//169 
f 277//169 188//169 209//168 
f 276//168 209//168 218//167 
f 275//167 218//167 171//166 
f 274//166 171//166 170//165 
f 273//165 170//165 175//164 
f 272//164 175//164 190//163 
f 271//163 190//163 177//162 
f 270//162 177//162 176//161 
f 269//161 176//161 179//160 
f 268//160 179//160 178//159 
f 267//159 178//159 211//158 
f 266//158 211//158 210//157 
f 265//157 210//157 219//156 
f 264//156 219//156 212//155 
f 263//155 212//155 191//154 
f 262//154 191//154 180//153 
f 261//153 180//153 160//152 
f 260//152 160//152 159//151 
f 259//151 159//151 172//150 
f 258//150 172//150 161//149 
f 257//149 161//149 192//148 
f 256//148 192//148 163//147 
f 255//147 163//147 162//146 
f 254//146 162//146 165//145 
f 253//145 165//145 164//144 
f 252//144 164//144 173//143 
f 251//143 173//143 166//142 
f 250//142 166//142 158//141 
f 249//141 158//141 182//140 
f 248//140 182//140 181//139 
f 247//139 181//139 193//138 
f 246//138 193//138 213//137 
f 245//137 213//137 195//135 
f 243//136 244//135 195//135 
f 242//134 194//134 220//133 
f 241//133 220//133 197//132 
f 240//132 197//132 196//131 
f 239//131 196//131 214//130 
f 238//130 214//130 216//129 
f 237//129 216//129 215//128 
f 236//128 215//128 221//127 
f 235//127 221//127 217//126 
f 234//126 217//126 199//125 
f 233//125 199//125 198//124 
f 232//124 198//124 167//123 
o mesh28
f 167//197 227//197 304//197 
f 227//197 305//197 304//197 
f 227//197 306//197 305//197 
f 227//197 307//197 306//197 
f 227//197 308//197 307//197 
f 227//197 309//197 308//197 
f 227//197 310//197 309//197 
f 227//197 311//197 310//197 
f 227//197 312//197 311//197 
f 304//197 231//197 167//197 
o mesh29
f 147//198 313//198 314//198 
f 314//198 227//198 147//198 
f 147//198 146//198 313//198 
f 314//198 312//198 227//198 
o mesh30
f 310//199 311//199 1629//199 
f 1629//199 315//199 316//199 
f 1629//199 317//199 318//199 
f 316//199 319//199 1629//199 
f 1630//199 318//199 320//199 
f 1629//199 321//199 317//199 
f 319//199 322//199 1629//199 
f 320//199 323//199 1630//199 
f 322//199 321//199 1629//199 
f 1630//199 324//199 325//199 
f 1630//199 326//199 327//199 
f 318//199 1630//199 1629//199 
f 1629//199 328//199 329//199 
f 1630//199 330//199 331//199 
f 327//199 324//199 1630//199 
f 329//199 315//199 1629//199 
f 1630//199 332//199 333//199 
f 1630//199 334//199 335//199 
f 1630//199 336//199 337//199 
f 1630//199 338//199 330//199 
f 323//199 326//199 1630//199 
f 1629//199 339//199 340//199 
f 148//199 341//199 342//199 
f 1630//199 343//199 344//199 
f 335//199 332//199 1630//199 
f 331//199 336//199 1630//199 
f 340//199 328//199 1629//199 
f 1629//199 345//199 346//199 
f 342//199 347//199 148//199 
f 1630//199 348//199 349//199 
f 1630//199 350//199 343//199 
f 1630//199 351//199 334//199 
f 325//199 338//199 1630//199 
f 1629//199 352//199 353//199 
f 1629//199 354//199 355//199 
f 1629//199 356//199 357//199 
f 346//199 358//199 1629//199 
f 149//199 359//199 360//199 
f 149//199 361//199 362//199 
f 149//199 363//199 364//199 
f 347//199 365//199 148//199 
f 148//199 366//199 367//199 
f 148//199 368//199 369//199 
f 1630//199 370//199 348//199 
f 1630//199 371//199 372//199 
f 344//199 373//199 1630//199 
f 1630//199 374//199 375//199 
f 333//199 376//199 1630//199 
f 1630//199 377//199 378//199 
f 353//199 339//199 1629//199 
f 357//199 354//199 1629//199 
f 1629//199 379//199 380//199 
f 1629//199 381//199 382//199 
f 1629//199 383//199 345//199 
f 1629//199 384//199 385//199 
f 1629//199 149//199 386//199 
f 360//199 387//199 149//199 
f 149//199 388//199 361//199 
f 364//199 389//199 149//199 
f 148//199 390//199 391//199 
f 148//199 392//199 341//199 
f 367//199 393//199 148//199 
f 148//199 394//199 368//199 
f 148//199 395//199 396//199 
f 349//199 148//199 1630//199 
f 372//199 397//199 1630//199 
f 1630//199 398//199 399//199 
f 375//199 350//199 1630//199 
f 378//199 351//199 1630//199 
f 355//199 352//199 1629//199 
f 1629//199 400//199 379//199 
f 358//199 381//199 1629//199 
f 1629//199 401//199 402//199 
f 1629//199 403//199 384//199 
f 149//199 404//199 386//199 
f 149//199 405//199 406//199 
f 149//199 407//199 408//199 
f 362//199 359//199 149//199 
f 389//199 409//199 149//199 
f 148//199 410//199 390//199 
f 393//199 392//199 148//199 
f 148//199 411//199 412//199 
f 148//199 413//199 414//199 
f 148//199 415//199 416//199 
f 369//199 417//199 148//199 
f 148//199 418//199 395//199 
f 349//199 419//199 148//199 
f 1630//199 420//199 421//199 
f 397//199 422//199 1630//199 
f 373//199 398//199 1630//199 
f 337//199 377//199 1630//199 
f 1629//199 423//199 400//199 
f 402//199 383//199 1629//199 
f 1629//199 424//199 403//199 
f 1629//199 425//199 426//199 
f 386//199 427//199 1629//199 
f 149//199 428//199 429//199 
f 406//199 430//199 149//199 
f 149//199 431//199 407//199 
f 149//199 432//199 433//199 
f 409//199 388//199 149//199 
f 149//199 148//199 434//199 
f 148//199 435//199 410//199 
f 412//199 366//199 148//199 
f 148//199 436//199 413//199 
f 417//199 415//199 148//199 
f 148//199 437//199 438//199 
f 148//199 439//199 418//199 
f 148//199 440//199 441//199 
f 1630//199 442//199 370//199 
f 422//199 420//199 1630//199 
f 376//199 374//199 1630//199 
f 382//199 423//199 1629//199 
f 426//199 424//199 1629//199 
f 427//199 443//199 1629//199 
f 429//199 444//199 149//199 
f 149//199 445//199 405//199 
f 149//199 446//199 447//199 
f 149//199 448//199 449//199 
f 149//199 450//199 431//199 
f 387//199 432//199 149//199 
f 434//199 451//199 149//199 
f 148//199 452//199 453//199 
f 365//199 435//199 148//199 
f 148//199 454//199 436//199 
f 438//199 394//199 148//199 
f 441//199 439//199 148//199 
f 421//199 442//199 1630//199 
f 380//199 356//199 1629//199 
f 443//199 425//199 1629//199 
f 149//199 455//199 456//199 
f 444//199 457//199 149//199 
f 149//199 458//199 459//199 
f 447//199 445//199 149//199 
f 408//199 448//199 149//199 
f 451//199 363//199 149//199 
f 391//199 452//199 148//199 
f 416//199 454//199 148//199 
f 419//199 440//199 148//199 
f 385//199 401//199 1629//199 
f 457//199 455//199 149//199 
f 430//199 458//199 149//199 
f 433//199 450//199 149//199 
f 414//199 411//199 148//199 
f 399//199 371//199 1630//199 
f 456//199 460//199 149//199 
f 449//199 446//199 149//199 
f 396//199 437//199 148//199 
f 459//199 428//199 149//199 
f 460//199 404//199 149//199 
f 309//199 310//199 1630//199 
f 1630//199 461//199 462//199 
f 1631//199 1630//199 463//199 
f 462//199 464//199 1630//199 
f 463//199 465//199 1631//199 
f 1630//199 466//199 467//199 
f 464//199 468//199 1630//199 
f 465//199 469//199 1631//199 
f 468//199 466//199 1630//199 
f 1631//199 470//199 471//199 
f 1631//199 472//199 473//199 
f 467//199 463//199 1630//199 
f 1630//199 474//199 475//199 
f 150//199 476//199 477//199 
f 1631//199 478//199 479//199 
f 473//199 470//199 1631//199 
f 475//199 461//199 1630//199 
f 477//199 480//199 150//199 
f 150//199 481//199 482//199 
f 1631//199 483//199 484//199 
f 1631//199 485//199 486//199 
f 1631//199 487//199 488//199 
f 1631//199 489//199 478//199 
f 469//199 472//199 1631//199 
f 1630//199 490//199 491//199 
f 480//199 492//199 150//199 
f 150//199 493//199 494//199 
f 150//199 495//199 481//199 
f 150//199 496//199 497//199 
f 1631//199 498//199 499//199 
f 486//199 483//199 1631//199 
f 479//199 487//199 1631//199 
f 491//199 474//199 1630//199 
f 1630//199 500//199 501//199 
f 148//199 502//199 503//199 
f 148//199 504//199 505//199 
f 148//199 506//199 507//199 
f 150//199 508//199 509//199 
f 150//199 510//199 476//199 
f 494//199 511//199 150//199 
f 150//199 512//199 513//199 
f 482//199 514//199 150//199 
f 150//199 515//199 516//199 
f 150//199 517//199 496//199 
f 1631//199 518//199 519//199 
f 1631//199 520//199 498//199 
f 1631//199 521//199 485//199 
f 471//199 489//199 1631//199 
f 1630//199 522//199 523//199 
f 1630//199 524//199 525//199 
f 1630//199 526//199 527//199 
f 501//199 528//199 1630//199 
f 503//199 529//199 148//199 
f 148//199 530//199 504//199 
f 507//199 531//199 148//199 
f 150//199 532//199 508//199 
f 511//199 510//199 150//199 
f 150//199 533//199 534//199 
f 150//199 535//199 536//199 
f 514//199 512//199 150//199 
f 497//199 515//199 150//199 
f 150//199 537//199 538//199 
f 1631//199 539//199 518//199 
f 1631//199 540//199 541//199 
f 499//199 542//199 1631//199 
f 1631//199 543//199 544//199 
f 484//199 545//199 1631//199 
f 1631//199 546//199 547//199 
f 523//199 490//199 1630//199 
f 527//199 524//199 1630//199 
f 1630//199 548//199 549//199 
f 1630//199 550//199 551//199 
f 1630//199 552//199 500//199 
f 1630//199 553//199 554//199 
f 1630//199 148//199 555//199 
f 148//199 556//199 557//199 
f 148//199 558//199 559//199 
f 505//199 502//199 148//199 
f 531//199 560//199 148//199 
f 150//199 561//199 562//199 
f 150//199 563//199 532//199 
f 534//199 493//199 150//199 
f 150//199 564//199 535//199 
f 150//199 565//199 495//199 
f 538//199 517//199 150//199 
f 519//199 150//199 1631//199 
f 541//199 566//199 1631//199 
f 1631//199 567//199 568//199 
f 544//199 520//199 1631//199 
f 547//199 521//199 1631//199 
f 525//199 522//199 1630//199 
f 1630//199 569//199 548//199 
f 528//199 550//199 1630//199 
f 1630//199 570//199 571//199 
f 1630//199 572//199 553//199 
f 148//199 573//199 555//199 
f 148//199 574//199 575//199 
f 557//199 576//199 148//199 
f 148//199 577//199 558//199 
f 148//199 578//199 579//199 
f 560//199 530//199 148//199 
f 150//199 580//199 561//199 
f 492//199 563//199 150//199 
f 150//199 581//199 564//199 
f 516//199 565//199 150//199 
f 519//199 582//199 150//199 
f 1631//199 583//199 584//199 
f 566//199 585//199 1631//199 
f 542//199 567//199 1631//199 
f 488//199 546//199 1631//199 
f 1630//199 586//199 569//199 
f 571//199 552//199 1630//199 
f 1630//199 587//199 572//199 
f 1630//199 588//199 589//199 
f 555//199 590//199 1630//199 
f 575//199 591//199 148//199 
f 148//199 592//199 556//199 
f 148//199 593//199 594//199 
f 148//199 595//199 596//199 
f 148//199 597//199 577//199 
f 529//199 578//199 148//199 
f 148//199 562//199 598//199 
f 509//199 580//199 150//199 
f 513//199 581//199 150//199 
f 1631//199 599//199 539//199 
f 585//199 583//199 1631//199 
f 545//199 543//199 1631//199 
f 551//199 586//199 1630//199 
f 589//199 587//199 1630//199 
f 590//199 600//199 1630//199 
f 148//199 601//199 602//199 
f 591//199 603//199 148//199 
f 148//199 604//199 605//199 
f 594//199 592//199 148//199 
f 559//199 595//199 148//199 
f 598//199 506//199 148//199 
f 536//199 533//199 150//199 
f 584//199 599//199 1631//199 
f 549//199 526//199 1630//199 
f 600//199 588//199 1630//199 
f 603//199 601//199 148//199 
f 576//199 604//199 148//199 
f 579//199 597//199 148//199 
f 582//199 537//199 150//199 
f 554//199 570//199 1630//199 
f 602//199 606//199 148//199 
f 596//199 593//199 148//199 
f 568//199 540//199 1631//199 
f 605//199 574//199 148//199 
f 606//199 573//199 148//199 
f 308//199 309//199 1631//199 
f 1631//199 607//199 608//199 
f 1631//199 609//199 610//199 
f 608//199 611//199 1631//199 
f 1632//199 610//199 612//199 
f 1631//199 613//199 609//199 
f 611//199 614//199 1631//199 
f 612//199 615//199 1632//199 
f 614//199 613//199 1631//199 
f 1632//199 616//199 617//199 
f 1632//199 618//199 619//199 
f 610//199 1632//199 1631//199 
f 1631//199 620//199 621//199 
f 1632//199 622//199 623//199 
f 619//199 616//199 1632//199 
f 621//199 607//199 1631//199 
f 151//199 624//199 625//199 
f 1632//199 626//199 627//199 
f 1632//199 628//199 629//199 
f 1632//199 630//199 631//199 
f 1632//199 632//199 622//199 
f 615//199 618//199 1632//199 
f 1631//199 633//199 634//199 
f 625//199 635//199 151//199 
f 1632//199 636//199 637//199 
f 629//199 626//199 1632//199 
f 623//199 630//199 1632//199 
f 634//199 620//199 1631//199 
f 1631//199 638//199 639//199 
f 1631//199 150//199 640//199 
f 635//199 641//199 151//199 
f 151//199 642//199 643//199 
f 151//199 644//199 645//199 
f 1632//199 646//199 636//199 
f 1632//199 647//199 628//199 
f 617//199 632//199 1632//199 
f 1631//199 648//199 649//199 
f 1631//199 650//199 651//199 
f 1631//199 652//199 653//199 
f 639//199 654//199 1631//199 
f 1631//199 655//199 656//199 
f 640//199 657//199 1631//199 
f 150//199 658//199 659//199 
f 150//199 660//199 661//199 
f 150//199 662//199 663//199 
f 151//199 664//199 665//199 
f 151//199 666//199 624//199 
f 643//199 667//199 151//199 
f 151//199 668//199 644//199 
f 637//199 669//199 1632//199 
f 1632//199 670//199 671//199 
f 627//199 672//199 1632//199 
f 1632//199 673//199 674//199 
f 649//199 633//199 1631//199 
f 653//199 650//199 1631//199 
f 1631//199 675//199 676//199 
f 1631//199 677//199 678//199 
f 1631//199 679//199 638//199 
f 1631//199 680//199 655//199 
f 150//199 681//199 640//199 
f 150//199 682//199 683//199 
f 659//199 684//199 150//199 
f 150//199 685//199 660//199 
f 663//199 686//199 150//199 
f 151//199 687//199 664//199 
f 667//199 666//199 151//199 
f 151//199 688//199 689//199 
f 151//199 690//199 691//199 
f 151//199 692//199 693//199 
f 645//199 694//199 151//199 
f 151//199 695//199 696//199 
f 1632//199 697//199 698//199 
f 1632//199 699//199 700//199 
f 671//199 646//199 1632//199 
f 674//199 647//199 1632//199 
f 651//199 648//199 1631//199 
f 1631//199 701//199 675//199 
f 654//199 677//199 1631//199 
f 1631//199 702//199 703//199 
f 1631//199 704//199 680//199 
f 1631//199 705//199 706//199 
f 150//199 707//199 681//199 
f 683//199 708//199 150//199 
f 150//199 709//199 710//199 
f 150//199 711//199 712//199 
f 661//199 658//199 150//199 
f 686//199 713//199 150//199 
f 151//199 714//199 687//199 
f 689//199 642//199 151//199 
f 151//199 715//199 690//199 
f 694//199 692//199 151//199 
f 151//199 716//199 717//199 
f 151//199 718//199 695//199 
f 698//199 719//199 1632//199 
f 669//199 699//199 1632//199 
f 631//199 673//199 1632//199 
f 1631//199 720//199 701//199 
f 703//199 679//199 1631//199 
f 706//199 704//199 1631//199 
f 657//199 721//199 1631//199 
f 150//199 722//199 723//199 
f 708//199 724//199 150//199 
f 710//199 725//199 150//199 
f 150//199 726//199 711//199 
f 150//199 727//199 728//199 
f 713//199 685//199 150//199 
f 150//199 151//199 729//199 
f 151//199 730//199 731//199 
f 641//199 714//199 151//199 
f 151//199 732//199 715//199 
f 717//199 668//199 151//199 
f 151//199 733//199 718//199 
f 151//199 734//199 735//199 
f 1632//199 736//199 737//199 
f 719//199 738//199 1632//199 
f 672//199 670//199 1632//199 
f 678//199 720//199 1631//199 
f 721//199 705//199 1631//199 
f 724//199 722//199 150//199 
f 150//199 739//199 709//199 
f 150//199 740//199 741//199 
f 150//199 742//199 743//199 
f 150//199 744//199 726//199 
f 684//199 727//199 150//199 
f 729//199 745//199 150//199 
f 665//199 730//199 151//199 
f 693//199 732//199 151//199 
f 735//199 733//199 151//199 
f 1632//199 746//199 747//199 
f 738//199 736//199 1632//199 
f 676//199 652//199 1631//199 
f 723//199 707//199 150//199 
f 150//199 748//199 749//199 
f 741//199 739//199 150//199 
f 712//199 742//199 150//199 
f 745//199 662//199 150//199 
f 691//199 688//199 151//199 
f 151//199 750//199 734//199 
f 1632//199 751//199 746//199 
f 737//199 752//199 1632//199 
f 656//199 702//199 1631//199 
f 725//199 748//199 150//199 
f 728//199 744//199 150//199 
f 696//199 716//199 151//199 
f 747//199 151//199 1632//199 
f 700//199 697//199 1632//199 
f 743//199 740//199 150//199 
f 747//199 750//199 151//199 
f 749//199 682//199 150//199 
f 752//199 751//199 1632//199 
f 307//199 308//199 1632//199 
f 1632//199 753//199 754//199 
f 1632//199 755//199 756//199 
f 754//199 757//199 1632//199 
f 1633//199 756//199 758//199 
f 1632//199 759//199 755//199 
f 757//199 760//199 1632//199 
f 758//199 761//199 1633//199 
f 760//199 759//199 1632//199 
f 1633//199 762//199 763//199 
f 1633//199 764//199 765//199 
f 756//199 1633//199 1632//199 
f 1632//199 766//199 767//199 
f 152//199 768//199 769//199 
f 1633//199 770//199 771//199 
f 765//199 762//199 1633//199 
f 767//199 753//199 1632//199 
f 769//199 772//199 152//199 
f 152//199 773//199 774//199 
f 1633//199 775//199 776//199 
f 1633//199 777//199 778//199 
f 1633//199 779//199 780//199 
f 1633//199 781//199 770//199 
f 761//199 764//199 1633//199 
f 1632//199 782//199 783//199 
f 772//199 784//199 152//199 
f 152//199 785//199 786//199 
f 152//199 787//199 773//199 
f 152//199 788//199 789//199 
f 1633//199 790//199 791//199 
f 778//199 775//199 1633//199 
f 771//199 779//199 1633//199 
f 783//199 766//199 1632//199 
f 1632//199 792//199 793//199 
f 1632//199 151//199 794//199 
f 152//199 795//199 796//199 
f 152//199 797//199 768//199 
f 786//199 798//199 152//199 
f 152//199 799//199 800//199 
f 774//199 801//199 152//199 
f 152//199 802//199 803//199 
f 152//199 804//199 788//199 
f 1633//199 805//199 806//199 
f 1633//199 807//199 790//199 
f 1633//199 808//199 777//199 
f 763//199 781//199 1633//199 
f 1632//199 809//199 810//199 
f 1632//199 811//199 812//199 
f 1632//199 813//199 814//199 
f 793//199 815//199 1632//199 
f 1632//199 816//199 817//199 
f 794//199 818//199 1632//199 
f 151//199 819//199 820//199 
f 151//199 821//199 822//199 
f 151//199 823//199 824//199 
f 152//199 825//199 795//199 
f 798//199 797//199 152//199 
f 152//199 826//199 827//199 
f 152//199 828//199 829//199 
f 801//199 799//199 152//199 
f 789//199 802//199 152//199 
f 152//199 830//199 831//199 
f 1633//199 832//199 805//199 
f 1633//199 833//199 834//199 
f 791//199 835//199 1633//199 
f 1633//199 836//199 837//199 
f 776//199 838//199 1633//199 
f 1633//199 839//199 840//199 
f 810//199 782//199 1632//199 
f 814//199 811//199 1632//199 
f 1632//199 841//199 842//199 
f 1632//199 843//199 844//199 
f 1632//199 845//199 792//199 
f 1632//199 846//199 816//199 
f 151//199 847//199 794//199 
f 151//199 848//199 849//199 
f 820//199 850//199 151//199 
f 151//199 851//199 821//199 
f 824//199 852//199 151//199 
f 152//199 853//199 825//199 
f 827//199 785//199 152//199 
f 152//199 854//199 828//199 
f 152//199 855//199 787//199 
f 831//199 804//199 152//199 
f 806//199 152//199 1633//199 
f 834//199 856//199 1633//199 
f 1633//199 857//199 858//199 
f 837//199 807//199 1633//199 
f 840//199 808//199 1633//199 
f 812//199 809//199 1632//199 
f 1632//199 859//199 841//199 
f 815//199 843//199 1632//199 
f 1632//199 860//199 861//199 
f 1632//199 862//199 846//199 
f 1632//199 863//199 864//199 
f 151//199 865//199 847//199 
f 849//199 866//199 151//199 
f 151//199 867//199 868//199 
f 151//199 869//199 870//199 
f 822//199 819//199 151//199 
f 852//199 871//199 151//199 
f 152//199 872//199 873//199 
f 784//199 853//199 152//199 
f 152//199 874//199 854//199 
f 803//199 855//199 152//199 
f 806//199 875//199 152//199 
f 1633//199 876//199 877//199 
f 856//199 878//199 1633//199 
f 835//199 857//199 1633//199 
f 780//199 839//199 1633//199 
f 1632//199 879//199 859//199 
f 861//199 845//199 1632//199 
f 864//199 862//199 1632//199 
f 818//199 880//199 1632//199 
f 151//199 881//199 882//199 
f 866//199 883//199 151//199 
f 868//199 884//199 151//199 
f 151//199 885//199 869//199 
f 151//199 886//199 887//199 
f 871//199 851//199 151//199 
f 151//199 152//199 888//199 
f 796//199 872//199 152//199 
f 800//199 874//199 152//199 
f 1633//199 889//199 832//199 
f 878//199 876//199 1633//199 
f 838//199 836//199 1633//199 
f 844//199 879//199 1632//199 
f 880//199 863//199 1632//199 
f 883//199 881//199 151//199 
f 151//199 890//199 867//199 
f 151//199 891//199 892//199 
f 151//199 893//199 894//199 
f 151//199 895//199 885//199 
f 850//199 886//199 151//199 
f 888//199 896//199 151//199 
f 829//199 826//199 152//199 
f 877//199 889//199 1633//199 
f 842//199 813//199 1632//199 
f 882//199 865//199 151//199 
f 151//199 897//199 898//199 
f 892//199 890//199 151//199 
f 870//199 893//199 151//199 
f 896//199 823//199 151//199 
f 875//199 830//199 152//199 
f 817//199 860//199 1632//199 
f 884//199 897//199 151//199 
f 887//199 895//199 151//199 
f 858//199 833//199 1633//199 
f 894//199 891//199 151//199 
f 898//199 848//199 151//199 
f 306//199 307//199 1633//199 
f 1633//199 899//199 900//199 
f 1633//199 901//199 902//199 
f 900//199 903//199 1633//199 
f 1634//199 902//199 904//199 
f 1633//199 905//199 901//199 
f 903//199 906//199 1633//199 
f 904//199 907//199 1634//199 
f 906//199 905//199 1633//199 
f 1634//199 908//199 909//199 
f 1634//199 910//199 911//199 
f 902//199 1634//199 1633//199 
f 1633//199 912//199 913//199 
f 1634//199 914//199 915//199 
f 911//199 908//199 1634//199 
f 913//199 899//199 1633//199 
f 153//199 916//199 917//199 
f 1634//199 918//199 919//199 
f 1634//199 920//199 921//199 
f 1634//199 922//199 923//199 
f 1634//199 924//199 914//199 
f 907//199 910//199 1634//199 
f 1633//199 925//199 926//199 
f 917//199 927//199 153//199 
f 153//199 928//199 929//199 
f 1634//199 930//199 931//199 
f 921//199 918//199 1634//199 
f 915//199 922//199 1634//199 
f 926//199 912//199 1633//199 
f 1633//199 932//199 933//199 
f 1633//199 152//199 934//199 
f 927//199 935//199 153//199 
f 153//199 936//199 937//199 
f 153//199 938//199 928//199 
f 153//199 939//199 940//199 
f 1634//199 941//199 930//199 
f 1634//199 942//199 920//199 
f 909//199 924//199 1634//199 
f 1633//199 943//199 944//199 
f 1633//199 945//199 946//199 
f 1633//199 947//199 948//199 
f 933//199 949//199 1633//199 
f 1633//199 950//199 951//199 
f 934//199 952//199 1633//199 
f 152//199 953//199 954//199 
f 152//199 955//199 956//199 
f 152//199 957//199 958//199 
f 153//199 959//199 960//199 
f 153//199 961//199 916//199 
f 937//199 962//199 153//199 
f 153//199 963//199 964//199 
f 929//199 965//199 153//199 
f 153//199 966//199 967//199 
f 153//199 968//199 939//199 
f 931//199 969//199 1634//199 
f 1634//199 970//199 971//199 
f 919//199 972//199 1634//199 
f 1634//199 973//199 974//199 
f 944//199 925//199 1633//199 
f 948//199 945//199 1633//199 
f 1633//199 975//199 976//199 
f 1633//199 977//199 978//199 
f 1633//199 979//199 932//199 
f 1633//199 980//199 950//199 
f 152//199 981//199 934//199 
f 152//199 982//199 983//199 
f 954//199 984//199 152//199 
f 152//199 985//199 955//199 
f 958//199 986//199 152//199 
f 153//199 987//199 959//199 
f 962//199 961//199 153//199 
f 153//199 988//199 989//199 
f 153//199 990//199 991//199 
f 965//199 963//199 153//199 
f 940//199 966//199 153//199 
f 153//199 992//199 993//199 
f 1634//199 994//199 995//199 
f 1634//199 996//199 997//199 
f 971//199 941//199 1634//199 
f 974//199 942//199 1634//199 
f 946//199 943//199 1633//199 
f 1633//199 998//199 975//199 
f 949//199 977//199 1633//199 
f 1633//199 999//199 1000//199 
f 1633//199 1001//199 980//199 
f 1633//199 1002//199 1003//199 
f 152//199 1004//199 981//199 
f 983//199 1005//199 152//199 
f 152//199 1006//199 1007//199 
f 152//199 1008//199 1009//199 
f 956//199 953//199 152//199 
f 986//199 1010//199 152//199 
f 153//199 1011//199 987//199 
f 989//199 936//199 153//199 
f 153//199 1012//199 990//199 
f 153//199 1013//199 938//199 
f 993//199 968//199 153//199 
f 995//199 1014//199 1634//199 
f 969//199 996//199 1634//199 
f 923//199 973//199 1634//199 
f 1633//199 1015//199 998//199 
f 1000//199 979//199 1633//199 
f 1003//199 1001//199 1633//199 
f 952//199 1016//199 1633//199 
f 152//199 1017//199 1018//199 
f 1005//199 1019//199 152//199 
f 1007//199 1020//199 152//199 
f 152//199 1021//199 1008//199 
f 152//199 1022//199 1023//199 
f 1010//199 985//199 152//199 
f 152//199 153//199 1024//199 
f 153//199 1025//199 1026//199 
f 935//199 1011//199 153//199 
f 153//199 1027//199 1012//199 
f 967//199 1013//199 153//199 
f 1634//199 1028//199 1029//199 
f 1014//199 1030//199 1634//199 
f 972//199 970//199 1634//199 
f 978//199 1015//199 1633//199 
f 1016//199 1002//199 1633//199 
f 1019//199 1017//199 152//199 
f 152//199 1031//199 1006//199 
f 152//199 1032//199 1033//199 
f 152//199 1034//199 1035//199 
f 152//199 1036//199 1021//199 
f 984//199 1022//199 152//199 
f 1024//199 1037//199 152//199 
f 960//199 1025//199 153//199 
f 964//199 1027//199 153//199 
f 1634//199 1038//199 1039//199 
f 1030//199 1028//199 1634//199 
f 976//199 947//199 1633//199 
f 1018//199 1004//199 152//199 
f 152//199 1040//199 1041//199 
f 1033//199 1031//199 152//199 
f 1009//199 1034//199 152//199 
f 1037//199 957//199 152//199 
f 991//199 988//199 153//199 
f 1634//199 1042//199 1038//199 
f 1029//199 1043//199 1634//199 
f 951//199 999//199 1633//199 
f 1020//199 1040//199 152//199 
f 1023//199 1036//199 152//199 
f 153//199 1044//199 992//199 
f 1039//199 153//199 1634//199 
f 997//199 994//199 1634//199 
f 1035//199 1032//199 152//199 
f 1039//199 1044//199 153//199 
f 1041//199 982//199 152//199 
f 1043//199 1042//199 1634//199 
f 305//199 306//199 1634//199 
f 1634//199 1045//199 1046//199 
f 1635//199 1634//199 1047//199 
f 1046//199 1048//199 1634//199 
f 1047//199 1049//199 1635//199 
f 1634//199 1050//199 1051//199 
f 1048//199 1052//199 1634//199 
f 1049//199 1053//199 1635//199 
f 1052//199 1050//199 1634//199 
f 1635//199 1054//199 1055//199 
f 1635//199 1056//199 1057//199 
f 1051//199 1047//199 1634//199 
f 1634//199 1058//199 1059//199 
f 1635//199 1060//199 1061//199 
f 1057//199 1054//199 1635//199 
f 1059//199 1045//199 1634//199 
f 1635//199 1062//199 1063//199 
f 1635//199 1064//199 1065//199 
f 1635//199 1066//199 1067//199 
f 1635//199 1068//199 1060//199 
f 1053//199 1056//199 1635//199 
f 1634//199 1069//199 1070//199 
f 154//199 1071//199 1072//199 
f 1635//199 1073//199 1074//199 
f 1065//199 1062//199 1635//199 
f 1061//199 1066//199 1635//199 
f 1070//199 1058//199 1634//199 
f 1634//199 1075//199 1076//199 
f 1072//199 1077//199 154//199 
f 1635//199 1078//199 1079//199 
f 1635//199 1080//199 1073//199 
f 1635//199 1081//199 1064//199 
f 1055//199 1068//199 1635//199 
f 1634//199 1082//199 1083//199 
f 1634//199 1084//199 1085//199 
f 1634//199 1086//199 1087//199 
f 1076//199 1088//199 1634//199 
f 153//199 1089//199 1090//199 
f 153//199 1091//199 1092//199 
f 153//199 1093//199 1094//199 
f 1077//199 1095//199 154//199 
f 154//199 1096//199 1097//199 
f 154//199 1098//199 1099//199 
f 1635//199 1100//199 1078//199 
f 1635//199 1101//199 1102//199 
f 1074//199 1103//199 1635//199 
f 1635//199 1104//199 1105//199 
f 1063//199 1106//199 1635//199 
f 1635//199 1107//199 1108//199 
f 1083//199 1069//199 1634//199 
f 1087//199 1084//199 1634//199 
f 1634//199 1109//199 1110//199 
f 1634//199 1111//199 1112//199 
f 1634//199 1113//199 1075//199 
f 1634//199 1114//199 1115//199 
f 1634//199 153//199 1116//199 
f 1090//199 1117//199 153//199 
f 153//199 1118//199 1091//199 
f 1094//199 1119//199 153//199 
f 154//199 1120//199 1121//199 
f 154//199 1122//199 1071//199 
f 1097//199 1123//199 154//199 
f 154//199 1124//199 1098//199 
f 154//199 1125//199 1126//199 
f 1079//199 154//199 1635//199 
f 1102//199 1127//199 1635//199 
f 1635//199 1128//199 1129//199 
f 1105//199 1080//199 1635//199 
f 1108//199 1081//199 1635//199 
f 1085//199 1082//199 1634//199 
f 1634//199 1130//199 1109//199 
f 1088//199 1111//199 1634//199 
f 1634//199 1131//199 1132//199 
f 1634//199 1133//199 1114//199 
f 153//199 1134//199 1116//199 
f 153//199 1135//199 1136//199 
f 153//199 1137//199 1138//199 
f 1092//199 1089//199 153//199 
f 1119//199 1139//199 153//199 
f 154//199 1140//199 1120//199 
f 1123//199 1122//199 154//199 
f 154//199 1141//199 1142//199 
f 154//199 1143//199 1144//199 
f 154//199 1145//199 1146//199 
f 1099//199 1147//199 154//199 
f 154//199 1148//199 1125//199 
f 1079//199 1149//199 154//199 
f 1635//199 1150//199 1151//199 
f 1127//199 1152//199 1635//199 
f 1103//199 1128//199 1635//199 
f 1067//199 1107//199 1635//199 
f 1634//199 1153//199 1130//199 
f 1132//199 1113//199 1634//199 
f 1634//199 1154//199 1133//199 
f 1634//199 1155//199 1156//199 
f 1116//199 1157//199 1634//199 
f 153//199 1158//199 1159//199 
f 1136//199 1160//199 153//199 
f 153//199 1161//199 1137//199 
f 153//199 1162//199 1163//199 
f 1139//199 1118//199 153//199 
f 154//199 1164//199 1165//199 
f 154//199 1166//199 1140//199 
f 1142//199 1096//199 154//199 
f 154//199 1167//199 1143//199 
f 1147//199 1145//199 154//199 
f 154//199 1168//199 1169//199 
f 154//199 1170//199 1148//199 
f 154//199 1171//199 1172//199 
f 1635//199 1173//199 1100//199 
f 1152//199 1150//199 1635//199 
f 1106//199 1104//199 1635//199 
f 1112//199 1153//199 1634//199 
f 1156//199 1154//199 1634//199 
f 1157//199 1174//199 1634//199 
f 1159//199 1175//199 153//199 
f 153//199 1176//199 1135//199 
f 153//199 1177//199 1178//199 
f 153//199 1179//199 1180//199 
f 153//199 1181//199 1161//199 
f 1117//199 1162//199 153//199 
f 153//199 1165//199 1182//199 
f 154//199 1183//199 1164//199 
f 1095//199 1166//199 154//199 
f 154//199 1184//199 1167//199 
f 1169//199 1124//199 154//199 
f 1172//199 1170//199 154//199 
f 1151//199 1173//199 1635//199 
f 1110//199 1086//199 1634//199 
f 1174//199 1155//199 1634//199 
f 153//199 1185//199 1186//199 
f 1175//199 1187//199 153//199 
f 153//199 1188//199 1189//199 
f 1178//199 1176//199 153//199 
f 1138//199 1179//199 153//199 
f 1182//199 1093//199 153//199 
f 1121//199 1183//199 154//199 
f 1146//199 1184//199 154//199 
f 1149//199 1171//199 154//199 
f 1115//199 1131//199 1634//199 
f 1187//199 1185//199 153//199 
f 1160//199 1188//199 153//199 
f 1163//199 1181//199 153//199 
f 1144//199 1141//199 154//199 
f 1129//199 1101//199 1635//199 
f 1186//199 1190//199 153//199 
f 1180//199 1177//199 153//199 
f 1126//199 1168//199 154//199 
f 1189//199 1158//199 153//199 
f 1190//199 1134//199 153//199 
f 304//199 305//199 1635//199 
f 1635//199 1191//199 1192//199 
f 1635//199 1193//199 1194//199 
f 1192//199 1195//199 1635//199 
f 1636//199 1194//199 1196//199 
f 1635//199 1197//199 1193//199 
f 1195//199 1198//199 1635//199 
f 1196//199 1199//199 1636//199 
f 1198//199 1197//199 1635//199 
f 1636//199 1200//199 1201//199 
f 1636//199 1202//199 1203//199 
f 1194//199 1636//199 1635//199 
f 1635//199 1204//199 1205//199 
f 1636//199 1206//199 1207//199 
f 1203//199 1200//199 1636//199 
f 1205//199 1191//199 1635//199 
f 155//199 1208//199 1209//199 
f 1636//199 1210//199 1211//199 
f 1636//199 1212//199 1213//199 
f 1636//199 1214//199 1215//199 
f 1636//199 1216//199 1206//199 
f 1199//199 1202//199 1636//199 
f 1635//199 1217//199 1218//199 
f 1209//199 1219//199 155//199 
f 1636//199 1220//199 1221//199 
f 1213//199 1210//199 1636//199 
f 1207//199 1214//199 1636//199 
f 1218//199 1204//199 1635//199 
f 1635//199 1222//199 1223//199 
f 1635//199 154//199 1224//199 
f 1219//199 1225//199 155//199 
f 155//199 1226//199 1227//199 
f 155//199 1228//199 1229//199 
f 1636//199 1230//199 1220//199 
f 1636//199 1231//199 1212//199 
f 1201//199 1216//199 1636//199 
f 1635//199 1232//199 1233//199 
f 1635//199 1234//199 1235//199 
f 1635//199 1236//199 1237//199 
f 1223//199 1238//199 1635//199 
f 1635//199 1239//199 1240//199 
f 1224//199 1241//199 1635//199 
f 154//199 1242//199 1243//199 
f 154//199 1244//199 1245//199 
f 154//199 1246//199 1247//199 
f 155//199 1248//199 1249//199 
f 155//199 1250//199 1208//199 
f 1227//199 1251//199 155//199 
f 155//199 1252//199 1228//199 
f 1221//199 1253//199 1636//199 
f 1636//199 1254//199 1255//199 
f 1211//199 1256//199 1636//199 
f 1636//199 1257//199 1258//199 
f 1233//199 1217//199 1635//199 
f 1237//199 1234//199 1635//199 
f 1635//199 1259//199 1260//199 
f 1635//199 1261//199 1262//199 
f 1635//199 1263//199 1222//199 
f 1635//199 1264//199 1239//199 
f 154//199 1265//199 1224//199 
f 154//199 1266//199 1267//199 
f 1243//199 1268//199 154//199 
f 154//199 1269//199 1244//199 
f 1247//199 1270//199 154//199 
f 155//199 1271//199 1248//199 
f 1251//199 1250//199 155//199 
f 155//199 1272//199 1273//199 
f 155//199 1274//199 1275//199 
f 155//199 1276//199 1277//199 
f 1229//199 1278//199 155//199 
f 155//199 1279//199 1280//199 
f 1636//199 1281//199 1282//199 
f 1636//199 1283//199 1284//199 
f 1255//199 1230//199 1636//199 
f 1258//199 1231//199 1636//199 
f 1235//199 1232//199 1635//199 
f 1635//199 1285//199 1259//199 
f 1238//199 1261//199 1635//199 
f 1635//199 1286//199 1287//199 
f 1635//199 1288//199 1264//199 
f 1635//199 1289//199 1290//199 
f 1241//199 1291//199 1635//199 
f 1267//199 1292//199 154//199 
f 154//199 1293//199 1294//199 
f 154//199 1295//199 1296//199 
f 1245//199 1242//199 154//199 
f 1270//199 1297//199 154//199 
f 155//199 1298//199 1271//199 
f 1273//199 1226//199 155//199 
f 155//199 1299//199 1274//199 
f 1278//199 1276//199 155//199 
f 155//199 1300//199 1301//199 
f 155//199 1302//199 1279//199 
f 1282//199 1303//199 1636//199 
f 1253//199 1283//199 1636//199 
f 1215//199 1257//199 1636//199 
f 1635//199 1304//199 1285//199 
f 1287//199 1263//199 1635//199 
f 1290//199 1288//199 1635//199 
f 154//199 1305//199 1265//199 
f 154//199 1306//199 1307//199 
f 1292//199 1308//199 154//199 
f 1294//199 1309//199 154//199 
f 154//199 1310//199 1295//199 
f 154//199 1311//199 1312//199 
f 1297//199 1269//199 154//199 
f 154//199 155//199 1313//199 
f 155//199 1314//199 1315//199 
f 1225//199 1298//199 155//199 
f 155//199 1316//199 1299//199 
f 1301//199 1252//199 155//199 
f 155//199 1317//199 1302//199 
f 155//199 1318//199 1319//199 
f 1636//199 1320//199 1321//199 
f 1303//199 1322//199 1636//199 
f 1256//199 1254//199 1636//199 
f 1262//199 1304//199 1635//199 
f 1291//199 1289//199 1635//199 
f 1308//199 1306//199 154//199 
f 154//199 1323//199 1293//199 
f 154//199 1324//199 1325//199 
f 154//199 1326//199 1327//199 
f 154//199 1328//199 1310//199 
f 1268//199 1311//199 154//199 
f 1313//199 1329//199 154//199 
f 1249//199 1314//199 155//199 
f 1277//199 1316//199 155//199 
f 1319//199 1317//199 155//199 
f 1636//199 1330//199 1331//199 
f 1322//199 1320//199 1636//199 
f 1260//199 1236//199 1635//199 
f 1307//199 1305//199 154//199 
f 154//199 1332//199 1333//199 
f 1325//199 1323//199 154//199 
f 1296//199 1326//199 154//199 
f 1329//199 1246//199 154//199 
f 1275//199 1272//199 155//199 
f 155//199 1334//199 1318//199 
f 1636//199 1335//199 1330//199 
f 1321//199 1336//199 1636//199 
f 1240//199 1286//199 1635//199 
f 1309//199 1332//199 154//199 
f 1312//199 1328//199 154//199 
f 1280//199 1300//199 155//199 
f 1331//199 155//199 1636//199 
f 1284//199 1281//199 1636//199 
f 1327//199 1324//199 154//199 
f 1331//199 1334//199 155//199 
f 1333//199 1266//199 154//199 
f 1336//199 1335//199 1636//199 
f 286//199 257//199 256//199 
f 286//199 251//199 250//199 
f 286//199 254//199 253//199 
f 256//199 255//199 286//199 
f 286//199 261//199 260//199 
f 261//199 264//199 263//199 
f 261//199 286//199 285//199 
f 1636//199 1337//199 1338//199 
f 286//199 252//199 251//199 
f 255//199 254//199 286//199 
f 260//199 259//199 286//199 
f 261//199 265//199 264//199 
f 261//199 267//199 266//199 
f 261//199 269//199 268//199 
f 261//199 271//199 270//199 
f 261//199 275//199 274//199 
f 261//199 279//199 278//199 
f 261//199 283//199 282//199 
f 285//199 284//199 261//199 
f 243//199 291//199 290//199 
f 243//199 294//199 293//199 
f 1338//199 1339//199 1636//199 
f 286//199 249//199 248//199 
f 253//199 252//199 286//199 
f 259//199 258//199 286//199 
f 266//199 265//199 261//199 
f 270//199 269//199 261//199 
f 274//199 273//199 261//199 
f 278//199 277//199 261//199 
f 261//199 281//199 280//199 
f 284//199 283//199 261//199 
f 243//199 288//199 287//199 
f 290//199 289//199 243//199 
f 293//199 292//199 243//199 
f 243//199 296//199 295//199 
f 1636//199 1340//199 1341//199 
f 1636//199 1342//199 1343//199 
f 1636//199 1344//199 1345//199 
f 1339//199 1346//199 1636//199 
f 286//199 245//199 244//199 
f 248//199 247//199 286//199 
f 258//199 257//199 286//199 
f 268//199 267//199 261//199 
f 273//199 272//199 261//199 
f 277//199 276//199 261//199 
f 282//199 281//199 261//199 
f 289//199 288//199 243//199 
f 295//199 294//199 243//199 
f 1343//199 1340//199 1636//199 
f 1346//199 1344//199 1636//199 
f 286//199 246//199 245//199 
f 250//199 249//199 286//199 
f 272//199 271//199 261//199 
f 280//199 279//199 261//199 
f 292//199 291//199 243//199 
f 243//199 298//199 297//199 
f 243//199 300//199 299//199 
f 243//199 1347//199 1348//199 
f 243//199 1341//199 1349//199 
f 1345//199 1342//199 1636//199 
f 1636//199 1350//199 1351//199 
f 247//199 246//199 286//199 
f 276//199 275//199 261//199 
f 297//199 296//199 243//199 
f 243//199 301//199 300//199 
f 243//199 1352//199 1353//199 
f 243//199 1354//199 1355//199 
f 1349//199 1347//199 243//199 
f 1351//199 1337//199 1636//199 
f 157//199 1356//199 1357//199 
f 157//199 1358//199 1359//199 
f 263//199 262//199 261//199 
f 299//199 298//199 243//199 
f 243//199 303//199 302//199 
f 1353//199 157//199 243//199 
f 243//199 1360//199 1361//199 
f 243//199 1362//199 1363//199 
f 243//199 1364//199 1365//199 
f 243//199 1366//199 1354//199 
f 1341//199 243//199 1636//199 
f 1636//199 1367//199 1368//199 
f 155//199 1369//199 1370//199 
f 157//199 1371//199 1369//199 
f 1357//199 1372//199 157//199 
f 157//199 1373//199 1374//199 
f 157//199 1375//199 1358//199 
f 287//199 286//199 243//199 
f 157//199 303//199 243//199 
f 243//199 1376//199 1377//199 
f 1363//199 1360//199 243//199 
f 1355//199 1364//199 243//199 
f 1368//199 1350//199 1636//199 
f 1636//199 1378//199 1379//199 
f 155//199 1380//199 1381//199 
f 155//199 1382//199 1383//199 
f 155//199 1384//199 1385//199 
f 1370//199 1386//199 155//199 
f 1372//199 1371//199 157//199 
f 157//199 1387//199 1388//199 
f 157//199 1389//199 1390//199 
f 1359//199 1373//199 157//199 
f 157//199 1391//199 1392//199 
f 302//199 301//199 243//199 
f 243//199 1393//199 1376//199 
f 243//199 1394//199 1362//199 
f 1348//199 1366//199 243//199 
f 1636//199 1395//199 1396//199 
f 1636//199 1397//199 1398//199 
f 1636//199 1399//199 1400//199 
f 1379//199 1401//199 1636//199 
f 1381//199 1402//199 155//199 
f 155//199 1403//199 1382//199 
f 1385//199 1404//199 155//199 
f 155//199 1405//199 1406//199 
f 155//199 1407//199 1408//199 
f 1386//199 1409//199 155//199 
f 1388//199 1356//199 157//199 
f 157//199 1410//199 1411//199 
f 157//199 1412//199 1413//199 
f 1390//199 1414//199 157//199 
f 157//199 1415//199 1416//199 
f 1392//199 1375//199 157//199 
f 244//199 243//199 286//199 
f 1377//199 1417//199 243//199 
f 243//199 1418//199 1419//199 
f 1361//199 1420//199 243//199 
f 243//199 1421//199 1422//199 
f 1396//199 1367//199 1636//199 
f 1400//199 1397//199 1636//199 
f 1636//199 1423//199 1424//199 
f 1636//199 1425//199 1426//199 
f 1636//199 1427//199 1378//199 
f 1636//199 1428//199 1429//199 
f 1636//199 155//199 1430//199 
f 155//199 1431//199 1432//199 
f 155//199 1433//199 1434//199 
f 1383//199 1380//199 155//199 
f 1404//199 1435//199 155//199 
f 1408//199 1405//199 155//199 
f 1369//199 155//199 157//199 
f 157//199 1436//199 1410//199 
f 1414//199 1412//199 157//199 
f 1374//199 1415//199 157//199 
f 157//199 1437//199 1438//199 
f 1353//199 1439//199 157//199 
f 243//199 1440//199 1441//199 
f 1419//199 1393//199 243//199 
f 1422//199 1394//199 243//199 
f 1398//199 1395//199 1636//199 
f 1636//199 1442//199 1423//199 
f 1401//199 1425//199 1636//199 
f 1636//199 1443//199 1444//199 
f 1636//199 1445//199 1428//199 
f 155//199 1446//199 1430//199 
f 155//199 1447//199 1448//199 
f 1432//199 1449//199 155//199 
f 155//199 1450//199 1433//199 
f 155//199 1451//199 1452//199 
f 1435//199 1403//199 155//199 
f 155//199 1453//199 1454//199 
f 1409//199 1407//199 155//199 
f 157//199 1455//199 1436//199 
f 1416//199 1389//199 157//199 
f 157//199 1456//199 1457//199 
f 157//199 1458//199 1437//199 
f 157//199 1459//199 1460//199 
f 1439//199 1461//199 157//199 
f 1417//199 1440//199 243//199 
f 1365//199 1421//199 243//199 
f 1636//199 1462//199 1442//199 
f 1444//199 1427//199 1636//199 
f 1636//199 1463//199 1445//199 
f 1636//199 1464//199 1465//199 
f 1430//199 1466//199 1636//199 
f 1448//199 1467//199 155//199 
f 155//199 1468//199 1431//199 
f 155//199 1469//199 1470//199 
f 155//199 1471//199 1472//199 
f 155//199 1473//199 1450//199 
f 1402//199 1451//199 155//199 
f 155//199 1474//199 1475//199 
f 1406//199 1453//199 155//199 
f 1413//199 1455//199 157//199 
f 1438//199 1456//199 157//199 
f 1461//199 1459//199 157//199 
f 1420//199 1418//199 243//199 
f 1426//199 1462//199 1636//199 
f 1465//199 1463//199 1636//199 
f 1466//199 1476//199 1636//199 
f 155//199 1477//199 1478//199 
f 1467//199 1479//199 155//199 
f 155//199 1480//199 1481//199 
f 1470//199 1468//199 155//199 
f 1434//199 1471//199 155//199 
f 1475//199 1384//199 155//199 
f 1411//199 1387//199 157//199 
f 1460//199 1458//199 157//199 
f 1424//199 1399//199 1636//199 
f 1476//199 1464//199 1636//199 
f 1479//199 1477//199 155//199 
f 1449//199 1480//199 155//199 
f 1452//199 1473//199 155//199 
f 1457//199 1391//199 157//199 
f 1429//199 1443//199 1636//199 
f 1478//199 1482//199 155//199 
f 1472//199 1469//199 155//199 
f 1441//199 1352//199 243//199 
f 1481//199 1447//199 155//199 
f 1482//199 1446//199 155//199 
f 231//199 241//199 240//199 
f 234//199 233//199 232//199 
f 231//199 238//199 237//199 
f 240//199 239//199 231//199 
f 231//199 235//199 234//199 
f 237//199 236//199 231//199 
f 231//199 242//199 241//199 
f 236//199 235//199 231//199 
f 231//199 243//199 242//199 
f 1636//199 243//199 231//199 
f 239//199 238//199 231//199 
f 232//199 231//199 234//199 
f 1629//199 311//199 312//199 
f 314//199 1483//199 1484//199 
f 314//199 1485//199 1486//199 
f 1484//199 1487//199 314//199 
f 1629//199 1488//199 1489//199 
f 1486//199 1629//199 314//199 
f 1487//199 1490//199 314//199 
f 1489//199 1491//199 1629//199 
f 1490//199 1485//199 314//199 
f 1629//199 1492//199 1493//199 
f 1629//199 1494//199 1495//199 
f 1486//199 1488//199 1629//199 
f 314//199 1496//199 1497//199 
f 1629//199 1498//199 1499//199 
f 1495//199 1492//199 1629//199 
f 1497//199 1483//199 314//199 
f 145//199 1500//199 1501//199 
f 1629//199 1502//199 1503//199 
f 1629//199 1504//199 1505//199 
f 1629//199 1506//199 1507//199 
f 1629//199 1508//199 1498//199 
f 1491//199 1494//199 1629//199 
f 314//199 1509//199 1510//199 
f 1501//199 1511//199 145//199 
f 149//199 1512//199 1513//199 
f 1629//199 1514//199 1515//199 
f 1505//199 1502//199 1629//199 
f 1499//199 1506//199 1629//199 
f 1510//199 1496//199 314//199 
f 314//199 1516//199 1517//199 
f 143//199 1518//199 1519//199 
f 143//199 1520//199 1521//199 
f 143//199 145//199 1522//199 
f 145//199 1523//199 1524//199 
f 1511//199 1525//199 145//199 
f 145//199 1526//199 1527//199 
f 149//199 1528//199 1512//199 
f 149//199 1529//199 1530//199 
f 1629//199 1531//199 1514//199 
f 1629//199 1532//199 1504//199 
f 1493//199 1508//199 1629//199 
f 314//199 1533//199 1534//199 
f 314//199 1535//199 1536//199 
f 314//199 1537//199 1538//199 
f 1517//199 1539//199 314//199 
f 1540//199 1541//199 314//199 
f 1519//199 1542//199 143//199 
f 1522//199 1520//199 143//199 
f 1524//199 1543//199 145//199 
f 145//199 1544//199 1545//199 
f 145//199 1546//199 1500//199 
f 1527//199 1547//199 145//199 
f 1548//199 1549//199 145//199 
f 149//199 1550//199 1551//199 
f 1513//199 1552//199 149//199 
f 149//199 1553//199 1554//199 
f 149//199 1555//199 1529//199 
f 1515//199 1556//199 1629//199 
f 1629//199 1557//199 1558//199 
f 1503//199 1559//199 1629//199 
f 1629//199 1560//199 1561//199 
f 1534//199 1509//199 314//199 
f 1538//199 1535//199 314//199 
f 314//199 1562//199 1563//199 
f 314//199 1564//199 1565//199 
f 314//199 1566//199 1516//199 
f 314//199 313//199 1540//199 
f 313//199 143//199 1567//199 
f 143//199 1568//199 1569//199 
f 1521//199 1518//199 143//199 
f 1543//199 1570//199 145//199 
f 145//199 1571//199 1544//199 
f 1547//199 1546//199 145//199 
f 145//199 1549//199 1572//199 
f 149//199 1573//199 1548//199 
f 1552//199 1550//199 149//199 
f 1530//199 1553//199 149//199 
f 149//199 1574//199 1575//199 
f 1629//199 1576//199 1577//199 
f 1629//199 1578//199 1579//199 
f 1558//199 1531//199 1629//199 
f 1561//199 1532//199 1629//199 
f 1536//199 1533//199 314//199 
f 314//199 1580//199 1562//199 
f 1539//199 1564//199 314//199 
f 314//199 1581//199 1582//199 
f 313//199 1583//199 1540//199 
f 143//199 1584//199 1567//199 
f 143//199 1585//199 1586//199 
f 1569//199 1587//199 143//199 
f 143//199 1588//199 1589//199 
f 143//199 1590//199 1591//199 
f 143//199 1592//199 1593//199 
f 1570//199 1522//199 145//199 
f 145//199 1594//199 1571//199 
f 1572//199 1526//199 145//199 
f 149//199 1595//199 1573//199 
f 149//199 1596//199 1528//199 
f 1575//199 1555//199 149//199 
f 1577//199 1597//199 1629//199 
f 1556//199 1578//199 1629//199 
f 1507//199 1560//199 1629//199 
f 314//199 1598//199 1580//199 
f 1582//199 1566//199 314//199 
f 313//199 1599//199 1583//199 
f 313//199 1600//199 1601//199 
f 1567//199 1602//199 313//199 
f 1586//199 1603//199 143//199 
f 143//199 1604//199 1568//199 
f 143//199 1605//199 1606//199 
f 143//199 1607//199 1608//199 
f 1591//199 1588//199 143//199 
f 1542//199 1592//199 143//199 
f 145//199 1609//199 1610//199 
f 145//199 1611//199 1612//199 
f 1525//199 1594//199 145//199 
f 149//199 1613//199 1595//199 
f 1554//199 1596//199 149//199 
f 1629//199 1614//199 1615//199 
f 1597//199 1616//199 1629//199 
f 1559//199 1557//199 1629//199 
f 1565//199 1598//199 314//199 
f 1601//199 1599//199 313//199 
f 1602//199 1617//199 313//199 
f 143//199 1618//199 1619//199 
f 1603//199 1620//199 143//199 
f 143//199 1621//199 1622//199 
f 1606//199 1604//199 143//199 
f 1589//199 1607//199 143//199 
f 1610//199 1523//199 145//199 
f 1545//199 1611//199 145//199 
f 1551//199 1613//199 149//199 
f 1629//199 1623//199 1624//199 
f 1616//199 1614//199 1629//199 
f 1563//199 1537//199 314//199 
f 1617//199 1600//199 313//199 
f 1620//199 1618//199 143//199 
f 1587//199 1621//199 143//199 
f 1593//199 1590//199 143//199 
f 145//199 149//199 1548//199 
f 1629//199 1625//199 1623//199 
f 1615//199 1626//199 1629//199 
f 1541//199 1581//199 314//199 
f 1619//199 1627//199 143//199 
f 1608//199 1605//199 143//199 
f 149//199 1628//199 1574//199 
f 1624//199 149//199 1629//199 
f 1579//199 1576//199 1629//199 
f 1622//199 1585//199 143//199 
f 1624//199 1628//199 149//199 
f 1627//199 1584//199 143//199 
f 1626//199 1625//199 1629//199 
f 313//199 146//199 139//199 
f 139//199 143//199 313//199 
f 146//199 140//199 139//199 
f 1612//199 1609//199 145//199 
f 312//199 314//199 1629//199 
f 231//199 304//199 1636//199 
f 1454//199 1474//199 155//199 
f 1315//199 1313//199 155//199 
f 1635//199 1636//199 304//199 
f 1165//199 153//199 154//199 
f 1634//199 1635//199 305//199 
f 1026//199 1024//199 153//199 
f 1633//199 1634//199 306//199 
f 873//199 888//199 152//199 
f 1632//199 1633//199 307//199 
f 731//199 729//199 151//199 
f 1631//199 1632//199 308//199 
f 562//199 148//199 150//199 
f 1630//199 1631//199 309//199 
f 453//199 434//199 148//199 
f 1629//199 1630//199 310//199 
o mesh31
f 1457//200 1456//201 1637//201 
f 1391//202 1457//200 1638//203 
f 1392//204 1391//202 1639//205 
f 1375//206 1392//204 1640//207 
f 1358//208 1375//206 1641//209 
f 1359//210 1358//208 1642//211 
f 1373//212 1359//210 1643//213 
f 1374//214 1373//212 1644//215 
f 1415//216 1374//214 1645//217 
f 1416//218 1415//216 1646//219 
f 1389//220 1416//218 1647//221 
f 1390//222 1389//220 1648//223 
f 1414//224 1390//222 1649//225 
f 1412//226 1414//224 1650//227 
f 1413//228 1412//226 1651//229 
f 1455//230 1413//228 1652//231 
f 1436//232 1455//230 1653//233 
f 1410//234 1436//232 1654//235 
f 1411//236 1410//234 1655//237 
f 1387//238 1411//236 1656//239 
f 1388//240 1387//238 1657//241 
f 1356//242 1388//240 1658//243 
f 1357//244 1356//242 1659//245 
f 1372//246 1357//244 1660//247 
f 1371//248 1372//246 1661//249 
f 1369//250 1371//248 1662//251 
f 1370//252 1369//250 1663//253 
f 1386//254 1370//252 1664//255 
f 1409//256 1386//254 1665//257 
f 1407//258 1409//256 1666//259 
f 1408//260 1407//258 1667//261 
f 1405//262 1408//260 1668//263 
f 1406//264 1405//262 1669//265 
f 1453//266 1406//264 1670//267 
f 1454//268 1453//266 1671//269 
f 1474//270 1454//268 1672//271 
f 1475//272 1474//270 1673//273 
f 1384//274 1475//272 1674//275 
f 1385//276 1384//274 1675//277 
f 1404//278 1385//276 1676//279 
f 1435//280 1404//278 1677//281 
f 1403//282 1435//280 1678//283 
f 1382//284 1403//282 1679//285 
f 1383//286 1382//284 1680//287 
f 1380//288 1383//286 1681//289 
f 1381//290 1380//288 1682//291 
f 1402//292 1381//290 1683//293 
f 1451//294 1402//292 1684//295 
f 1452//296 1451//294 1685//297 
f 1473//298 1452//296 1686//299 
f 1450//300 1473//298 1687//301 
f 1433//302 1450//300 1688//303 
f 1434//304 1433//302 1689//305 
f 1471//306 1434//304 1690//307 
f 1472//308 1471//306 1691//309 
f 1469//310 1472//308 1692//311 
f 1470//312 1469//310 1693//313 
f 1468//314 1470//312 1694//315 
f 1431//316 1468//314 1695//317 
f 1432//318 1431//316 1696//319 
f 1449//320 1432//318 1697//321 
f 1480//322 1449//320 1698//323 
f 1481//324 1480//322 1699//325 
f 1447//326 1481//324 1700//327 
f 1448//328 1447//326 1701//329 
f 1467//330 1448//328 1702//331 
f 1479//332 1467//330 1703//333 
f 1477//334 1479//332 1704//335 
f 1478//336 1477//334 1705//337 
f 1482//338 1478//336 1706//339 
f 1446//340 1482//338 1707//341 
f 1430//342 1446//340 1708//343 
f 1708//343 1709//342 1430//342 
f 1707//341 1708//343 1446//340 
f 1706//339 1707//341 1482//338 
f 1705//337 1706//339 1478//336 
f 1704//335 1705//337 1477//334 
f 1703//333 1704//335 1479//332 
f 1702//331 1703//333 1467//330 
f 1701//329 1702//331 1448//328 
f 1700//327 1701//329 1447//326 
f 1699//325 1700//327 1481//324 
f 1698//323 1699//325 1480//322 
f 1697//321 1698//323 1449//320 
f 1696//319 1697//321 1432//318 
f 1695//317 1696//319 1431//316 
f 1694//315 1695//317 1468//314 
f 1693//313 1694//315 1470//312 
f 1692//311 1693//313 1469//310 
f 1691//309 1692//311 1472//308 
f 1690//307 1691//309 1471//306 
f 1689//305 1690//307 1434//304 
f 1688//303 1689//305 1433//302 
f 1687//301 1688//303 1450//300 
f 1686//299 1687//301 1473//298 
f 1685//297 1686//299 1452//296 
f 1684//295 1685//297 1451//294 
f 1683//293 1684//295 1402//292 
f 1682//291 1683//293 1381//290 
f 1681//289 1682//291 1380//288 
f 1680//287 1681//289 1383//286 
f 1679//285 1680//287 1382//284 
f 1678//283 1679//285 1403//282 
f 1677//281 1678//283 1435//280 
f 1676//279 1677//281 1404//278 
f 1675//277 1676//279 1385//276 
f 1674//275 1675//277 1384//274 
f 1673//273 1674//275 1475//272 
f 1672//271 1673//273 1474//270 
f 1671//269 1672//271 1454//268 
f 1670//267 1671//269 1453//266 
f 1669//265 1670//267 1406//264 
f 1668//263 1669//265 1405//262 
f 1667//261 1668//263 1408//260 
f 1666//259 1667//261 1407//258 
f 1665//257 1666//259 1409//256 
f 1664//255 1665//257 1386//254 
f 1663//253 1664//255 1370//252 
f 1662//251 1663//253 1369//250 
f 1661//249 1662//251 1371//248 
f 1660//247 1661//249 1372//246 
f 1659//245 1660//247 1357//244 
f 1658//243 1659//245 1356//242 
f 1657//241 1658//243 1388//240 
f 1656//239 1657//241 1387//238 
f 1655//237 1656//239 1411//236 
f 1654//235 1655//237 1410//234 
f 1653//233 1654//235 1436//232 
f 1652//231 1653//233 1455//230 
f 1651//229 1652//231 1413//228 
f 1650//227 1651//229 1412//226 
f 1649//225 1650//227 1414//224 
f 1648//223 1649//225 1390//222 
f 1647//221 1648//223 1389//220 
f 1646//219 1647//221 1416//218 
f 1645//217 1646//219 1415//216 
f 1644//215 1645//217 1374//214 
f 1643//213 1644//215 1373//212 
f 1642//211 1643//213 1359//210 
f 1641//209 1642//211 1358//208 
f 1640//207 1641//209 1375//206 
f 1639//205 1640//207 1392//204 
f 1638//203 1639//205 1391//202 
f 1637//201 1638//203 1457//200 
o mesh32
f 1710//342 1466//342 1430//342 
f 1430//342 1709//342 1710//342 
o mesh33
f 1476//344 1466//345 1710//345 
f 1464//346 1476//344 1711//347 
f 1465//348 1464//346 1712//349 
f 1463//350 1465//348 1713//351 
f 1445//352 1463//350 1714//353 
f 1428//354 1445//352 1715//355 
f 1429//356 1428//354 1716//357 
f 1443//358 1429//356 1717//359 
f 1444//360 1443//358 1718//361 
f 1427//362 1444//360 1719//363 
f 1378//364 1427//362 1720//365 
f 1379//366 1378//364 1721//367 
f 1401//368 1379//366 1722//369 
f 1425//370 1401//368 1723//371 
f 1426//372 1425//370 1724//373 
f 1462//374 1426//372 1725//375 
f 1442//376 1462//374 1726//377 
f 1423//378 1442//376 1727//379 
f 1424//380 1423//378 1728//381 
f 1399//382 1424//380 1729//383 
f 1400//384 1399//382 1730//385 
f 1397//386 1400//384 1731//387 
f 1398//388 1397//386 1732//389 
f 1395//390 1398//388 1733//391 
f 1396//392 1395//390 1734//393 
f 1367//394 1396//392 1735//395 
f 1368//396 1367//394 1736//397 
f 1350//398 1368//396 1737//399 
f 1351//400 1350//398 1738//401 
f 1337//402 1351//400 1739//403 
f 1338//404 1337//402 1740//405 
f 1339//406 1338//404 1741//407 
f 1346//408 1339//406 1742//409 
f 1344//410 1346//408 1743//411 
f 1345//412 1344//410 1744//413 
f 1342//414 1345//412 1745//415 
f 1343//416 1342//414 1746//417 
f 1340//418 1343//416 1747//419 
f 1341//420 1340//418 1748//421 
f 1349//422 1341//420 1749//423 
f 1347//424 1349//422 1750//425 
f 1348//426 1347//424 1751//427 
f 1366//428 1348//426 1752//429 
f 1354//430 1366//428 1753//431 
f 1355//432 1354//430 1754//433 
f 1364//434 1355//432 1755//435 
f 1365//436 1364//434 1756//437 
f 1421//438 1365//436 1757//439 
f 1422//440 1421//438 1758//441 
f 1394//442 1422//440 1759//443 
f 1362//444 1394//442 1760//445 
f 1363//446 1362//444 1761//447 
f 1360//448 1363//446 1762//449 
f 1361//450 1360//448 1763//451 
f 1420//452 1361//450 1764//453 
f 1418//454 1420//452 1765//455 
f 1419//456 1418//454 1766//457 
f 1393//458 1419//456 1767//459 
f 1376//460 1393//458 1768//461 
f 1377//462 1376//460 1769//463 
f 1417//464 1377//462 1770//465 
f 1440//466 1417//464 1771//467 
f 1441//468 1440//466 1772//469 
f 1352//470 1441//468 1773//471 
f 1353//472 1352//470 1774//473 
f 1439//474 1353//472 1775//475 
f 1461//476 1439//474 1776//477 
f 1459//478 1461//476 1777//479 
f 1460//480 1459//478 1778//481 
f 1458//482 1460//480 1779//483 
f 1437//484 1458//482 1780//485 
f 1438//486 1437//484 1781//487 
f 1781//487 1782//486 1438//486 
f 1780//485 1781//487 1437//484 
f 1779//483 1780//485 1458//482 
f 1778//481 1779//483 1460//480 
f 1777//479 1778//481 1459//478 
f 1776//477 1777//479 1461//476 
f 1775//475 1776//477 1439//474 
f 1774//473 1775//475 1353//472 
f 1773//471 1774//473 1352//470 
f 1772//469 1773//471 1441//468 
f 1771//467 1772//469 1440//466 
f 1770//465 1771//467 1417//464 
f 1769//463 1770//465 1377//462 
f 1768//461 1769//463 1376//460 
f 1767//459 1768//461 1393//458 
f 1766//457 1767//459 1419//456 
f 1765//455 1766//457 1418//454 
f 1764//453 1765//455 1420//452 
f 1763//451 1764//453 1361//450 
f 1762//449 1763//451 1360//448 
f 1761//447 1762//449 1363//446 
f 1760//445 1761//447 1362//444 
f 1759//443 1760//445 1394//442 
f 1758//441 1759//443 1422//440 
f 1757//439 1758//441 1421//438 
f 1756//437 1757//439 1365//436 
f 1755//435 1756//437 1364//434 
f 1754//433 1755//435 1355//432 
f 1753//431 1754//433 1354//430 
f 1752//429 1753//431 1366//428 
f 1751//427 1752//429 1348//426 
f 1750//425 1751//427 1347//424 
f 1749//423 1750//425 1349//422 
f 1748//421 1749//423 1341//420 
f 1747//419 1748//421 1340//418 
f 1746//417 1747//419 1343//416 
f 1745//415 1746//417 1342//414 
f 1744//413 1745//415 1345//412 
f 1743//411 1744//413 1344//410 
f 1742//409 1743//411 1346//408 
f 1741//407 1742//409 1339//406 
f 1740//405 1741//407 1338//404 
f 1739//403 1740//405 1337//402 
f 1738//401 1739//403 1351//400 
f 1737//399 1738//401 1350//398 
f 1736//397 1737//399 1368//396 
f 1735//395 1736//397 1367//394 
f 1734//393 1735//395 1396//392 
f 1733//391 1734//393 1395//390 
f 1732//389 1733//391 1398//388 
f 1731//387 1732//389 1397//386 
f 1730//385 1731//387 1400//384 
f 1729//383 1730//385 1399//382 
f 1728//381 1729//383 1424//380 
f 1727//379 1728//381 1423//378 
f 1726//377 1727//379 1442//376 
f 1725//375 1726//377 1462//374 
f 1724//373 1725//375 1426//372 
f 1723//371 1724//373 1425//370 
f 1722//369 1723//371 1401//368 
f 1721//367 1722//369 1379//366 
f 1720//365 1721//367 1378//364 
f 1719//363 1720//365 1427//362 
f 1718//361 1719//363 1444//360 
f 1717//359 1718//361 1443//358 
f 1716//357 1717//359 1429//356 
f 1715//355 1716//357 1428//354 
f 1714//353 1715//355 1445//352 
f 1713//351 1714//353 1463//350 
f 1712//349 1713//351 1465//348 
f 1711//347 1712//349 1464//346 
f 1710//345 1711//347 1476//344 
o mesh34
f 1637//486 1456//486 1438//486 
f 1438//486 1782//486 1637//486 
o mesh35
f 1694//488 1668//488 1667//488 
f 1694//488 1663//488 1662//488 
f 1667//488 1666//488 1694//488 
f 1759//488 1744//488 1743//488 
f 1755//488 1750//488 1749//488 
f 1751//488 1754//488 1753//488 
f 1662//488 1661//488 1694//488 
f 1666//488 1665//488 1694//488 
f 1678//488 1681//488 1680//488 
f 1678//488 1683//488 1682//488 
f 1759//488 1741//488 1740//488 
f 1743//488 1742//488 1759//488 
f 1755//488 1751//488 1750//488 
f 1751//488 1755//488 1754//488 
f 1694//488 1664//488 1663//488 
f 1694//488 1669//488 1668//488 
f 1682//488 1681//488 1678//488 
f 1759//488 1739//488 1738//488 
f 1742//488 1741//488 1759//488 
f 1759//488 1746//488 1745//488 
f 1759//488 1748//488 1747//488 
f 1753//488 1752//488 1751//488 
f 1748//488 1757//488 1756//488 
f 1665//488 1664//488 1694//488 
f 1680//488 1679//488 1678//488 
f 1674//488 1688//488 1687//488 
f 1740//488 1739//488 1759//488 
f 1747//488 1746//488 1759//488 
f 1756//488 1755//488 1748//488 
f 1748//488 1759//488 1758//488 
f 1694//488 1670//488 1669//488 
f 1694//488 1672//488 1671//488 
f 1683//488 1676//488 1675//488 
f 1678//488 1677//488 1683//488 
f 1674//488 1686//488 1685//488 
f 1674//488 1689//488 1688//488 
f 1674//488 1692//488 1691//488 
f 1674//488 1694//488 1693//488 
f 1759//488 1735//488 1734//488 
f 1759//488 1737//488 1736//488 
f 1745//488 1744//488 1759//488 
f 1758//488 1757//488 1748//488 
f 1731//488 1761//488 1760//488 
f 1731//488 1767//488 1766//488 
f 1694//488 1660//488 1659//488 
f 1671//488 1670//488 1694//488 
f 1677//488 1676//488 1683//488 
f 1685//488 1684//488 1674//488 
f 1674//488 1690//488 1689//488 
f 1693//488 1692//488 1674//488 
f 1736//488 1735//488 1759//488 
f 1749//488 1748//488 1755//488 
f 1731//488 1762//488 1761//488 
f 1766//488 1765//488 1731//488 
f 1661//488 1660//488 1694//488 
f 1694//488 1674//488 1673//488 
f 1684//488 1683//488 1674//488 
f 1691//488 1690//488 1674//488 
f 1759//488 1733//488 1732//488 
f 1738//488 1737//488 1759//488 
f 1731//488 1763//488 1762//488 
f 1765//488 1764//488 1731//488 
f 1694//488 1647//488 1646//488 
f 1694//488 1654//488 1653//488 
f 1673//488 1672//488 1694//488 
f 1687//488 1686//488 1674//488 
f 1767//488 1727//488 1726//488 
f 1734//488 1733//488 1759//488 
f 1764//488 1763//488 1731//488 
f 1694//488 1648//488 1647//488 
f 1694//488 1652//488 1651//488 
f 1694//488 1655//488 1654//488 
f 1694//488 1658//488 1657//488 
f 1675//488 1674//488 1683//488 
f 1767//488 1721//488 1720//488 
f 1767//488 1725//488 1724//488 
f 1767//488 1728//488 1727//488 
f 1767//488 1731//488 1730//488 
f 1760//488 1759//488 1731//488 
f 1694//488 1649//488 1648//488 
f 1651//488 1650//488 1694//488 
f 1694//488 1656//488 1655//488 
f 1659//488 1658//488 1694//488 
f 1645//488 1696//488 1695//488 
f 1645//488 1700//488 1699//488 
f 1767//488 1722//488 1721//488 
f 1724//488 1723//488 1767//488 
f 1767//488 1729//488 1728//488 
f 1732//488 1731//488 1759//488 
f 1719//488 1769//488 1768//488 
f 1719//488 1773//488 1772//488 
f 1650//488 1649//488 1694//488 
f 1657//488 1656//488 1694//488 
f 1645//488 1697//488 1696//488 
f 1699//488 1698//488 1645//488 
f 1645//488 1706//488 1705//488 
f 1723//488 1722//488 1767//488 
f 1730//488 1729//488 1767//488 
f 1719//488 1770//488 1769//488 
f 1772//488 1771//488 1719//488 
f 1709//488 1642//488 1641//488 
f 1653//488 1652//488 1694//488 
f 1698//488 1697//488 1645//488 
f 1705//488 1704//488 1645//488 
f 1645//488 1709//488 1708//488 
f 1775//488 1715//488 1714//488 
f 1726//488 1725//488 1767//488 
f 1771//488 1770//488 1719//488 
f 1709//488 1643//488 1642//488 
f 1709//488 1645//488 1644//488 
f 1695//488 1694//488 1645//488 
f 1645//488 1702//488 1701//488 
f 1704//488 1703//488 1645//488 
f 1708//488 1707//488 1645//488 
f 1775//488 1712//488 1711//488 
f 1775//488 1716//488 1715//488 
f 1773//488 1719//488 1718//488 
f 1768//488 1767//488 1719//488 
f 1710//488 1779//488 1778//488 
f 1709//488 1640//488 1639//488 
f 1644//488 1643//488 1709//488 
f 1701//488 1700//488 1645//488 
f 1707//488 1706//488 1645//488 
f 1775//488 1713//488 1712//488 
f 1775//488 1717//488 1716//488 
f 1720//488 1719//488 1767//488 
f 1717//488 1775//488 1774//488 
f 1778//488 1777//488 1710//488 
f 1641//488 1640//488 1709//488 
f 1703//488 1702//488 1645//488 
f 1714//488 1713//488 1775//488 
f 1774//488 1773//488 1717//488 
f 1777//488 1776//488 1710//488 
f 1710//488 1781//488 1780//488 
f 1646//488 1645//488 1694//488 
f 1718//488 1717//488 1773//488 
f 1780//488 1779//488 1710//488 
f 1639//488 1638//488 1709//488 
f 1709//488 1637//488 1782//488 
f 1776//488 1775//488 1710//488 
f 1782//488 1710//488 1709//488 
f 1710//488 1782//488 1781//488 
f 1711//488 1710//488 1775//488 
f 1638//488 1637//488 1709//488 
o mesh36
f 1334//489 1331//490 1783//490 
f 1318//491 1334//489 1784//492 
f 1319//493 1318//491 1785//494 
f 1317//495 1319//493 1786//496 
f 1302//497 1317//495 1787//498 
f 1279//499 1302//497 1788//500 
f 1280//501 1279//499 1789//502 
f 1300//503 1280//501 1790//504 
f 1301//505 1300//503 1791//506 
f 1252//507 1301//505 1792//508 
f 1228//509 1252//507 1793//510 
f 1229//511 1228//509 1794//512 
f 1278//513 1229//511 1795//514 
f 1276//515 1278//513 1796//516 
f 1277//517 1276//515 1797//518 
f 1316//519 1277//517 1798//520 
f 1299//521 1316//519 1799//522 
f 1274//523 1299//521 1800//524 
f 1275//525 1274//523 1801//526 
f 1272//527 1275//525 1802//528 
f 1273//529 1272//527 1803//530 
f 1226//531 1273//529 1804//532 
f 1227//533 1226//531 1805//534 
f 1251//535 1227//533 1806//536 
f 1250//537 1251//535 1807//538 
f 1208//539 1250//537 1808//540 
f 1209//541 1208//539 1809//542 
f 1219//543 1209//541 1810//544 
f 1225//545 1219//543 1811//546 
f 1298//547 1225//545 1812//548 
f 1271//549 1298//547 1813//550 
f 1248//551 1271//549 1814//552 
f 1249//553 1248//551 1815//554 
f 1314//555 1249//553 1816//556 
f 1315//557 1314//555 1817//558 
f 1313//559 1315//557 1818//560 
f 1329//561 1313//559 1819//562 
f 1246//563 1329//561 1820//564 
f 1247//565 1246//563 1821//566 
f 1270//567 1247//565 1822//568 
f 1297//569 1270//567 1823//570 
f 1269//571 1297//569 1824//572 
f 1244//573 1269//571 1825//574 
f 1245//575 1244//573 1826//576 
f 1242//577 1245//575 1827//578 
f 1243//579 1242//577 1828//580 
f 1268//581 1243//579 1829//582 
f 1311//583 1268//581 1830//584 
f 1312//585 1311//583 1831//586 
f 1328//587 1312//585 1832//588 
f 1310//589 1328//587 1833//590 
f 1295//591 1310//589 1834//592 
f 1296//593 1295//591 1835//594 
f 1326//595 1296//593 1836//596 
f 1327//597 1326//595 1837//598 
f 1324//599 1327//597 1838//600 
f 1325//601 1324//599 1839//602 
f 1323//603 1325//601 1840//604 
f 1293//605 1323//603 1841//606 
f 1294//607 1293//605 1842//608 
f 1309//609 1294//607 1843//610 
f 1332//611 1309//609 1844//612 
f 1333//613 1332//611 1845//614 
f 1266//615 1333//613 1846//616 
f 1267//617 1266//615 1847//618 
f 1292//619 1267//617 1848//620 
f 1308//621 1292//619 1849//622 
f 1306//623 1308//621 1850//624 
f 1307//625 1306//623 1851//626 
f 1305//627 1307//625 1852//628 
f 1265//629 1305//627 1853//630 
f 1224//631 1265//629 1854//632 
f 1854//632 1855//631 1224//631 
f 1853//630 1854//632 1265//629 
f 1852//628 1853//630 1305//627 
f 1851//626 1852//628 1307//625 
f 1850//624 1851//626 1306//623 
f 1849//622 1850//624 1308//621 
f 1848//620 1849//622 1292//619 
f 1847//618 1848//620 1267//617 
f 1846//616 1847//618 1266//615 
f 1845//614 1846//616 1333//613 
f 1844//612 1845//614 1332//611 
f 1843//610 1844//612 1309//609 
f 1842//608 1843//610 1294//607 
f 1841//606 1842//608 1293//605 
f 1840//604 1841//606 1323//603 
f 1839//602 1840//604 1325//601 
f 1838//600 1839//602 1324//599 
f 1837//598 1838//600 1327//597 
f 1836//596 1837//598 1326//595 
f 1835//594 1836//596 1296//593 
f 1834//592 1835//594 1295//591 
f 1833//590 1834//592 1310//589 
f 1832//588 1833//590 1328//587 
f 1831//586 1832//588 1312//585 
f 1830//584 1831//586 1311//583 
f 1829//582 1830//584 1268//581 
f 1828//580 1829//582 1243//579 
f 1827//578 1828//580 1242//577 
f 1826//576 1827//578 1245//575 
f 1825//574 1826//576 1244//573 
f 1824//572 1825//574 1269//571 
f 1823//570 1824//572 1297//569 
f 1822//568 1823//570 1270//567 
f 1821//566 1822//568 1247//565 
f 1820//564 1821//566 1246//563 
f 1819//562 1820//564 1329//561 
f 1818//560 1819//562 1313//559 
f 1817//558 1818//560 1315//557 
f 1816//556 1817//558 1314//555 
f 1815//554 1816//556 1249//553 
f 1814//552 1815//554 1248//551 
f 1813//550 1814//552 1271//549 
f 1812//548 1813//550 1298//547 
f 1811//546 1812//548 1225//545 
f 1810//544 1811//546 1219//543 
f 1809//542 1810//544 1209//541 
f 1808//540 1809//542 1208//539 
f 1807//538 1808//540 1250//537 
f 1806//536 1807//538 1251//535 
f 1805//534 1806//536 1227//533 
f 1804//532 1805//534 1226//531 
f 1803//530 1804//532 1273//529 
f 1802//528 1803//530 1272//527 
f 1801//526 1802//528 1275//525 
f 1800//524 1801//526 1274//523 
f 1799//522 1800//524 1299//521 
f 1798//520 1799//522 1316//519 
f 1797//518 1798//520 1277//517 
f 1796//516 1797//518 1276//515 
f 1795//514 1796//516 1278//513 
f 1794//512 1795//514 1229//511 
f 1793//510 1794//512 1228//509 
f 1792//508 1793//510 1252//507 
f 1791//506 1792//508 1301//505 
f 1790//504 1791//506 1300//503 
f 1789//502 1790//504 1280//501 
f 1788//500 1789//502 1279//499 
f 1787//498 1788//500 1302//497 
f 1786//496 1787//498 1317//495 
f 1785//494 1786//496 1319//493 
f 1784//492 1785//494 1318//491 
f 1783//490 1784//492 1334//489 
o mesh37
f 1856//631 1241//631 1224//631 
f 1224//631 1855//631 1856//631 
o mesh38
f 1291//633 1241//634 1856//634 
f 1289//635 1291//633 1857//636 
f 1290//637 1289//635 1858//638 
f 1288//639 1290//637 1859//640 
f 1264//641 1288//639 1860//642 
f 1239//643 1264//641 1861//644 
f 1240//645 1239//643 1862//646 
f 1286//647 1240//645 1863//648 
f 1287//649 1286//647 1864//650 
f 1263//651 1287//649 1865//652 
f 1222//653 1263//651 1866//654 
f 1223//655 1222//653 1867//656 
f 1238//657 1223//655 1868//658 
f 1261//659 1238//657 1869//660 
f 1262//661 1261//659 1870//662 
f 1304//663 1262//661 1871//664 
f 1285//665 1304//663 1872//666 
f 1259//667 1285//665 1873//668 
f 1260//669 1259//667 1874//670 
f 1236//671 1260//669 1875//672 
f 1237//673 1236//671 1876//674 
f 1234//675 1237//673 1877//676 
f 1235//677 1234//675 1878//678 
f 1232//679 1235//677 1879//680 
f 1233//681 1232//679 1880//682 
f 1217//683 1233//681 1881//684 
f 1218//685 1217//683 1882//686 
f 1204//687 1218//685 1883//688 
f 1205//689 1204//687 1884//690 
f 1191//691 1205//689 1885//692 
f 1192//693 1191//691 1886//694 
f 1195//695 1192//693 1887//696 
f 1198//697 1195//695 1888//698 
f 1197//699 1198//697 1889//700 
f 1193//701 1197//699 1890//702 
f 1194//703 1193//701 1891//704 
f 1196//705 1194//703 1892//706 
f 1199//707 1196//705 1893//708 
f 1202//709 1199//707 1894//710 
f 1203//711 1202//709 1895//712 
f 1200//713 1203//711 1896//714 
f 1201//715 1200//713 1897//716 
f 1216//717 1201//715 1898//718 
f 1206//719 1216//717 1899//720 
f 1207//721 1206//719 1900//722 
f 1214//723 1207//721 1901//724 
f 1215//725 1214//723 1902//726 
f 1257//727 1215//725 1903//728 
f 1258//729 1257//727 1904//730 
f 1231//731 1258//729 1905//732 
f 1212//733 1231//731 1906//734 
f 1213//735 1212//733 1907//736 
f 1210//737 1213//735 1908//738 
f 1211//739 1210//737 1909//740 
f 1256//741 1211//739 1910//742 
f 1254//743 1256//741 1911//744 
f 1255//745 1254//743 1912//746 
f 1230//747 1255//745 1913//748 
f 1220//749 1230//747 1914//750 
f 1221//751 1220//749 1915//752 
f 1253//753 1221//751 1916//754 
f 1283//755 1253//753 1917//756 
f 1284//757 1283//755 1918//758 
f 1281//759 1284//757 1919//760 
f 1282//761 1281//759 1920//762 
f 1303//763 1282//761 1921//764 
f 1322//765 1303//763 1922//766 
f 1320//767 1322//765 1923//768 
f 1321//769 1320//767 1924//770 
f 1336//771 1321//769 1925//772 
f 1335//773 1336//771 1926//774 
f 1330//775 1335//773 1927//776 
f 1927//776 1928//775 1330//775 
f 1926//774 1927//776 1335//773 
f 1925//772 1926//774 1336//771 
f 1924//770 1925//772 1321//769 
f 1923//768 1924//770 1320//767 
f 1922//766 1923//768 1322//765 
f 1921//764 1922//766 1303//763 
f 1920//762 1921//764 1282//761 
f 1919//760 1920//762 1281//759 
f 1918//758 1919//760 1284//757 
f 1917//756 1918//758 1283//755 
f 1916//754 1917//756 1253//753 
f 1915//752 1916//754 1221//751 
f 1914//750 1915//752 1220//749 
f 1913//748 1914//750 1230//747 
f 1912//746 1913//748 1255//745 
f 1911//744 1912//746 1254//743 
f 1910//742 1911//744 1256//741 
f 1909//740 1910//742 1211//739 
f 1908//738 1909//740 1210//737 
f 1907//736 1908//738 1213//735 
f 1906//734 1907//736 1212//733 
f 1905//732 1906//734 1231//731 
f 1904//730 1905//732 1258//729 
f 1903//728 1904//730 1257//727 
f 1902//726 1903//728 1215//725 
f 1901//724 1902//726 1214//723 
f 1900//722 1901//724 1207//721 
f 1899//720 1900//722 1206//719 
f 1898//718 1899//720 1216//717 
f 1897//716 1898//718 1201//715 
f 1896//714 1897//716 1200//713 
f 1895//712 1896//714 1203//711 
f 1894//710 1895//712 1202//709 
f 1893//708 1894//710 1199//707 
f 1892//706 1893//708 1196//705 
f 1891//704 1892//706 1194//703 
f 1890//702 1891//704 1193//701 
f 1889//700 1890//702 1197//699 
f 1888//698 1889//700 1198//697 
f 1887//696 1888//698 1195//695 
f 1886//694 1887//696 1192//693 
f 1885//692 1886//694 1191//691 
f 1884//690 1885//692 1205//689 
f 1883//688 1884//690 1204//687 
f 1882//686 1883//688 1218//685 
f 1881//684 1882//686 1217//683 
f 1880//682 1881//684 1233//681 
f 1879//680 1880//682 1232//679 
f 1878//678 1879//680 1235//677 
f 1877//676 1878//678 1234//675 
f 1876//674 1877//676 1237//673 
f 1875//672 1876//674 1236//671 
f 1874//670 1875//672 1260//669 
f 1873//668 1874//670 1259//667 
f 1872//666 1873//668 1285//665 
f 1871//664 1872//666 1304//663 
f 1870//662 1871//664 1262//661 
f 1869//660 1870//662 1261//659 
f 1868//658 1869//660 1238//657 
f 1867//656 1868//658 1223//655 
f 1866//654 1867//656 1222//653 
f 1865//652 1866//654 1263//651 
f 1864//650 1865//652 1287//649 
f 1863//648 1864//650 1286//647 
f 1862//646 1863//648 1240//645 
f 1861//644 1862//646 1239//643 
f 1860//642 1861//644 1264//641 
f 1859//640 1860//642 1288//639 
f 1858//638 1859//640 1290//637 
f 1857//636 1858//638 1289//635 
f 1856//634 1857//636 1291//633 
o mesh39
f 1783//775 1331//775 1330//775 
f 1330//775 1928//775 1783//775 
o mesh40
f 1905//777 1890//777 1889//777 
f 1901//777 1896//777 1895//777 
f 1897//777 1900//777 1899//777 
f 1905//777 1887//777 1886//777 
f 1889//777 1888//777 1905//777 
f 1901//777 1897//777 1896//777 
f 1897//777 1901//777 1900//777 
f 1840//777 1814//777 1813//777 
f 1905//777 1885//777 1884//777 
f 1888//777 1887//777 1905//777 
f 1905//777 1892//777 1891//777 
f 1905//777 1894//777 1893//777 
f 1899//777 1898//777 1897//777 
f 1894//777 1903//777 1902//777 
f 1840//777 1809//777 1808//777 
f 1813//777 1812//777 1840//777 
f 1886//777 1885//777 1905//777 
f 1893//777 1892//777 1905//777 
f 1902//777 1901//777 1894//777 
f 1894//777 1905//777 1904//777 
f 1808//777 1807//777 1840//777 
f 1812//777 1811//777 1840//777 
f 1824//777 1827//777 1826//777 
f 1824//777 1829//777 1828//777 
f 1905//777 1881//777 1880//777 
f 1905//777 1883//777 1882//777 
f 1891//777 1890//777 1905//777 
f 1904//777 1903//777 1894//777 
f 1877//777 1907//777 1906//777 
f 1877//777 1913//777 1912//777 
f 1840//777 1810//777 1809//777 
f 1840//777 1815//777 1814//777 
f 1828//777 1827//777 1824//777 
f 1882//777 1881//777 1905//777 
f 1895//777 1894//777 1901//777 
f 1877//777 1908//777 1907//777 
f 1912//777 1911//777 1877//777 
f 1811//777 1810//777 1840//777 
f 1826//777 1825//777 1824//777 
f 1820//777 1834//777 1833//777 
f 1905//777 1879//777 1878//777 
f 1884//777 1883//777 1905//777 
f 1877//777 1909//777 1908//777 
f 1911//777 1910//777 1877//777 
f 1840//777 1816//777 1815//777 
f 1840//777 1818//777 1817//777 
f 1829//777 1822//777 1821//777 
f 1824//777 1823//777 1829//777 
f 1820//777 1832//777 1831//777 
f 1820//777 1835//777 1834//777 
f 1820//777 1838//777 1837//777 
f 1820//777 1840//777 1839//777 
f 1913//777 1873//777 1872//777 
f 1880//777 1879//777 1905//777 
f 1910//777 1909//777 1877//777 
f 1840//777 1806//777 1805//777 
f 1817//777 1816//777 1840//777 
f 1823//777 1822//777 1829//777 
f 1831//777 1830//777 1820//777 
f 1820//777 1836//777 1835//777 
f 1839//777 1838//777 1820//777 
f 1913//777 1867//777 1866//777 
f 1913//777 1871//777 1870//777 
f 1913//777 1874//777 1873//777 
f 1913//777 1877//777 1876//777 
f 1906//777 1905//777 1877//777 
f 1807//777 1806//777 1840//777 
f 1840//777 1820//777 1819//777 
f 1830//777 1829//777 1820//777 
f 1837//777 1836//777 1820//777 
f 1913//777 1868//777 1867//777 
f 1870//777 1869//777 1913//777 
f 1913//777 1875//777 1874//777 
f 1878//777 1877//777 1905//777 
f 1865//777 1915//777 1914//777 
f 1865//777 1919//777 1918//777 
f 1840//777 1800//777 1799//777 
f 1819//777 1818//777 1840//777 
f 1833//777 1832//777 1820//777 
f 1869//777 1868//777 1913//777 
f 1876//777 1875//777 1913//777 
f 1865//777 1916//777 1915//777 
f 1918//777 1917//777 1865//777 
f 1840//777 1794//777 1793//777 
f 1840//777 1798//777 1797//777 
f 1840//777 1801//777 1800//777 
f 1840//777 1804//777 1803//777 
f 1821//777 1820//777 1829//777 
f 1921//777 1861//777 1860//777 
f 1872//777 1871//777 1913//777 
f 1917//777 1916//777 1865//777 
f 1840//777 1795//777 1794//777 
f 1797//777 1796//777 1840//777 
f 1840//777 1802//777 1801//777 
f 1805//777 1804//777 1840//777 
f 1792//777 1842//777 1841//777 
f 1792//777 1846//777 1845//777 
f 1921//777 1862//777 1861//777 
f 1919//777 1865//777 1864//777 
f 1914//777 1913//777 1865//777 
f 1857//777 1925//777 1924//777 
f 1796//777 1795//777 1840//777 
f 1803//777 1802//777 1840//777 
f 1792//777 1843//777 1842//777 
f 1845//777 1844//777 1792//777 
f 1921//777 1859//777 1858//777 
f 1921//777 1863//777 1862//777 
f 1866//777 1865//777 1913//777 
f 1863//777 1921//777 1920//777 
f 1924//777 1923//777 1857//777 
f 1848//777 1788//777 1787//777 
f 1799//777 1798//777 1840//777 
f 1844//777 1843//777 1792//777 
f 1860//777 1859//777 1921//777 
f 1920//777 1919//777 1863//777 
f 1923//777 1922//777 1857//777 
f 1857//777 1927//777 1926//777 
f 1848//777 1785//777 1784//777 
f 1848//777 1789//777 1788//777 
f 1846//777 1792//777 1791//777 
f 1841//777 1840//777 1792//777 
f 1783//777 1852//777 1851//777 
f 1864//777 1863//777 1919//777 
f 1926//777 1925//777 1857//777 
f 1848//777 1786//777 1785//777 
f 1848//777 1790//777 1789//777 
f 1793//777 1792//777 1840//777 
f 1790//777 1848//777 1847//777 
f 1851//777 1850//777 1783//777 
f 1922//777 1921//777 1857//777 
f 1787//777 1786//777 1848//777 
f 1847//777 1846//777 1790//777 
f 1850//777 1849//777 1783//777 
f 1783//777 1854//777 1853//777 
f 1858//777 1857//777 1921//777 
f 1791//777 1790//777 1846//777 
f 1853//777 1852//777 1783//777 
f 1856//777 1855//777 1783//777 
f 1856//777 1928//777 1927//777 
f 1849//777 1848//777 1783//777 
f 1857//777 1856//777 1927//777 
f 1783//777 1855//777 1854//777 
f 1784//777 1783//777 1848//777 
f 1783//777 1928//777 1856//777 
o mesh41
f 1149//778 1079//779 1929//779 
f 1171//780 1149//778 1930//781 
f 1172//782 1171//780 1931//783 
f 1170//784 1172//782 1932//785 
f 1148//786 1170//784 1933//787 
f 1125//788 1148//786 1934//789 
f 1126//790 1125//788 1935//791 
f 1168//792 1126//790 1936//793 
f 1169//794 1168//792 1937//795 
f 1124//796 1169//794 1938//797 
f 1098//798 1124//796 1939//799 
f 1099//800 1098//798 1940//801 
f 1147//802 1099//800 1941//803 
f 1145//804 1147//802 1942//805 
f 1146//806 1145//804 1943//807 
f 1184//808 1146//806 1944//809 
f 1167//810 1184//808 1945//811 
f 1143//812 1167//810 1946//813 
f 1144//814 1143//812 1947//815 
f 1141//816 1144//814 1948//817 
f 1142//818 1141//816 1949//819 
f 1096//820 1142//818 1950//821 
f 1097//822 1096//820 1951//823 
f 1123//824 1097//822 1952//825 
f 1122//826 1123//824 1953//827 
f 1071//828 1122//826 1954//829 
f 1072//830 1071//828 1955//831 
f 1077//832 1072//830 1956//833 
f 1095//834 1077//832 1957//835 
f 1166//836 1095//834 1958//837 
f 1140//838 1166//836 1959//839 
f 1120//840 1140//838 1960//841 
f 1121//842 1120//840 1961//843 
f 1183//844 1121//842 1962//845 
f 1164//846 1183//844 1963//847 
f 1165//848 1164//846 1964//849 
f 1182//850 1165//848 1965//851 
f 1093//852 1182//850 1966//853 
f 1094//854 1093//852 1967//855 
f 1119//856 1094//854 1968//857 
f 1139//858 1119//856 1969//859 
f 1118//860 1139//858 1970//861 
f 1091//862 1118//860 1971//863 
f 1092//864 1091//862 1972//865 
f 1089//866 1092//864 1973//867 
f 1090//868 1089//866 1974//869 
f 1117//870 1090//868 1975//871 
f 1162//872 1117//870 1976//873 
f 1163//874 1162//872 1977//875 
f 1181//876 1163//874 1978//877 
f 1161//878 1181//876 1979//879 
f 1137//880 1161//878 1980//881 
f 1138//882 1137//880 1981//883 
f 1179//884 1138//882 1982//885 
f 1180//886 1179//884 1983//887 
f 1177//888 1180//886 1984//889 
f 1178//890 1177//888 1985//891 
f 1176//892 1178//890 1986//893 
f 1135//894 1176//892 1987//895 
f 1136//896 1135//894 1988//897 
f 1160//898 1136//896 1989//899 
f 1188//900 1160//898 1990//901 
f 1189//902 1188//900 1991//903 
f 1158//904 1189//902 1992//905 
f 1159//906 1158//904 1993//907 
f 1175//908 1159//906 1994//909 
f 1187//910 1175//908 1995//911 
f 1185//912 1187//910 1996//913 
f 1186//914 1185//912 1997//915 
f 1190//916 1186//914 1998//917 
f 1134//918 1190//916 1999//919 
f 1116//920 1134//918 2000//921 
f 2000//921 2001//920 1116//920 
f 1999//919 2000//921 1134//918 
f 1998//917 1999//919 1190//916 
f 1997//915 1998//917 1186//914 
f 1996//913 1997//915 1185//912 
f 1995//911 1996//913 1187//910 
f 1994//909 1995//911 1175//908 
f 1993//907 1994//909 1159//906 
f 1992//905 1993//907 1158//904 
f 1991//903 1992//905 1189//902 
f 1990//901 1991//903 1188//900 
f 1989//899 1990//901 1160//898 
f 1988//897 1989//899 1136//896 
f 1987//895 1988//897 1135//894 
f 1986//893 1987//895 1176//892 
f 1985//891 1986//893 1178//890 
f 1984//889 1985//891 1177//888 
f 1983//887 1984//889 1180//886 
f 1982//885 1983//887 1179//884 
f 1981//883 1982//885 1138//882 
f 1980//881 1981//883 1137//880 
f 1979//879 1980//881 1161//878 
f 1978//877 1979//879 1181//876 
f 1977//875 1978//877 1163//874 
f 1976//873 1977//875 1162//872 
f 1975//871 1976//873 1117//870 
f 1974//869 1975//871 1090//868 
f 1973//867 1974//869 1089//866 
f 1972//865 1973//867 1092//864 
f 1971//863 1972//865 1091//862 
f 1970//861 1971//863 1118//860 
f 1969//859 1970//861 1139//858 
f 1968//857 1969//859 1119//856 
f 1967//855 1968//857 1094//854 
f 1966//853 1967//855 1093//852 
f 1965//851 1966//853 1182//850 
f 1964//849 1965//851 1165//848 
f 1963//847 1964//849 1164//846 
f 1962//845 1963//847 1183//844 
f 1961//843 1962//845 1121//842 
f 1960//841 1961//843 1120//840 
f 1959//839 1960//841 1140//838 
f 1958//837 1959//839 1166//836 
f 1957//835 1958//837 1095//834 
f 1956//833 1957//835 1077//832 
f 1955//831 1956//833 1072//830 
f 1954//829 1955//831 1071//828 
f 1953//827 1954//829 1122//826 
f 1952//825 1953//827 1123//824 
f 1951//823 1952//825 1097//822 
f 1950//821 1951//823 1096//820 
f 1949//819 1950//821 1142//818 
f 1948//817 1949//819 1141//816 
f 1947//815 1948//817 1144//814 
f 1946//813 1947//815 1143//812 
f 1945//811 1946//813 1167//810 
f 1944//809 1945//811 1184//808 
f 1943//807 1944//809 1146//806 
f 1942//805 1943//807 1145//804 
f 1941//803 1942//805 1147//802 
f 1940//801 1941//803 1099//800 
f 1939//799 1940//801 1098//798 
f 1938//797 1939//799 1124//796 
f 1937//795 1938//797 1169//794 
f 1936//793 1937//795 1168//792 
f 1935//791 1936//793 1126//790 
f 1934//789 1935//791 1125//788 
f 1933//787 1934//789 1148//786 
f 1932//785 1933//787 1170//784 
f 1931//783 1932//785 1172//782 
f 1930//781 1931//783 1171//780 
f 1929//779 1930//781 1149//778 
o mesh42
f 2002//920 1157//920 1116//920 
f 1116//920 2001//920 2002//920 
o mesh43
f 1174//922 1157//923 2002//923 
f 1155//924 1174//922 2003//925 
f 1156//926 1155//924 2004//927 
f 1154//928 1156//926 2005//929 
f 1133//930 1154//928 2006//931 
f 1114//932 1133//930 2007//933 
f 1115//934 1114//932 2008//935 
f 1131//936 1115//934 2009//937 
f 1132//938 1131//936 2010//939 
f 1113//940 1132//938 2011//941 
f 1075//942 1113//940 2012//943 
f 1076//944 1075//942 2013//945 
f 1088//946 1076//944 2014//947 
f 1111//948 1088//946 2015//949 
f 1112//950 1111//948 2016//951 
f 1153//952 1112//950 2017//953 
f 1130//954 1153//952 2018//955 
f 1109//956 1130//954 2019//957 
f 1110//958 1109//956 2020//959 
f 1086//960 1110//958 2021//961 
f 1087//962 1086//960 2022//963 
f 1084//964 1087//962 2023//965 
f 1085//966 1084//964 2024//967 
f 1082//968 1085//966 2025//969 
f 1083//970 1082//968 2026//971 
f 1069//972 1083//970 2027//973 
f 1070//974 1069//972 2028//975 
f 1058//976 1070//974 2029//977 
f 1059//978 1058//976 2030//979 
f 1045//980 1059//978 2031//981 
f 1046//982 1045//980 2032//983 
f 1048//984 1046//982 2033//985 
f 1052//986 1048//984 2034//987 
f 1050//988 1052//986 2035//989 
f 1051//990 1050//988 2036//991 
f 1047//992 1051//990 2037//993 
f 1049//994 1047//992 2038//995 
f 1053//996 1049//994 2039//997 
f 1056//998 1053//996 2040//999 
f 1057//1000 1056//998 2041//1001 
f 1054//1002 1057//1000 2042//1003 
f 1055//1004 1054//1002 2043//1005 
f 1068//1006 1055//1004 2044//1007 
f 1060//1008 1068//1006 2045//1009 
f 1061//1010 1060//1008 2046//1011 
f 1066//1012 1061//1010 2047//1013 
f 1067//1014 1066//1012 2048//1015 
f 1107//1016 1067//1014 2049//1017 
f 1108//1018 1107//1016 2050//1019 
f 1081//1020 1108//1018 2051//1021 
f 1064//1022 1081//1020 2052//1023 
f 1065//1024 1064//1022 2053//1025 
f 1062//1026 1065//1024 2054//1027 
f 1063//1028 1062//1026 2055//1029 
f 1106//1030 1063//1028 2056//1031 
f 1104//1032 1106//1030 2057//1033 
f 1105//1034 1104//1032 2058//1035 
f 1080//1036 1105//1034 2059//1037 
f 1073//1038 1080//1036 2060//1039 
f 1074//1040 1073//1038 2061//1041 
f 1103//1042 1074//1040 2062//1043 
f 1128//1044 1103//1042 2063//1045 
f 1129//1046 1128//1044 2064//1047 
f 1101//1048 1129//1046 2065//1049 
f 1102//1050 1101//1048 2066//1051 
f 1127//1052 1102//1050 2067//1053 
f 1152//1054 1127//1052 2068//1055 
f 1150//1056 1152//1054 2069//1057 
f 1151//1058 1150//1056 2070//1059 
f 1173//1060 1151//1058 2071//1061 
f 1100//1062 1173//1060 2072//1063 
f 1078//1064 1100//1062 2073//1065 
f 2073//1065 2074//1064 1078//1064 
f 2072//1063 2073//1065 1100//1062 
f 2071//1061 2072//1063 1173//1060 
f 2070//1059 2071//1061 1151//1058 
f 2069//1057 2070//1059 1150//1056 
f 2068//1055 2069//1057 1152//1054 
f 2067//1053 2068//1055 1127//1052 
f 2066//1051 2067//1053 1102//1050 
f 2065//1049 2066//1051 1101//1048 
f 2064//1047 2065//1049 1129//1046 
f 2063//1045 2064//1047 1128//1044 
f 2062//1043 2063//1045 1103//1042 
f 2061//1041 2062//1043 1074//1040 
f 2060//1039 2061//1041 1073//1038 
f 2059//1037 2060//1039 1080//1036 
f 2058//1035 2059//1037 1105//1034 
f 2057//1033 2058//1035 1104//1032 
f 2056//1031 2057//1033 1106//1030 
f 2055//1029 2056//1031 1063//1028 
f 2054//1027 2055//1029 1062//1026 
f 2053//1025 2054//1027 1065//1024 
f 2052//1023 2053//1025 1064//1022 
f 2051//1021 2052//1023 1081//1020 
f 2050//1019 2051//1021 1108//1018 
f 2049//1017 2050//1019 1107//1016 
f 2048//1015 2049//1017 1067//1014 
f 2047//1013 2048//1015 1066//1012 
f 2046//1011 2047//1013 1061//1010 
f 2045//1009 2046//1011 1060//1008 
f 2044//1007 2045//1009 1068//1006 
f 2043//1005 2044//1007 1055//1004 
f 2042//1003 2043//1005 1054//1002 
f 2041//1001 2042//1003 1057//1000 
f 2040//999 2041//1001 1056//998 
f 2039//997 2040//999 1053//996 
f 2038//995 2039//997 1049//994 
f 2037//993 2038//995 1047//992 
f 2036//991 2037//993 1051//990 
f 2035//989 2036//991 1050//988 
f 2034//987 2035//989 1052//986 
f 2033//985 2034//987 1048//984 
f 2032//983 2033//985 1046//982 
f 2031//981 2032//983 1045//980 
f 2030//979 2031//981 1059//978 
f 2029//977 2030//979 1058//976 
f 2028//975 2029//977 1070//974 
f 2027//973 2028//975 1069//972 
f 2026//971 2027//973 1083//970 
f 2025//969 2026//971 1082//968 
f 2024//967 2025//969 1085//966 
f 2023//965 2024//967 1084//964 
f 2022//963 2023//965 1087//962 
f 2021//961 2022//963 1086//960 
f 2020//959 2021//961 1110//958 
f 2019//957 2020//959 1109//956 
f 2018//955 2019//957 1130//954 
f 2017//953 2018//955 1153//952 
f 2016//951 2017//953 1112//950 
f 2015//949 2016//951 1111//948 
f 2014//947 2015//949 1088//946 
f 2013//945 2014//947 1076//944 
f 2012//943 2013//945 1075//942 
f 2011//941 2012//943 1113//940 
f 2010//939 2011//941 1132//938 
f 2009//937 2010//939 1131//936 
f 2008//935 2009//937 1115//934 
f 2007//933 2008//935 1114//932 
f 2006//931 2007//933 1133//930 
f 2005//929 2006//931 1154//928 
f 2004//927 2005//929 1156//926 
f 2003//925 2004//927 1155//924 
f 2002//923 2003//925 1174//922 
o mesh44
f 1929//1064 1079//1064 1078//1064 
f 1078//1064 2074//1064 1929//1064 
o mesh45
f 1986//1066 1960//1066 1959//1066 
f 1986//1066 1955//1066 1954//1066 
f 1959//1066 1958//1066 1986//1066 
f 1954//1066 1953//1066 1986//1066 
f 1958//1066 1957//1066 1986//1066 
f 1970//1066 1973//1066 1972//1066 
f 1970//1066 1975//1066 1974//1066 
f 2051//1066 2036//1066 2035//1066 
f 2047//1066 2042//1066 2041//1066 
f 2043//1066 2046//1066 2045//1066 
f 1986//1066 1956//1066 1955//1066 
f 1986//1066 1961//1066 1960//1066 
f 1974//1066 1973//1066 1970//1066 
f 2051//1066 2033//1066 2032//1066 
f 2035//1066 2034//1066 2051//1066 
f 2047//1066 2043//1066 2042//1066 
f 2043//1066 2047//1066 2046//1066 
f 1957//1066 1956//1066 1986//1066 
f 1972//1066 1971//1066 1970//1066 
f 1966//1066 1980//1066 1979//1066 
f 2051//1066 2031//1066 2030//1066 
f 2034//1066 2033//1066 2051//1066 
f 2051//1066 2038//1066 2037//1066 
f 2051//1066 2040//1066 2039//1066 
f 2045//1066 2044//1066 2043//1066 
f 2040//1066 2049//1066 2048//1066 
f 1986//1066 1962//1066 1961//1066 
f 1986//1066 1964//1066 1963//1066 
f 1975//1066 1968//1066 1967//1066 
f 1970//1066 1969//1066 1975//1066 
f 1966//1066 1978//1066 1977//1066 
f 1966//1066 1981//1066 1980//1066 
f 1966//1066 1984//1066 1983//1066 
f 1966//1066 1986//1066 1985//1066 
f 2032//1066 2031//1066 2051//1066 
f 2039//1066 2038//1066 2051//1066 
f 2048//1066 2047//1066 2040//1066 
f 2040//1066 2051//1066 2050//1066 
f 1986//1066 1952//1066 1951//1066 
f 1963//1066 1962//1066 1986//1066 
f 1969//1066 1968//1066 1975//1066 
f 1977//1066 1976//1066 1966//1066 
f 1966//1066 1982//1066 1981//1066 
f 1985//1066 1984//1066 1966//1066 
f 2051//1066 2027//1066 2026//1066 
f 2051//1066 2029//1066 2028//1066 
f 2037//1066 2036//1066 2051//1066 
f 2050//1066 2049//1066 2040//1066 
f 2023//1066 2053//1066 2052//1066 
f 2023//1066 2059//1066 2058//1066 
f 1953//1066 1952//1066 1986//1066 
f 1986//1066 1966//1066 1965//1066 
f 1976//1066 1975//1066 1966//1066 
f 1983//1066 1982//1066 1966//1066 
f 2028//1066 2027//1066 2051//1066 
f 2041//1066 2040//1066 2047//1066 
f 2023//1066 2054//1066 2053//1066 
f 2058//1066 2057//1066 2023//1066 
f 1986//1066 1946//1066 1945//1066 
f 1965//1066 1964//1066 1986//1066 
f 1979//1066 1978//1066 1966//1066 
f 2051//1066 2025//1066 2024//1066 
f 2030//1066 2029//1066 2051//1066 
f 2023//1066 2055//1066 2054//1066 
f 2057//1066 2056//1066 2023//1066 
f 1986//1066 1940//1066 1939//1066 
f 1986//1066 1944//1066 1943//1066 
f 1986//1066 1947//1066 1946//1066 
f 1986//1066 1950//1066 1949//1066 
f 1967//1066 1966//1066 1975//1066 
f 2059//1066 2019//1066 2018//1066 
f 2026//1066 2025//1066 2051//1066 
f 2056//1066 2055//1066 2023//1066 
f 1986//1066 1941//1066 1940//1066 
f 1943//1066 1942//1066 1986//1066 
f 1986//1066 1948//1066 1947//1066 
f 1951//1066 1950//1066 1986//1066 
f 1938//1066 1988//1066 1987//1066 
f 1938//1066 1992//1066 1991//1066 
f 2059//1066 2013//1066 2012//1066 
f 2059//1066 2017//1066 2016//1066 
f 2059//1066 2020//1066 2019//1066 
f 2059//1066 2023//1066 2022//1066 
f 2052//1066 2051//1066 2023//1066 
f 1942//1066 1941//1066 1986//1066 
f 1949//1066 1948//1066 1986//1066 
f 1938//1066 1989//1066 1988//1066 
f 1991//1066 1990//1066 1938//1066 
f 2059//1066 2014//1066 2013//1066 
f 2016//1066 2015//1066 2059//1066 
f 2059//1066 2021//1066 2020//1066 
f 2024//1066 2023//1066 2051//1066 
f 2011//1066 2061//1066 2060//1066 
f 2011//1066 2065//1066 2064//1066 
f 1994//1066 1934//1066 1933//1066 
f 1945//1066 1944//1066 1986//1066 
f 1990//1066 1989//1066 1938//1066 
f 2015//1066 2014//1066 2059//1066 
f 2022//1066 2021//1066 2059//1066 
f 2011//1066 2062//1066 2061//1066 
f 2064//1066 2063//1066 2011//1066 
f 1994//1066 1935//1066 1934//1066 
f 1992//1066 1938//1066 1937//1066 
f 1987//1066 1986//1066 1938//1066 
f 1930//1066 1998//1066 1997//1066 
f 2067//1066 2007//1066 2006//1066 
f 2018//1066 2017//1066 2059//1066 
f 2063//1066 2062//1066 2011//1066 
f 1994//1066 1932//1066 1931//1066 
f 1994//1066 1936//1066 1935//1066 
f 1939//1066 1938//1066 1986//1066 
f 1936//1066 1994//1066 1993//1066 
f 1997//1066 1996//1066 1930//1066 
f 1930//1066 2001//1066 2000//1066 
f 2067//1066 2004//1066 2003//1066 
f 2067//1066 2008//1066 2007//1066 
f 2065//1066 2011//1066 2010//1066 
f 2060//1066 2059//1066 2011//1066 
f 2002//1066 2071//1066 2070//1066 
f 1933//1066 1932//1066 1994//1066 
f 1993//1066 1992//1066 1936//1066 
f 1996//1066 1995//1066 1930//1066 
f 2000//1066 1999//1066 1930//1066 
f 2067//1066 2005//1066 2004//1066 
f 2067//1066 2009//1066 2008//1066 
f 2012//1066 2011//1066 2059//1066 
f 2009//1066 2067//1066 2066//1066 
f 2070//1066 2069//1066 2002//1066 
f 1937//1066 1936//1066 1992//1066 
f 1999//1066 1998//1066 1930//1066 
f 2006//1066 2005//1066 2067//1066 
f 2066//1066 2065//1066 2009//1066 
f 2069//1066 2068//1066 2002//1066 
f 2002//1066 2073//1066 2072//1066 
f 1995//1066 1994//1066 1930//1066 
f 2010//1066 2009//1066 2065//1066 
f 2072//1066 2071//1066 2002//1066 
f 1931//1066 1930//1066 1994//1066 
f 2002//1066 2001//1066 1929//1066 
f 2068//1066 2067//1066 2002//1066 
f 1929//1066 2074//1066 2002//1066 
f 2002//1066 2074//1066 2073//1066 
f 2003//1066 2002//1066 2067//1066 
f 1930//1066 1929//1066 2001//1066 
o mesh46
f 1044//1067 1039//1068 2075//1068 
f 992//1069 1044//1067 2076//1070 
f 993//1071 992//1069 2077//1072 
f 968//1073 993//1071 2078//1074 
f 939//1075 968//1073 2079//1076 
f 940//1077 939//1075 2080//1078 
f 966//1079 940//1077 2081//1080 
f 967//1081 966//1079 2082//1082 
f 1013//1083 967//1081 2083//1084 
f 938//1085 1013//1083 2084//1086 
f 928//1087 938//1085 2085//1088 
f 929//1089 928//1087 2086//1090 
f 965//1091 929//1089 2087//1092 
f 963//1093 965//1091 2088//1094 
f 964//1095 963//1093 2089//1096 
f 1027//1097 964//1095 2090//1098 
f 1012//1099 1027//1097 2091//1100 
f 990//1101 1012//1099 2092//1102 
f 991//1103 990//1101 2093//1104 
f 988//1105 991//1103 2094//1106 
f 989//1107 988//1105 2095//1108 
f 936//1109 989//1107 2096//1110 
f 937//1111 936//1109 2097//1112 
f 962//1113 937//1111 2098//1114 
f 961//1115 962//1113 2099//1116 
f 916//1117 961//1115 2100//1118 
f 917//1119 916//1117 2101//1120 
f 927//1121 917//1119 2102//1122 
f 935//1123 927//1121 2103//1124 
f 1011//1125 935//1123 2104//1126 
f 987//1127 1011//1125 2105//1128 
f 959//1129 987//1127 2106//1130 
f 960//1131 959//1129 2107//1132 
f 1025//1133 960//1131 2108//1134 
f 1026//1135 1025//1133 2109//1136 
f 1024//1137 1026//1135 2110//1138 
f 1037//1139 1024//1137 2111//1140 
f 957//1141 1037//1139 2112//1142 
f 958//1143 957//1141 2113//1144 
f 986//1145 958//1143 2114//1146 
f 1010//1147 986//1145 2115//1148 
f 985//1149 1010//1147 2116//1150 
f 955//1151 985//1149 2117//1152 
f 956//1153 955//1151 2118//1154 
f 953//1155 956//1153 2119//1156 
f 954//1157 953//1155 2120//1158 
f 984//1159 954//1157 2121//1160 
f 1022//1161 984//1159 2122//1162 
f 1023//1163 1022//1161 2123//1164 
f 1036//1165 1023//1163 2124//1166 
f 1021//1167 1036//1165 2125//1168 
f 1008//1169 1021//1167 2126//1170 
f 1009//1171 1008//1169 2127//1172 
f 1034//1173 1009//1171 2128//1174 
f 1035//1175 1034//1173 2129//1176 
f 1032//1177 1035//1175 2130//1178 
f 1033//1179 1032//1177 2131//1180 
f 1031//1181 1033//1179 2132//1182 
f 1006//1183 1031//1181 2133//1184 
f 1007//1185 1006//1183 2134//1186 
f 1020//1187 1007//1185 2135//1188 
f 1040//1189 1020//1187 2136//1190 
f 1041//1191 1040//1189 2137//1192 
f 982//1193 1041//1191 2138//1194 
f 983//1195 982//1193 2139//1196 
f 1005//1197 983//1195 2140//1198 
f 1019//1199 1005//1197 2141//1200 
f 1017//1201 1019//1199 2142//1202 
f 1018//1203 1017//1201 2143//1204 
f 1004//1205 1018//1203 2144//1206 
f 981//1207 1004//1205 2145//1208 
f 934//1209 981//1207 2146//1210 
f 2146//1210 2147//1209 934//1209 
f 2145//1208 2146//1210 981//1207 
f 2144//1206 2145//1208 1004//1205 
f 2143//1204 2144//1206 1018//1203 
f 2142//1202 2143//1204 1017//1201 
f 2141//1200 2142//1202 1019//1199 
f 2140//1198 2141//1200 1005//1197 
f 2139//1196 2140//1198 983//1195 
f 2138//1194 2139//1196 982//1193 
f 2137//1192 2138//1194 1041//1191 
f 2136//1190 2137//1192 1040//1189 
f 2135//1188 2136//1190 1020//1187 
f 2134//1186 2135//1188 1007//1185 
f 2133//1184 2134//1186 1006//1183 
f 2132//1182 2133//1184 1031//1181 
f 2131//1180 2132//1182 1033//1179 
f 2130//1178 2131//1180 1032//1177 
f 2129//1176 2130//1178 1035//1175 
f 2128//1174 2129//1176 1034//1173 
f 2127//1172 2128//1174 1009//1171 
f 2126//1170 2127//1172 1008//1169 
f 2125//1168 2126//1170 1021//1167 
f 2124//1166 2125//1168 1036//1165 
f 2123//1164 2124//1166 1023//1163 
f 2122//1162 2123//1164 1022//1161 
f 2121//1160 2122//1162 984//1159 
f 2120//1158 2121//1160 954//1157 
f 2119//1156 2120//1158 953//1155 
f 2118//1154 2119//1156 956//1153 
f 2117//1152 2118//1154 955//1151 
f 2116//1150 2117//1152 985//1149 
f 2115//1148 2116//1150 1010//1147 
f 2114//1146 2115//1148 986//1145 
f 2113//1144 2114//1146 958//1143 
f 2112//1142 2113//1144 957//1141 
f 2111//1140 2112//1142 1037//1139 
f 2110//1138 2111//1140 1024//1137 
f 2109//1136 2110//1138 1026//1135 
f 2108//1134 2109//1136 1025//1133 
f 2107//1132 2108//1134 960//1131 
f 2106//1130 2107//1132 959//1129 
f 2105//1128 2106//1130 987//1127 
f 2104//1126 2105//1128 1011//1125 
f 2103//1124 2104//1126 935//1123 
f 2102//1122 2103//1124 927//1121 
f 2101//1120 2102//1122 917//1119 
f 2100//1118 2101//1120 916//1117 
f 2099//1116 2100//1118 961//1115 
f 2098//1114 2099//1116 962//1113 
f 2097//1112 2098//1114 937//1111 
f 2096//1110 2097//1112 936//1109 
f 2095//1108 2096//1110 989//1107 
f 2094//1106 2095//1108 988//1105 
f 2093//1104 2094//1106 991//1103 
f 2092//1102 2093//1104 990//1101 
f 2091//1100 2092//1102 1012//1099 
f 2090//1098 2091//1100 1027//1097 
f 2089//1096 2090//1098 964//1095 
f 2088//1094 2089//1096 963//1093 
f 2087//1092 2088//1094 965//1091 
f 2086//1090 2087//1092 929//1089 
f 2085//1088 2086//1090 928//1087 
f 2084//1086 2085//1088 938//1085 
f 2083//1084 2084//1086 1013//1083 
f 2082//1082 2083//1084 967//1081 
f 2081//1080 2082//1082 966//1079 
f 2080//1078 2081//1080 940//1077 
f 2079//1076 2080//1078 939//1075 
f 2078//1074 2079//1076 968//1073 
f 2077//1072 2078//1074 993//1071 
f 2076//1070 2077//1072 992//1069 
f 2075//1068 2076//1070 1044//1067 
o mesh47
f 2148//1209 952//1209 934//1209 
f 934//1209 2147//1209 2148//1209 
o mesh48
f 1016//1211 952//1212 2148//1212 
f 1002//1213 1016//1211 2149//1214 
f 1003//1215 1002//1213 2150//1216 
f 1001//1217 1003//1215 2151//1218 
f 980//1219 1001//1217 2152//1220 
f 950//1221 980//1219 2153//1222 
f 951//1223 950//1221 2154//1224 
f 999//1225 951//1223 2155//1226 
f 1000//1227 999//1225 2156//1228 
f 979//1229 1000//1227 2157//1230 
f 932//1231 979//1229 2158//1232 
f 933//1233 932//1231 2159//1234 
f 949//1235 933//1233 2160//1236 
f 977//1237 949//1235 2161//1238 
f 978//1239 977//1237 2162//1240 
f 1015//1241 978//1239 2163//1242 
f 998//1243 1015//1241 2164//1244 
f 975//1245 998//1243 2165//1246 
f 976//1247 975//1245 2166//1248 
f 947//1249 976//1247 2167//1250 
f 948//1251 947//1249 2168//1252 
f 945//1253 948//1251 2169//1254 
f 946//1255 945//1253 2170//1256 
f 943//1257 946//1255 2171//1258 
f 944//1259 943//1257 2172//1260 
f 925//1261 944//1259 2173//1262 
f 926//1263 925//1261 2174//1264 
f 912//1265 926//1263 2175//1266 
f 913//1267 912//1265 2176//1268 
f 899//1269 913//1267 2177//1270 
f 900//1271 899//1269 2178//1272 
f 903//1273 900//1271 2179//1274 
f 906//1275 903//1273 2180//1276 
f 905//1277 906//1275 2181//1278 
f 901//1279 905//1277 2182//1280 
f 902//1281 901//1279 2183//1282 
f 904//1283 902//1281 2184//1284 
f 907//1285 904//1283 2185//1286 
f 910//1287 907//1285 2186//1288 
f 911//1289 910//1287 2187//1290 
f 908//1291 911//1289 2188//1292 
f 909//1293 908//1291 2189//1294 
f 924//1295 909//1293 2190//1296 
f 914//1297 924//1295 2191//1298 
f 915//1299 914//1297 2192//1300 
f 922//1301 915//1299 2193//1302 
f 923//1303 922//1301 2194//1304 
f 973//1305 923//1303 2195//1306 
f 974//1307 973//1305 2196//1308 
f 942//1309 974//1307 2197//1310 
f 920//1311 942//1309 2198//1312 
f 921//1313 920//1311 2199//1314 
f 918//1315 921//1313 2200//1316 
f 919//1317 918//1315 2201//1318 
f 972//1319 919//1317 2202//1320 
f 970//1321 972//1319 2203//1322 
f 971//1323 970//1321 2204//1324 
f 941//1325 971//1323 2205//1326 
f 930//1327 941//1325 2206//1328 
f 931//1329 930//1327 2207//1330 
f 969//1331 931//1329 2208//1332 
f 996//1333 969//1331 2209//1334 
f 997//1335 996//1333 2210//1336 
f 994//1337 997//1335 2211//1338 
f 995//1339 994//1337 2212//1340 
f 1014//1341 995//1339 2213//1342 
f 1030//1343 1014//1341 2214//1344 
f 1028//1345 1030//1343 2215//1346 
f 1029//1347 1028//1345 2216//1348 
f 1043//1349 1029//1347 2217//1350 
f 1042//1351 1043//1349 2218//1352 
f 1038//1353 1042//1351 2219//1354 
f 2219//1354 2220//1353 1038//1353 
f 2218//1352 2219//1354 1042//1351 
f 2217//1350 2218//1352 1043//1349 
f 2216//1348 2217//1350 1029//1347 
f 2215//1346 2216//1348 1028//1345 
f 2214//1344 2215//1346 1030//1343 
f 2213//1342 2214//1344 1014//1341 
f 2212//1340 2213//1342 995//1339 
f 2211//1338 2212//1340 994//1337 
f 2210//1336 2211//1338 997//1335 
f 2209//1334 2210//1336 996//1333 
f 2208//1332 2209//1334 969//1331 
f 2207//1330 2208//1332 931//1329 
f 2206//1328 2207//1330 930//1327 
f 2205//1326 2206//1328 941//1325 
f 2204//1324 2205//1326 971//1323 
f 2203//1322 2204//1324 970//1321 
f 2202//1320 2203//1322 972//1319 
f 2201//1318 2202//1320 919//1317 
f 2200//1316 2201//1318 918//1315 
f 2199//1314 2200//1316 921//1313 
f 2198//1312 2199//1314 920//1311 
f 2197//1310 2198//1312 942//1309 
f 2196//1308 2197//1310 974//1307 
f 2195//1306 2196//1308 973//1305 
f 2194//1304 2195//1306 923//1303 
f 2193//1302 2194//1304 922//1301 
f 2192//1300 2193//1302 915//1299 
f 2191//1298 2192//1300 914//1297 
f 2190//1296 2191//1298 924//1295 
f 2189//1294 2190//1296 909//1293 
f 2188//1292 2189//1294 908//1291 
f 2187//1290 2188//1292 911//1289 
f 2186//1288 2187//1290 910//1287 
f 2185//1286 2186//1288 907//1285 
f 2184//1284 2185//1286 904//1283 
f 2183//1282 2184//1284 902//1281 
f 2182//1280 2183//1282 901//1279 
f 2181//1278 2182//1280 905//1277 
f 2180//1276 2181//1278 906//1275 
f 2179//1274 2180//1276 903//1273 
f 2178//1272 2179//1274 900//1271 
f 2177//1270 2178//1272 899//1269 
f 2176//1268 2177//1270 913//1267 
f 2175//1266 2176//1268 912//1265 
f 2174//1264 2175//1266 926//1263 
f 2173//1262 2174//1264 925//1261 
f 2172//1260 2173//1262 944//1259 
f 2171//1258 2172//1260 943//1257 
f 2170//1256 2171//1258 946//1255 
f 2169//1254 2170//1256 945//1253 
f 2168//1252 2169//1254 948//1251 
f 2167//1250 2168//1252 947//1249 
f 2166//1248 2167//1250 976//1247 
f 2165//1246 2166//1248 975//1245 
f 2164//1244 2165//1246 998//1243 
f 2163//1242 2164//1244 1015//1241 
f 2162//1240 2163//1242 978//1239 
f 2161//1238 2162//1240 977//1237 
f 2160//1236 2161//1238 949//1235 
f 2159//1234 2160//1236 933//1233 
f 2158//1232 2159//1234 932//1231 
f 2157//1230 2158//1232 979//1229 
f 2156//1228 2157//1230 1000//1227 
f 2155//1226 2156//1228 999//1225 
f 2154//1224 2155//1226 951//1223 
f 2153//1222 2154//1224 950//1221 
f 2152//1220 2153//1222 980//1219 
f 2151//1218 2152//1220 1001//1217 
f 2150//1216 2151//1218 1003//1215 
f 2149//1214 2150//1216 1002//1213 
f 2148//1212 2149//1214 1016//1211 
o mesh49
f 2075//1353 1039//1353 1038//1353 
f 1038//1353 2220//1353 2075//1353 
o mesh50
f 2197//1355 2182//1355 2181//1355 
f 2193//1355 2188//1355 2187//1355 
f 2189//1355 2192//1355 2191//1355 
f 2197//1355 2179//1355 2178//1355 
f 2181//1355 2180//1355 2197//1355 
f 2193//1355 2189//1355 2188//1355 
f 2189//1355 2193//1355 2192//1355 
f 2197//1355 2177//1355 2176//1355 
f 2180//1355 2179//1355 2197//1355 
f 2197//1355 2184//1355 2183//1355 
f 2197//1355 2186//1355 2185//1355 
f 2191//1355 2190//1355 2189//1355 
f 2186//1355 2195//1355 2194//1355 
f 2132//1355 2106//1355 2105//1355 
f 2178//1355 2177//1355 2197//1355 
f 2185//1355 2184//1355 2197//1355 
f 2194//1355 2193//1355 2186//1355 
f 2186//1355 2197//1355 2196//1355 
f 2132//1355 2101//1355 2100//1355 
f 2105//1355 2104//1355 2132//1355 
f 2197//1355 2173//1355 2172//1355 
f 2197//1355 2175//1355 2174//1355 
f 2183//1355 2182//1355 2197//1355 
f 2196//1355 2195//1355 2186//1355 
f 2169//1355 2199//1355 2198//1355 
f 2169//1355 2205//1355 2204//1355 
f 2100//1355 2099//1355 2132//1355 
f 2104//1355 2103//1355 2132//1355 
f 2116//1355 2119//1355 2118//1355 
f 2116//1355 2121//1355 2120//1355 
f 2174//1355 2173//1355 2197//1355 
f 2187//1355 2186//1355 2193//1355 
f 2169//1355 2200//1355 2199//1355 
f 2204//1355 2203//1355 2169//1355 
f 2132//1355 2102//1355 2101//1355 
f 2132//1355 2107//1355 2106//1355 
f 2120//1355 2119//1355 2116//1355 
f 2197//1355 2171//1355 2170//1355 
f 2176//1355 2175//1355 2197//1355 
f 2169//1355 2201//1355 2200//1355 
f 2203//1355 2202//1355 2169//1355 
f 2103//1355 2102//1355 2132//1355 
f 2118//1355 2117//1355 2116//1355 
f 2112//1355 2126//1355 2125//1355 
f 2205//1355 2165//1355 2164//1355 
f 2172//1355 2171//1355 2197//1355 
f 2202//1355 2201//1355 2169//1355 
f 2132//1355 2108//1355 2107//1355 
f 2132//1355 2110//1355 2109//1355 
f 2121//1355 2114//1355 2113//1355 
f 2116//1355 2115//1355 2121//1355 
f 2112//1355 2124//1355 2123//1355 
f 2112//1355 2127//1355 2126//1355 
f 2112//1355 2130//1355 2129//1355 
f 2112//1355 2132//1355 2131//1355 
f 2205//1355 2159//1355 2158//1355 
f 2205//1355 2163//1355 2162//1355 
f 2205//1355 2166//1355 2165//1355 
f 2205//1355 2169//1355 2168//1355 
f 2198//1355 2197//1355 2169//1355 
f 2132//1355 2098//1355 2097//1355 
f 2109//1355 2108//1355 2132//1355 
f 2115//1355 2114//1355 2121//1355 
f 2123//1355 2122//1355 2112//1355 
f 2112//1355 2128//1355 2127//1355 
f 2131//1355 2130//1355 2112//1355 
f 2205//1355 2160//1355 2159//1355 
f 2162//1355 2161//1355 2205//1355 
f 2205//1355 2167//1355 2166//1355 
f 2170//1355 2169//1355 2197//1355 
f 2157//1355 2207//1355 2206//1355 
f 2157//1355 2211//1355 2210//1355 
f 2099//1355 2098//1355 2132//1355 
f 2132//1355 2112//1355 2111//1355 
f 2122//1355 2121//1355 2112//1355 
f 2129//1355 2128//1355 2112//1355 
f 2161//1355 2160//1355 2205//1355 
f 2168//1355 2167//1355 2205//1355 
f 2157//1355 2208//1355 2207//1355 
f 2210//1355 2209//1355 2157//1355 
f 2132//1355 2085//1355 2084//1355 
f 2132//1355 2092//1355 2091//1355 
f 2111//1355 2110//1355 2132//1355 
f 2125//1355 2124//1355 2112//1355 
f 2213//1355 2153//1355 2152//1355 
f 2164//1355 2163//1355 2205//1355 
f 2209//1355 2208//1355 2157//1355 
f 2132//1355 2086//1355 2085//1355 
f 2132//1355 2090//1355 2089//1355 
f 2132//1355 2093//1355 2092//1355 
f 2132//1355 2096//1355 2095//1355 
f 2113//1355 2112//1355 2121//1355 
f 2213//1355 2154//1355 2153//1355 
f 2211//1355 2157//1355 2156//1355 
f 2206//1355 2205//1355 2157//1355 
f 2149//1355 2217//1355 2216//1355 
f 2132//1355 2087//1355 2086//1355 
f 2089//1355 2088//1355 2132//1355 
f 2132//1355 2094//1355 2093//1355 
f 2097//1355 2096//1355 2132//1355 
f 2083//1355 2134//1355 2133//1355 
f 2083//1355 2138//1355 2137//1355 
f 2213//1355 2151//1355 2150//1355 
f 2213//1355 2155//1355 2154//1355 
f 2158//1355 2157//1355 2205//1355 
f 2155//1355 2213//1355 2212//1355 
f 2216//1355 2215//1355 2149//1355 
f 2088//1355 2087//1355 2132//1355 
f 2095//1355 2094//1355 2132//1355 
f 2083//1355 2135//1355 2134//1355 
f 2137//1355 2136//1355 2083//1355 
f 2083//1355 2144//1355 2143//1355 
f 2152//1355 2151//1355 2213//1355 
f 2212//1355 2211//1355 2155//1355 
f 2215//1355 2214//1355 2149//1355 
f 2149//1355 2219//1355 2218//1355 
f 2146//1355 2080//1355 2079//1355 
f 2091//1355 2090//1355 2132//1355 
f 2136//1355 2135//1355 2083//1355 
f 2143//1355 2142//1355 2083//1355 
f 2156//1355 2155//1355 2211//1355 
f 2218//1355 2217//1355 2149//1355 
f 2146//1355 2077//1355 2076//1355 
f 2146//1355 2081//1355 2080//1355 
f 2146//1355 2083//1355 2082//1355 
f 2133//1355 2132//1355 2083//1355 
f 2083//1355 2140//1355 2139//1355 
f 2142//1355 2141//1355 2083//1355 
f 2083//1355 2146//1355 2145//1355 
f 2214//1355 2213//1355 2149//1355 
f 2146//1355 2078//1355 2077//1355 
f 2082//1355 2081//1355 2146//1355 
f 2139//1355 2138//1355 2083//1355 
f 2145//1355 2144//1355 2083//1355 
f 2149//1355 2220//1355 2219//1355 
f 2079//1355 2078//1355 2146//1355 
f 2141//1355 2140//1355 2083//1355 
f 2150//1355 2149//1355 2213//1355 
f 2148//1355 2147//1355 2075//1355 
f 2084//1355 2083//1355 2132//1355 
f 2075//1355 2220//1355 2148//1355 
f 2075//1355 2147//1355 2146//1355 
f 2076//1355 2075//1355 2146//1355 
f 2149//1355 2148//1355 2220//1355 
o mesh51
f 875//1356 806//1357 2221//1357 
f 830//1358 875//1356 2222//1359 
f 831//1360 830//1358 2223//1361 
f 804//1362 831//1360 2224//1363 
f 788//1364 804//1362 2225//1365 
f 789//1366 788//1364 2226//1367 
f 802//1368 789//1366 2227//1369 
f 803//1370 802//1368 2228//1371 
f 855//1372 803//1370 2229//1373 
f 787//1374 855//1372 2230//1375 
f 773//1376 787//1374 2231//1377 
f 774//1378 773//1376 2232//1379 
f 801//1380 774//1378 2233//1381 
f 799//1382 801//1380 2234//1383 
f 800//1384 799//1382 2235//1385 
f 874//1386 800//1384 2236//1387 
f 854//1388 874//1386 2237//1389 
f 828//1390 854//1388 2238//1391 
f 829//1392 828//1390 2239//1393 
f 826//1394 829//1392 2240//1395 
f 827//1396 826//1394 2241//1397 
f 785//1398 827//1396 2242//1399 
f 786//1400 785//1398 2243//1401 
f 798//1402 786//1400 2244//1403 
f 797//1404 798//1402 2245//1405 
f 768//1406 797//1404 2246//1407 
f 769//1408 768//1406 2247//1409 
f 772//1410 769//1408 2248//1411 
f 784//1412 772//1410 2249//1413 
f 853//1414 784//1412 2250//1415 
f 825//1416 853//1414 2251//1417 
f 795//1418 825//1416 2252//1419 
f 796//1420 795//1418 2253//1421 
f 872//1422 796//1420 2254//1423 
f 873//1424 872//1422 2255//1425 
f 888//1426 873//1424 2256//1427 
f 896//1428 888//1426 2257//1429 
f 823//1430 896//1428 2258//1431 
f 824//1432 823//1430 2259//1433 
f 852//1434 824//1432 2260//1435 
f 871//1436 852//1434 2261//1437 
f 851//1438 871//1436 2262//1439 
f 821//1440 851//1438 2263//1441 
f 822//1442 821//1440 2264//1443 
f 819//1444 822//1442 2265//1445 
f 820//1446 819//1444 2266//1447 
f 850//1448 820//1446 2267//1449 
f 886//1450 850//1448 2268//1451 
f 887//1452 886//1450 2269//1453 
f 895//1454 887//1452 2270//1455 
f 885//1456 895//1454 2271//1457 
f 869//1458 885//1456 2272//1459 
f 870//1460 869//1458 2273//1461 
f 893//1462 870//1460 2274//1463 
f 894//1464 893//1462 2275//1465 
f 891//1466 894//1464 2276//1467 
f 892//1468 891//1466 2277//1469 
f 890//1470 892//1468 2278//1471 
f 867//1472 890//1470 2279//1473 
f 868//1474 867//1472 2280//1475 
f 884//1476 868//1474 2281//1477 
f 897//1478 884//1476 2282//1479 
f 898//1480 897//1478 2283//1481 
f 848//1482 898//1480 2284//1483 
f 849//1484 848//1482 2285//1485 
f 866//1486 849//1484 2286//1487 
f 883//1488 866//1486 2287//1489 
f 881//1490 883//1488 2288//1491 
f 882//1492 881//1490 2289//1493 
f 865//1494 882//1492 2290//1495 
f 847//1496 865//1494 2291//1497 
f 794//1498 847//1496 2292//1499 
f 2292//1499 2293//1498 794//1498 
f 2291//1497 2292//1499 847//1496 
f 2290//1495 2291//1497 865//1494 
f 2289//1493 2290//1495 882//1492 
f 2288//1491 2289//1493 881//1490 
f 2287//1489 2288//1491 883//1488 
f 2286//1487 2287//1489 866//1486 
f 2285//1485 2286//1487 849//1484 
f 2284//1483 2285//1485 848//1482 
f 2283//1481 2284//1483 898//1480 
f 2282//1479 2283//1481 897//1478 
f 2281//1477 2282//1479 884//1476 
f 2280//1475 2281//1477 868//1474 
f 2279//1473 2280//1475 867//1472 
f 2278//1471 2279//1473 890//1470 
f 2277//1469 2278//1471 892//1468 
f 2276//1467 2277//1469 891//1466 
f 2275//1465 2276//1467 894//1464 
f 2274//1463 2275//1465 893//1462 
f 2273//1461 2274//1463 870//1460 
f 2272//1459 2273//1461 869//1458 
f 2271//1457 2272//1459 885//1456 
f 2270//1455 2271//1457 895//1454 
f 2269//1453 2270//1455 887//1452 
f 2268//1451 2269//1453 886//1450 
f 2267//1449 2268//1451 850//1448 
f 2266//1447 2267//1449 820//1446 
f 2265//1445 2266//1447 819//1444 
f 2264//1443 2265//1445 822//1442 
f 2263//1441 2264//1443 821//1440 
f 2262//1439 2263//1441 851//1438 
f 2261//1437 2262//1439 871//1436 
f 2260//1435 2261//1437 852//1434 
f 2259//1433 2260//1435 824//1432 
f 2258//1431 2259//1433 823//1430 
f 2257//1429 2258//1431 896//1428 
f 2256//1427 2257//1429 888//1426 
f 2255//1425 2256//1427 873//1424 
f 2254//1423 2255//1425 872//1422 
f 2253//1421 2254//1423 796//1420 
f 2252//1419 2253//1421 795//1418 
f 2251//1417 2252//1419 825//1416 
f 2250//1415 2251//1417 853//1414 
f 2249//1413 2250//1415 784//1412 
f 2248//1411 2249//1413 772//1410 
f 2247//1409 2248//1411 769//1408 
f 2246//1407 2247//1409 768//1406 
f 2245//1405 2246//1407 797//1404 
f 2244//1403 2245//1405 798//1402 
f 2243//1401 2244//1403 786//1400 
f 2242//1399 2243//1401 785//1398 
f 2241//1397 2242//1399 827//1396 
f 2240//1395 2241//1397 826//1394 
f 2239//1393 2240//1395 829//1392 
f 2238//1391 2239//1393 828//1390 
f 2237//1389 2238//1391 854//1388 
f 2236//1387 2237//1389 874//1386 
f 2235//1385 2236//1387 800//1384 
f 2234//1383 2235//1385 799//1382 
f 2233//1381 2234//1383 801//1380 
f 2232//1379 2233//1381 774//1378 
f 2231//1377 2232//1379 773//1376 
f 2230//1375 2231//1377 787//1374 
f 2229//1373 2230//1375 855//1372 
f 2228//1371 2229//1373 803//1370 
f 2227//1369 2228//1371 802//1368 
f 2226//1367 2227//1369 789//1366 
f 2225//1365 2226//1367 788//1364 
f 2224//1363 2225//1365 804//1362 
f 2223//1361 2224//1363 831//1360 
f 2222//1359 2223//1361 830//1358 
f 2221//1357 2222//1359 875//1356 
o mesh52
f 2294//1498 818//1498 794//1498 
f 794//1498 2293//1498 2294//1498 
o mesh53
f 880//1500 818//1501 2294//1501 
f 863//1502 880//1500 2295//1503 
f 864//1504 863//1502 2296//1505 
f 862//1506 864//1504 2297//1507 
f 846//1508 862//1506 2298//1509 
f 816//1510 846//1508 2299//1511 
f 817//1512 816//1510 2300//1513 
f 860//1514 817//1512 2301//1515 
f 861//1516 860//1514 2302//1517 
f 845//1518 861//1516 2303//1519 
f 792//1520 845//1518 2304//1521 
f 793//1522 792//1520 2305//1523 
f 815//1524 793//1522 2306//1525 
f 843//1526 815//1524 2307//1527 
f 844//1528 843//1526 2308//1529 
f 879//1530 844//1528 2309//1531 
f 859//1532 879//1530 2310//1533 
f 841//1534 859//1532 2311//1535 
f 842//1536 841//1534 2312//1537 
f 813//1538 842//1536 2313//1539 
f 814//1540 813//1538 2314//1541 
f 811//1542 814//1540 2315//1543 
f 812//1544 811//1542 2316//1545 
f 809//1546 812//1544 2317//1547 
f 810//1548 809//1546 2318//1549 
f 782//1550 810//1548 2319//1551 
f 783//1552 782//1550 2320//1553 
f 766//1554 783//1552 2321//1555 
f 767//1556 766//1554 2322//1557 
f 753//1558 767//1556 2323//1559 
f 754//1560 753//1558 2324//1561 
f 757//1562 754//1560 2325//1563 
f 760//1564 757//1562 2326//1565 
f 759//1566 760//1564 2327//1567 
f 755//1568 759//1566 2328//1569 
f 756//1570 755//1568 2329//1571 
f 758//1572 756//1570 2330//1573 
f 761//1574 758//1572 2331//1575 
f 764//1576 761//1574 2332//1577 
f 765//1578 764//1576 2333//1579 
f 762//1580 765//1578 2334//1581 
f 763//1582 762//1580 2335//1583 
f 781//1584 763//1582 2336//1585 
f 770//1586 781//1584 2337//1587 
f 771//1588 770//1586 2338//1589 
f 779//1590 771//1588 2339//1591 
f 780//1592 779//1590 2340//1593 
f 839//1594 780//1592 2341//1595 
f 840//1596 839//1594 2342//1597 
f 808//1598 840//1596 2343//1599 
f 777//1600 808//1598 2344//1601 
f 778//1602 777//1600 2345//1603 
f 775//1604 778//1602 2346//1605 
f 776//1606 775//1604 2347//1607 
f 838//1608 776//1606 2348//1609 
f 836//1610 838//1608 2349//1611 
f 837//1612 836//1610 2350//1613 
f 807//1614 837//1612 2351//1615 
f 790//1616 807//1614 2352//1617 
f 791//1618 790//1616 2353//1619 
f 835//1620 791//1618 2354//1621 
f 857//1622 835//1620 2355//1623 
f 858//1624 857//1622 2356//1625 
f 833//1626 858//1624 2357//1627 
f 834//1628 833//1626 2358//1629 
f 856//1630 834//1628 2359//1631 
f 878//1632 856//1630 2360//1633 
f 876//1634 878//1632 2361//1635 
f 877//1636 876//1634 2362//1637 
f 889//1638 877//1636 2363//1639 
f 832//1640 889//1638 2364//1641 
f 805//1642 832//1640 2365//1643 
f 2365//1643 2366//1642 805//1642 
f 2364//1641 2365//1643 832//1640 
f 2363//1639 2364//1641 889//1638 
f 2362//1637 2363//1639 877//1636 
f 2361//1635 2362//1637 876//1634 
f 2360//1633 2361//1635 878//1632 
f 2359//1631 2360//1633 856//1630 
f 2358//1629 2359//1631 834//1628 
f 2357//1627 2358//1629 833//1626 
f 2356//1625 2357//1627 858//1624 
f 2355//1623 2356//1625 857//1622 
f 2354//1621 2355//1623 835//1620 
f 2353//1619 2354//1621 791//1618 
f 2352//1617 2353//1619 790//1616 
f 2351//1615 2352//1617 807//1614 
f 2350//1613 2351//1615 837//1612 
f 2349//1611 2350//1613 836//1610 
f 2348//1609 2349//1611 838//1608 
f 2347//1607 2348//1609 776//1606 
f 2346//1605 2347//1607 775//1604 
f 2345//1603 2346//1605 778//1602 
f 2344//1601 2345//1603 777//1600 
f 2343//1599 2344//1601 808//1598 
f 2342//1597 2343//1599 840//1596 
f 2341//1595 2342//1597 839//1594 
f 2340//1593 2341//1595 780//1592 
f 2339//1591 2340//1593 779//1590 
f 2338//1589 2339//1591 771//1588 
f 2337//1587 2338//1589 770//1586 
f 2336//1585 2337//1587 781//1584 
f 2335//1583 2336//1585 763//1582 
f 2334//1581 2335//1583 762//1580 
f 2333//1579 2334//1581 765//1578 
f 2332//1577 2333//1579 764//1576 
f 2331//1575 2332//1577 761//1574 
f 2330//1573 2331//1575 758//1572 
f 2329//1571 2330//1573 756//1570 
f 2328//1569 2329//1571 755//1568 
f 2327//1567 2328//1569 759//1566 
f 2326//1565 2327//1567 760//1564 
f 2325//1563 2326//1565 757//1562 
f 2324//1561 2325//1563 754//1560 
f 2323//1559 2324//1561 753//1558 
f 2322//1557 2323//1559 767//1556 
f 2321//1555 2322//1557 766//1554 
f 2320//1553 2321//1555 783//1552 
f 2319//1551 2320//1553 782//1550 
f 2318//1549 2319//1551 810//1548 
f 2317//1547 2318//1549 809//1546 
f 2316//1545 2317//1547 812//1544 
f 2315//1543 2316//1545 811//1542 
f 2314//1541 2315//1543 814//1540 
f 2313//1539 2314//1541 813//1538 
f 2312//1537 2313//1539 842//1536 
f 2311//1535 2312//1537 841//1534 
f 2310//1533 2311//1535 859//1532 
f 2309//1531 2310//1533 879//1530 
f 2308//1529 2309//1531 844//1528 
f 2307//1527 2308//1529 843//1526 
f 2306//1525 2307//1527 815//1524 
f 2305//1523 2306//1525 793//1522 
f 2304//1521 2305//1523 792//1520 
f 2303//1519 2304//1521 845//1518 
f 2302//1517 2303//1519 861//1516 
f 2301//1515 2302//1517 860//1514 
f 2300//1513 2301//1515 817//1512 
f 2299//1511 2300//1513 816//1510 
f 2298//1509 2299//1511 846//1508 
f 2297//1507 2298//1509 862//1506 
f 2296//1505 2297//1507 864//1504 
f 2295//1503 2296//1505 863//1502 
f 2294//1501 2295//1503 880//1500 
o mesh54
f 2221//1642 806//1642 805//1642 
f 805//1642 2366//1642 2221//1642 
o mesh55
f 2278//1644 2252//1644 2251//1644 
f 2343//1644 2328//1644 2327//1644 
f 2339//1644 2334//1644 2333//1644 
f 2335//1644 2338//1644 2337//1644 
f 2278//1644 2247//1644 2246//1644 
f 2251//1644 2250//1644 2278//1644 
f 2343//1644 2325//1644 2324//1644 
f 2327//1644 2326//1644 2343//1644 
f 2339//1644 2335//1644 2334//1644 
f 2335//1644 2339//1644 2338//1644 
f 2246//1644 2245//1644 2278//1644 
f 2250//1644 2249//1644 2278//1644 
f 2262//1644 2265//1644 2264//1644 
f 2262//1644 2267//1644 2266//1644 
f 2343//1644 2323//1644 2322//1644 
f 2326//1644 2325//1644 2343//1644 
f 2343//1644 2330//1644 2329//1644 
f 2343//1644 2332//1644 2331//1644 
f 2337//1644 2336//1644 2335//1644 
f 2332//1644 2341//1644 2340//1644 
f 2278//1644 2248//1644 2247//1644 
f 2278//1644 2253//1644 2252//1644 
f 2266//1644 2265//1644 2262//1644 
f 2324//1644 2323//1644 2343//1644 
f 2331//1644 2330//1644 2343//1644 
f 2340//1644 2339//1644 2332//1644 
f 2332//1644 2343//1644 2342//1644 
f 2249//1644 2248//1644 2278//1644 
f 2264//1644 2263//1644 2262//1644 
f 2258//1644 2272//1644 2271//1644 
f 2343//1644 2319//1644 2318//1644 
f 2343//1644 2321//1644 2320//1644 
f 2329//1644 2328//1644 2343//1644 
f 2342//1644 2341//1644 2332//1644 
f 2315//1644 2345//1644 2344//1644 
f 2315//1644 2351//1644 2350//1644 
f 2278//1644 2254//1644 2253//1644 
f 2278//1644 2256//1644 2255//1644 
f 2267//1644 2260//1644 2259//1644 
f 2262//1644 2261//1644 2267//1644 
f 2258//1644 2270//1644 2269//1644 
f 2258//1644 2273//1644 2272//1644 
f 2258//1644 2276//1644 2275//1644 
f 2258//1644 2278//1644 2277//1644 
f 2320//1644 2319//1644 2343//1644 
f 2333//1644 2332//1644 2339//1644 
f 2315//1644 2346//1644 2345//1644 
f 2350//1644 2349//1644 2315//1644 
f 2278//1644 2244//1644 2243//1644 
f 2255//1644 2254//1644 2278//1644 
f 2261//1644 2260//1644 2267//1644 
f 2269//1644 2268//1644 2258//1644 
f 2258//1644 2274//1644 2273//1644 
f 2277//1644 2276//1644 2258//1644 
f 2343//1644 2317//1644 2316//1644 
f 2322//1644 2321//1644 2343//1644 
f 2315//1644 2347//1644 2346//1644 
f 2349//1644 2348//1644 2315//1644 
f 2245//1644 2244//1644 2278//1644 
f 2278//1644 2258//1644 2257//1644 
f 2268//1644 2267//1644 2258//1644 
f 2275//1644 2274//1644 2258//1644 
f 2351//1644 2311//1644 2310//1644 
f 2318//1644 2317//1644 2343//1644 
f 2348//1644 2347//1644 2315//1644 
f 2278//1644 2231//1644 2230//1644 
f 2278//1644 2238//1644 2237//1644 
f 2257//1644 2256//1644 2278//1644 
f 2271//1644 2270//1644 2258//1644 
f 2351//1644 2305//1644 2304//1644 
f 2351//1644 2309//1644 2308//1644 
f 2351//1644 2312//1644 2311//1644 
f 2351//1644 2315//1644 2314//1644 
f 2344//1644 2343//1644 2315//1644 
f 2278//1644 2232//1644 2231//1644 
f 2278//1644 2236//1644 2235//1644 
f 2278//1644 2239//1644 2238//1644 
f 2278//1644 2242//1644 2241//1644 
f 2259//1644 2258//1644 2267//1644 
f 2351//1644 2306//1644 2305//1644 
f 2308//1644 2307//1644 2351//1644 
f 2351//1644 2313//1644 2312//1644 
f 2316//1644 2315//1644 2343//1644 
f 2303//1644 2353//1644 2352//1644 
f 2303//1644 2357//1644 2356//1644 
f 2278//1644 2233//1644 2232//1644 
f 2235//1644 2234//1644 2278//1644 
f 2278//1644 2240//1644 2239//1644 
f 2243//1644 2242//1644 2278//1644 
f 2229//1644 2280//1644 2279//1644 
f 2229//1644 2284//1644 2283//1644 
f 2307//1644 2306//1644 2351//1644 
f 2314//1644 2313//1644 2351//1644 
f 2303//1644 2354//1644 2353//1644 
f 2356//1644 2355//1644 2303//1644 
f 2234//1644 2233//1644 2278//1644 
f 2241//1644 2240//1644 2278//1644 
f 2229//1644 2281//1644 2280//1644 
f 2283//1644 2282//1644 2229//1644 
f 2229//1644 2290//1644 2289//1644 
f 2359//1644 2299//1644 2298//1644 
f 2310//1644 2309//1644 2351//1644 
f 2355//1644 2354//1644 2303//1644 
f 2292//1644 2226//1644 2225//1644 
f 2237//1644 2236//1644 2278//1644 
f 2282//1644 2281//1644 2229//1644 
f 2289//1644 2288//1644 2229//1644 
f 2359//1644 2300//1644 2299//1644 
f 2357//1644 2303//1644 2302//1644 
f 2352//1644 2351//1644 2303//1644 
f 2295//1644 2363//1644 2362//1644 
f 2292//1644 2227//1644 2226//1644 
f 2292//1644 2229//1644 2228//1644 
f 2279//1644 2278//1644 2229//1644 
f 2229//1644 2286//1644 2285//1644 
f 2288//1644 2287//1644 2229//1644 
f 2229//1644 2292//1644 2291//1644 
f 2359//1644 2297//1644 2296//1644 
f 2359//1644 2301//1644 2300//1644 
f 2304//1644 2303//1644 2351//1644 
f 2301//1644 2359//1644 2358//1644 
f 2362//1644 2361//1644 2295//1644 
f 2292//1644 2224//1644 2223//1644 
f 2228//1644 2227//1644 2292//1644 
f 2285//1644 2284//1644 2229//1644 
f 2291//1644 2290//1644 2229//1644 
f 2298//1644 2297//1644 2359//1644 
f 2358//1644 2357//1644 2301//1644 
f 2361//1644 2360//1644 2295//1644 
f 2295//1644 2365//1644 2364//1644 
f 2225//1644 2224//1644 2292//1644 
f 2287//1644 2286//1644 2229//1644 
f 2302//1644 2301//1644 2357//1644 
f 2364//1644 2363//1644 2295//1644 
f 2230//1644 2229//1644 2278//1644 
f 2360//1644 2359//1644 2295//1644 
f 2222//1644 2293//1644 2292//1644 
f 2296//1644 2295//1644 2359//1644 
f 2223//1644 2222//1644 2292//1644 
f 2293//1644 2221//1644 2366//1644 
f 2294//1644 2366//1644 2365//1644 
f 2366//1644 2294//1644 2293//1644 
f 2222//1644 2221//1644 2293//1644 
f 2295//1644 2294//1644 2365//1644 
o mesh56
f 750//1645 747//1646 2367//1646 
f 734//1647 750//1645 2368//1648 
f 735//1649 734//1647 2369//1650 
f 733//1651 735//1649 2370//1652 
f 718//1653 733//1651 2371//1654 
f 695//1655 718//1653 2372//1656 
f 696//1657 695//1655 2373//1658 
f 716//1659 696//1657 2374//1660 
f 717//1661 716//1659 2375//1662 
f 668//1663 717//1661 2376//1664 
f 644//1665 668//1663 2377//1666 
f 645//1667 644//1665 2378//1668 
f 694//1669 645//1667 2379//1670 
f 692//1671 694//1669 2380//1672 
f 693//1673 692//1671 2381//1674 
f 732//1675 693//1673 2382//1676 
f 715//1677 732//1675 2383//1678 
f 690//1679 715//1677 2384//1680 
f 691//1681 690//1679 2385//1682 
f 688//1683 691//1681 2386//1684 
f 689//1685 688//1683 2387//1686 
f 642//1687 689//1685 2388//1688 
f 643//1689 642//1687 2389//1690 
f 667//1691 643//1689 2390//1692 
f 666//1693 667//1691 2391//1694 
f 624//1695 666//1693 2392//1696 
f 625//1697 624//1695 2393//1698 
f 635//1699 625//1697 2394//1700 
f 641//1701 635//1699 2395//1702 
f 714//1703 641//1701 2396//1704 
f 687//1705 714//1703 2397//1706 
f 664//1707 687//1705 2398//1708 
f 665//1709 664//1707 2399//1710 
f 730//1711 665//1709 2400//1712 
f 731//1713 730//1711 2401//1714 
f 729//1715 731//1713 2402//1716 
f 745//1717 729//1715 2403//1718 
f 662//1719 745//1717 2404//1720 
f 663//1721 662//1719 2405//1722 
f 686//1723 663//1721 2406//1724 
f 713//1725 686//1723 2407//1726 
f 685//1727 713//1725 2408//1728 
f 660//1729 685//1727 2409//1730 
f 661//1731 660//1729 2410//1732 
f 658//1733 661//1731 2411//1734 
f 659//1735 658//1733 2412//1736 
f 684//1737 659//1735 2413//1738 
f 727//1739 684//1737 2414//1740 
f 728//1741 727//1739 2415//1742 
f 744//1743 728//1741 2416//1744 
f 726//1745 744//1743 2417//1746 
f 711//1747 726//1745 2418//1748 
f 712//1749 711//1747 2419//1750 
f 742//1751 712//1749 2420//1752 
f 743//1753 742//1751 2421//1754 
f 740//1755 743//1753 2422//1756 
f 741//1757 740//1755 2423//1758 
f 739//1759 741//1757 2424//1760 
f 709//1761 739//1759 2425//1762 
f 710//1763 709//1761 2426//1764 
f 725//1765 710//1763 2427//1766 
f 748//1767 725//1765 2428//1768 
f 749//1769 748//1767 2429//1770 
f 682//1771 749//1769 2430//1772 
f 683//1773 682//1771 2431//1774 
f 708//1775 683//1773 2432//1776 
f 724//1777 708//1775 2433//1778 
f 722//1779 724//1777 2434//1780 
f 723//1781 722//1779 2435//1782 
f 707//1783 723//1781 2436//1784 
f 681//1785 707//1783 2437//1786 
f 640//1787 681//1785 2438//1788 
f 2438//1788 2439//1787 640//1787 
f 2437//1786 2438//1788 681//1785 
f 2436//1784 2437//1786 707//1783 
f 2435//1782 2436//1784 723//1781 
f 2434//1780 2435//1782 722//1779 
f 2433//1778 2434//1780 724//1777 
f 2432//1776 2433//1778 708//1775 
f 2431//1774 2432//1776 683//1773 
f 2430//1772 2431//1774 682//1771 
f 2429//1770 2430//1772 749//1769 
f 2428//1768 2429//1770 748//1767 
f 2427//1766 2428//1768 725//1765 
f 2426//1764 2427//1766 710//1763 
f 2425//1762 2426//1764 709//1761 
f 2424//1760 2425//1762 739//1759 
f 2423//1758 2424//1760 741//1757 
f 2422//1756 2423//1758 740//1755 
f 2421//1754 2422//1756 743//1753 
f 2420//1752 2421//1754 742//1751 
f 2419//1750 2420//1752 712//1749 
f 2418//1748 2419//1750 711//1747 
f 2417//1746 2418//1748 726//1745 
f 2416//1744 2417//1746 744//1743 
f 2415//1742 2416//1744 728//1741 
f 2414//1740 2415//1742 727//1739 
f 2413//1738 2414//1740 684//1737 
f 2412//1736 2413//1738 659//1735 
f 2411//1734 2412//1736 658//1733 
f 2410//1732 2411//1734 661//1731 
f 2409//1730 2410//1732 660//1729 
f 2408//1728 2409//1730 685//1727 
f 2407//1726 2408//1728 713//1725 
f 2406//1724 2407//1726 686//1723 
f 2405//1722 2406//1724 663//1721 
f 2404//1720 2405//1722 662//1719 
f 2403//1718 2404//1720 745//1717 
f 2402//1716 2403//1718 729//1715 
f 2401//1714 2402//1716 731//1713 
f 2400//1712 2401//1714 730//1711 
f 2399//1710 2400//1712 665//1709 
f 2398//1708 2399//1710 664//1707 
f 2397//1706 2398//1708 687//1705 
f 2396//1704 2397//1706 714//1703 
f 2395//1702 2396//1704 641//1701 
f 2394//1700 2395//1702 635//1699 
f 2393//1698 2394//1700 625//1697 
f 2392//1696 2393//1698 624//1695 
f 2391//1694 2392//1696 666//1693 
f 2390//1692 2391//1694 667//1691 
f 2389//1690 2390//1692 643//1689 
f 2388//1688 2389//1690 642//1687 
f 2387//1686 2388//1688 689//1685 
f 2386//1684 2387//1686 688//1683 
f 2385//1682 2386//1684 691//1681 
f 2384//1680 2385//1682 690//1679 
f 2383//1678 2384//1680 715//1677 
f 2382//1676 2383//1678 732//1675 
f 2381//1674 2382//1676 693//1673 
f 2380//1672 2381//1674 692//1671 
f 2379//1670 2380//1672 694//1669 
f 2378//1668 2379//1670 645//1667 
f 2377//1666 2378//1668 644//1665 
f 2376//1664 2377//1666 668//1663 
f 2375//1662 2376//1664 717//1661 
f 2374//1660 2375//1662 716//1659 
f 2373//1658 2374//1660 696//1657 
f 2372//1656 2373//1658 695//1655 
f 2371//1654 2372//1656 718//1653 
f 2370//1652 2371//1654 733//1651 
f 2369//1650 2370//1652 735//1649 
f 2368//1648 2369//1650 734//1647 
f 2367//1646 2368//1648 750//1645 
o mesh57
f 2440//1787 657//1787 640//1787 
f 640//1787 2439//1787 2440//1787 
o mesh58
f 721//1789 657//1790 2440//1790 
f 705//1791 721//1789 2441//1792 
f 706//1793 705//1791 2442//1794 
f 704//1795 706//1793 2443//1796 
f 680//1797 704//1795 2444//1798 
f 655//1799 680//1797 2445//1800 
f 656//1801 655//1799 2446//1802 
f 702//1803 656//1801 2447//1804 
f 703//1805 702//1803 2448//1806 
f 679//1807 703//1805 2449//1808 
f 638//1809 679//1807 2450//1810 
f 639//1811 638//1809 2451//1812 
f 654//1813 639//1811 2452//1814 
f 677//1815 654//1813 2453//1816 
f 678//1817 677//1815 2454//1818 
f 720//1819 678//1817 2455//1820 
f 701//1821 720//1819 2456//1822 
f 675//1823 701//1821 2457//1824 
f 676//1825 675//1823 2458//1826 
f 652//1827 676//1825 2459//1828 
f 653//1829 652//1827 2460//1830 
f 650//1831 653//1829 2461//1832 
f 651//1833 650//1831 2462//1834 
f 648//1835 651//1833 2463//1836 
f 649//1837 648//1835 2464//1838 
f 633//1839 649//1837 2465//1840 
f 634//1841 633//1839 2466//1842 
f 620//1843 634//1841 2467//1844 
f 621//1845 620//1843 2468//1846 
f 607//1847 621//1845 2469//1848 
f 608//1849 607//1847 2470//1850 
f 611//1851 608//1849 2471//1852 
f 614//1853 611//1851 2472//1854 
f 613//1855 614//1853 2473//1856 
f 609//1857 613//1855 2474//1858 
f 610//1859 609//1857 2475//1860 
f 612//1861 610//1859 2476//1862 
f 615//1863 612//1861 2477//1864 
f 618//1865 615//1863 2478//1866 
f 619//1867 618//1865 2479//1868 
f 616//1869 619//1867 2480//1870 
f 617//1871 616//1869 2481//1872 
f 632//1873 617//1871 2482//1874 
f 622//1875 632//1873 2483//1876 
f 623//1877 622//1875 2484//1878 
f 630//1879 623//1877 2485//1880 
f 631//1881 630//1879 2486//1882 
f 673//1883 631//1881 2487//1884 
f 674//1885 673//1883 2488//1886 
f 647//1887 674//1885 2489//1888 
f 628//1889 647//1887 2490//1890 
f 629//1891 628//1889 2491//1892 
f 626//1893 629//1891 2492//1894 
f 627//1895 626//1893 2493//1896 
f 672//1897 627//1895 2494//1898 
f 670//1899 672//1897 2495//1900 
f 671//1901 670//1899 2496//1902 
f 646//1903 671//1901 2497//1904 
f 636//1905 646//1903 2498//1906 
f 637//1907 636//1905 2499//1908 
f 669//1909 637//1907 2500//1910 
f 699//1911 669//1909 2501//1912 
f 700//1913 699//1911 2502//1914 
f 697//1915 700//1913 2503//1916 
f 698//1917 697//1915 2504//1918 
f 719//1919 698//1917 2505//1920 
f 738//1921 719//1919 2506//1922 
f 736//1923 738//1921 2507//1924 
f 737//1925 736//1923 2508//1926 
f 752//1927 737//1925 2509//1928 
f 751//1929 752//1927 2510//1930 
f 746//1931 751//1929 2511//1932 
f 2511//1932 2512//1931 746//1931 
f 2510//1930 2511//1932 751//1929 
f 2509//1928 2510//1930 752//1927 
f 2508//1926 2509//1928 737//1925 
f 2507//1924 2508//1926 736//1923 
f 2506//1922 2507//1924 738//1921 
f 2505//1920 2506//1922 719//1919 
f 2504//1918 2505//1920 698//1917 
f 2503//1916 2504//1918 697//1915 
f 2502//1914 2503//1916 700//1913 
f 2501//1912 2502//1914 699//1911 
f 2500//1910 2501//1912 669//1909 
f 2499//1908 2500//1910 637//1907 
f 2498//1906 2499//1908 636//1905 
f 2497//1904 2498//1906 646//1903 
f 2496//1902 2497//1904 671//1901 
f 2495//1900 2496//1902 670//1899 
f 2494//1898 2495//1900 672//1897 
f 2493//1896 2494//1898 627//1895 
f 2492//1894 2493//1896 626//1893 
f 2491//1892 2492//1894 629//1891 
f 2490//1890 2491//1892 628//1889 
f 2489//1888 2490//1890 647//1887 
f 2488//1886 2489//1888 674//1885 
f 2487//1884 2488//1886 673//1883 
f 2486//1882 2487//1884 631//1881 
f 2485//1880 2486//1882 630//1879 
f 2484//1878 2485//1880 623//1877 
f 2483//1876 2484//1878 622//1875 
f 2482//1874 2483//1876 632//1873 
f 2481//1872 2482//1874 617//1871 
f 2480//1870 2481//1872 616//1869 
f 2479//1868 2480//1870 619//1867 
f 2478//1866 2479//1868 618//1865 
f 2477//1864 2478//1866 615//1863 
f 2476//1862 2477//1864 612//1861 
f 2475//1860 2476//1862 610//1859 
f 2474//1858 2475//1860 609//1857 
f 2473//1856 2474//1858 613//1855 
f 2472//1854 2473//1856 614//1853 
f 2471//1852 2472//1854 611//1851 
f 2470//1850 2471//1852 608//1849 
f 2469//1848 2470//1850 607//1847 
f 2468//1846 2469//1848 621//1845 
f 2467//1844 2468//1846 620//1843 
f 2466//1842 2467//1844 634//1841 
f 2465//1840 2466//1842 633//1839 
f 2464//1838 2465//1840 649//1837 
f 2463//1836 2464//1838 648//1835 
f 2462//1834 2463//1836 651//1833 
f 2461//1832 2462//1834 650//1831 
f 2460//1830 2461//1832 653//1829 
f 2459//1828 2460//1830 652//1827 
f 2458//1826 2459//1828 676//1825 
f 2457//1824 2458//1826 675//1823 
f 2456//1822 2457//1824 701//1821 
f 2455//1820 2456//1822 720//1819 
f 2454//1818 2455//1820 678//1817 
f 2453//1816 2454//1818 677//1815 
f 2452//1814 2453//1816 654//1813 
f 2451//1812 2452//1814 639//1811 
f 2450//1810 2451//1812 638//1809 
f 2449//1808 2450//1810 679//1807 
f 2448//1806 2449//1808 703//1805 
f 2447//1804 2448//1806 702//1803 
f 2446//1802 2447//1804 656//1801 
f 2445//1800 2446//1802 655//1799 
f 2444//1798 2445//1800 680//1797 
f 2443//1796 2444//1798 704//1795 
f 2442//1794 2443//1796 706//1793 
f 2441//1792 2442//1794 705//1791 
f 2440//1790 2441//1792 721//1789 
o mesh59
f 2367//1931 747//1931 746//1931 
f 746//1931 2512//1931 2367//1931 
o mesh60
f 2489//1933 2474//1933 2473//1933 
f 2485//1933 2480//1933 2479//1933 
f 2481//1933 2484//1933 2483//1933 
f 2489//1933 2471//1933 2470//1933 
f 2473//1933 2472//1933 2489//1933 
f 2485//1933 2481//1933 2480//1933 
f 2481//1933 2485//1933 2484//1933 
f 2424//1933 2398//1933 2397//1933 
f 2489//1933 2469//1933 2468//1933 
f 2472//1933 2471//1933 2489//1933 
f 2489//1933 2476//1933 2475//1933 
f 2489//1933 2478//1933 2477//1933 
f 2483//1933 2482//1933 2481//1933 
f 2478//1933 2487//1933 2486//1933 
f 2424//1933 2393//1933 2392//1933 
f 2397//1933 2396//1933 2424//1933 
f 2470//1933 2469//1933 2489//1933 
f 2477//1933 2476//1933 2489//1933 
f 2486//1933 2485//1933 2478//1933 
f 2478//1933 2489//1933 2488//1933 
f 2392//1933 2391//1933 2424//1933 
f 2396//1933 2395//1933 2424//1933 
f 2408//1933 2411//1933 2410//1933 
f 2408//1933 2413//1933 2412//1933 
f 2489//1933 2465//1933 2464//1933 
f 2489//1933 2467//1933 2466//1933 
f 2475//1933 2474//1933 2489//1933 
f 2488//1933 2487//1933 2478//1933 
f 2461//1933 2491//1933 2490//1933 
f 2461//1933 2497//1933 2496//1933 
f 2424//1933 2394//1933 2393//1933 
f 2424//1933 2399//1933 2398//1933 
f 2412//1933 2411//1933 2408//1933 
f 2466//1933 2465//1933 2489//1933 
f 2479//1933 2478//1933 2485//1933 
f 2461//1933 2492//1933 2491//1933 
f 2496//1933 2495//1933 2461//1933 
f 2395//1933 2394//1933 2424//1933 
f 2410//1933 2409//1933 2408//1933 
f 2404//1933 2418//1933 2417//1933 
f 2489//1933 2463//1933 2462//1933 
f 2468//1933 2467//1933 2489//1933 
f 2461//1933 2493//1933 2492//1933 
f 2495//1933 2494//1933 2461//1933 
f 2424//1933 2400//1933 2399//1933 
f 2424//1933 2402//1933 2401//1933 
f 2413//1933 2406//1933 2405//1933 
f 2408//1933 2407//1933 2413//1933 
f 2404//1933 2416//1933 2415//1933 
f 2404//1933 2419//1933 2418//1933 
f 2404//1933 2422//1933 2421//1933 
f 2404//1933 2424//1933 2423//1933 
f 2497//1933 2457//1933 2456//1933 
f 2464//1933 2463//1933 2489//1933 
f 2494//1933 2493//1933 2461//1933 
f 2424//1933 2390//1933 2389//1933 
f 2401//1933 2400//1933 2424//1933 
f 2407//1933 2406//1933 2413//1933 
f 2415//1933 2414//1933 2404//1933 
f 2404//1933 2420//1933 2419//1933 
f 2423//1933 2422//1933 2404//1933 
f 2497//1933 2451//1933 2450//1933 
f 2497//1933 2455//1933 2454//1933 
f 2497//1933 2458//1933 2457//1933 
f 2497//1933 2461//1933 2460//1933 
f 2490//1933 2489//1933 2461//1933 
f 2391//1933 2390//1933 2424//1933 
f 2424//1933 2404//1933 2403//1933 
f 2414//1933 2413//1933 2404//1933 
f 2421//1933 2420//1933 2404//1933 
f 2497//1933 2452//1933 2451//1933 
f 2454//1933 2453//1933 2497//1933 
f 2497//1933 2459//1933 2458//1933 
f 2462//1933 2461//1933 2489//1933 
f 2449//1933 2499//1933 2498//1933 
f 2449//1933 2503//1933 2502//1933 
f 2424//1933 2384//1933 2383//1933 
f 2403//1933 2402//1933 2424//1933 
f 2417//1933 2416//1933 2404//1933 
f 2453//1933 2452//1933 2497//1933 
f 2460//1933 2459//1933 2497//1933 
f 2449//1933 2500//1933 2499//1933 
f 2502//1933 2501//1933 2449//1933 
f 2424//1933 2378//1933 2377//1933 
f 2424//1933 2382//1933 2381//1933 
f 2424//1933 2385//1933 2384//1933 
f 2424//1933 2388//1933 2387//1933 
f 2405//1933 2404//1933 2413//1933 
f 2505//1933 2445//1933 2444//1933 
f 2456//1933 2455//1933 2497//1933 
f 2501//1933 2500//1933 2449//1933 
f 2424//1933 2379//1933 2378//1933 
f 2381//1933 2380//1933 2424//1933 
f 2424//1933 2386//1933 2385//1933 
f 2389//1933 2388//1933 2424//1933 
f 2376//1933 2426//1933 2425//1933 
f 2376//1933 2430//1933 2429//1933 
f 2505//1933 2446//1933 2445//1933 
f 2503//1933 2449//1933 2448//1933 
f 2498//1933 2497//1933 2449//1933 
f 2441//1933 2509//1933 2508//1933 
f 2380//1933 2379//1933 2424//1933 
f 2387//1933 2386//1933 2424//1933 
f 2376//1933 2427//1933 2426//1933 
f 2429//1933 2428//1933 2376//1933 
f 2505//1933 2443//1933 2442//1933 
f 2505//1933 2447//1933 2446//1933 
f 2450//1933 2449//1933 2497//1933 
f 2447//1933 2505//1933 2504//1933 
f 2508//1933 2507//1933 2441//1933 
f 2432//1933 2372//1933 2371//1933 
f 2383//1933 2382//1933 2424//1933 
f 2428//1933 2427//1933 2376//1933 
f 2444//1933 2443//1933 2505//1933 
f 2504//1933 2503//1933 2447//1933 
f 2507//1933 2506//1933 2441//1933 
f 2441//1933 2511//1933 2510//1933 
f 2432//1933 2369//1933 2368//1933 
f 2432//1933 2373//1933 2372//1933 
f 2430//1933 2376//1933 2375//1933 
f 2425//1933 2424//1933 2376//1933 
f 2367//1933 2436//1933 2435//1933 
f 2448//1933 2447//1933 2503//1933 
f 2510//1933 2509//1933 2441//1933 
f 2432//1933 2370//1933 2369//1933 
f 2432//1933 2374//1933 2373//1933 
f 2377//1933 2376//1933 2424//1933 
f 2374//1933 2432//1933 2431//1933 
f 2435//1933 2434//1933 2367//1933 
f 2506//1933 2505//1933 2441//1933 
f 2371//1933 2370//1933 2432//1933 
f 2431//1933 2430//1933 2374//1933 
f 2434//1933 2433//1933 2367//1933 
f 2367//1933 2438//1933 2437//1933 
f 2441//1933 2512//1933 2511//1933 
f 2375//1933 2374//1933 2430//1933 
f 2437//1933 2436//1933 2367//1933 
f 2442//1933 2441//1933 2505//1933 
f 2440//1933 2439//1933 2367//1933 
f 2433//1933 2432//1933 2367//1933 
f 2367//1933 2512//1933 2440//1933 
f 2367//1933 2439//1933 2438//1933 
f 2368//1933 2367//1933 2432//1933 
f 2441//1933 2440//1933 2512//1933 
o mesh61
f 582//1934 519//1935 2513//1935 
f 537//1936 582//1934 2514//1937 
f 538//1938 537//1936 2515//1939 
f 517//1940 538//1938 2516//1941 
f 496//1942 517//1940 2517//1943 
f 497//1944 496//1942 2518//1945 
f 515//1946 497//1944 2519//1947 
f 516//1948 515//1946 2520//1949 
f 565//1950 516//1948 2521//1951 
f 495//1952 565//1950 2522//1953 
f 481//1954 495//1952 2523//1955 
f 482//1956 481//1954 2524//1957 
f 514//1958 482//1956 2525//1959 
f 512//1960 514//1958 2526//1961 
f 513//1962 512//1960 2527//1963 
f 581//1964 513//1962 2528//1965 
f 564//1966 581//1964 2529//1967 
f 535//1968 564//1966 2530//1969 
f 536//1970 535//1968 2531//1971 
f 533//1972 536//1970 2532//1973 
f 534//1974 533//1972 2533//1975 
f 493//1976 534//1974 2534//1977 
f 494//1978 493//1976 2535//1979 
f 511//1980 494//1978 2536//1981 
f 510//1982 511//1980 2537//1983 
f 476//1984 510//1982 2538//1985 
f 477//1986 476//1984 2539//1987 
f 480//1988 477//1986 2540//1989 
f 492//1990 480//1988 2541//1991 
f 563//1992 492//1990 2542//1993 
f 532//1994 563//1992 2543//1995 
f 508//1996 532//1994 2544//1997 
f 509//1998 508//1996 2545//1999 
f 580//2000 509//1998 2546//2001 
f 561//2002 580//2000 2547//2003 
f 562//2004 561//2002 2548//2005 
f 598//2006 562//2004 2549//2007 
f 506//2008 598//2006 2550//2009 
f 507//2010 506//2008 2551//2011 
f 531//2012 507//2010 2552//2013 
f 560//2014 531//2012 2553//2015 
f 530//2016 560//2014 2554//2017 
f 504//2018 530//2016 2555//2019 
f 505//2020 504//2018 2556//2021 
f 502//2022 505//2020 2557//2023 
f 503//2024 502//2022 2558//2025 
f 529//2026 503//2024 2559//2027 
f 578//2028 529//2026 2560//2029 
f 579//2030 578//2028 2561//2031 
f 597//2032 579//2030 2562//2033 
f 577//2034 597//2032 2563//2035 
f 558//2036 577//2034 2564//2037 
f 559//2038 558//2036 2565//2039 
f 595//2040 559//2038 2566//2041 
f 596//2042 595//2040 2567//2043 
f 593//2044 596//2042 2568//2045 
f 594//2046 593//2044 2569//2047 
f 592//2048 594//2046 2570//2049 
f 556//2050 592//2048 2571//2051 
f 557//2052 556//2050 2572//2053 
f 576//2054 557//2052 2573//2055 
f 604//2056 576//2054 2574//2057 
f 605//2058 604//2056 2575//2059 
f 574//2060 605//2058 2576//2061 
f 575//2062 574//2060 2577//2063 
f 591//2064 575//2062 2578//2065 
f 603//2066 591//2064 2579//2067 
f 601//2068 603//2066 2580//2069 
f 602//2070 601//2068 2581//2071 
f 606//2072 602//2070 2582//2073 
f 573//2074 606//2072 2583//2075 
f 555//2076 573//2074 2584//2077 
f 2584//2077 2585//2076 555//2076 
f 2583//2075 2584//2077 573//2074 
f 2582//2073 2583//2075 606//2072 
f 2581//2071 2582//2073 602//2070 
f 2580//2069 2581//2071 601//2068 
f 2579//2067 2580//2069 603//2066 
f 2578//2065 2579//2067 591//2064 
f 2577//2063 2578//2065 575//2062 
f 2576//2061 2577//2063 574//2060 
f 2575//2059 2576//2061 605//2058 
f 2574//2057 2575//2059 604//2056 
f 2573//2055 2574//2057 576//2054 
f 2572//2053 2573//2055 557//2052 
f 2571//2051 2572//2053 556//2050 
f 2570//2049 2571//2051 592//2048 
f 2569//2047 2570//2049 594//2046 
f 2568//2045 2569//2047 593//2044 
f 2567//2043 2568//2045 596//2042 
f 2566//2041 2567//2043 595//2040 
f 2565//2039 2566//2041 559//2038 
f 2564//2037 2565//2039 558//2036 
f 2563//2035 2564//2037 577//2034 
f 2562//2033 2563//2035 597//2032 
f 2561//2031 2562//2033 579//2030 
f 2560//2029 2561//2031 578//2028 
f 2559//2027 2560//2029 529//2026 
f 2558//2025 2559//2027 503//2024 
f 2557//2023 2558//2025 502//2022 
f 2556//2021 2557//2023 505//2020 
f 2555//2019 2556//2021 504//2018 
f 2554//2017 2555//2019 530//2016 
f 2553//2015 2554//2017 560//2014 
f 2552//2013 2553//2015 531//2012 
f 2551//2011 2552//2013 507//2010 
f 2550//2009 2551//2011 506//2008 
f 2549//2007 2550//2009 598//2006 
f 2548//2005 2549//2007 562//2004 
f 2547//2003 2548//2005 561//2002 
f 2546//2001 2547//2003 580//2000 
f 2545//1999 2546//2001 509//1998 
f 2544//1997 2545//1999 508//1996 
f 2543//1995 2544//1997 532//1994 
f 2542//1993 2543//1995 563//1992 
f 2541//1991 2542//1993 492//1990 
f 2540//1989 2541//1991 480//1988 
f 2539//1987 2540//1989 477//1986 
f 2538//1985 2539//1987 476//1984 
f 2537//1983 2538//1985 510//1982 
f 2536//1981 2537//1983 511//1980 
f 2535//1979 2536//1981 494//1978 
f 2534//1977 2535//1979 493//1976 
f 2533//1975 2534//1977 534//1974 
f 2532//1973 2533//1975 533//1972 
f 2531//1971 2532//1973 536//1970 
f 2530//1969 2531//1971 535//1968 
f 2529//1967 2530//1969 564//1966 
f 2528//1965 2529//1967 581//1964 
f 2527//1963 2528//1965 513//1962 
f 2526//1961 2527//1963 512//1960 
f 2525//1959 2526//1961 514//1958 
f 2524//1957 2525//1959 482//1956 
f 2523//1955 2524//1957 481//1954 
f 2522//1953 2523//1955 495//1952 
f 2521//1951 2522//1953 565//1950 
f 2520//1949 2521//1951 516//1948 
f 2519//1947 2520//1949 515//1946 
f 2518//1945 2519//1947 497//1944 
f 2517//1943 2518//1945 496//1942 
f 2516//1941 2517//1943 517//1940 
f 2515//1939 2516//1941 538//1938 
f 2514//1937 2515//1939 537//1936 
f 2513//1935 2514//1937 582//1934 
o mesh62
f 2586//2076 590//2076 555//2076 
f 555//2076 2585//2076 2586//2076 
o mesh63
f 600//2078 590//2079 2586//2079 
f 588//2080 600//2078 2587//2081 
f 589//2082 588//2080 2588//2083 
f 587//2084 589//2082 2589//2085 
f 572//2086 587//2084 2590//2087 
f 553//2088 572//2086 2591//2089 
f 554//2090 553//2088 2592//2091 
f 570//2092 554//2090 2593//2093 
f 571//2094 570//2092 2594//2095 
f 552//2096 571//2094 2595//2097 
f 500//2098 552//2096 2596//2099 
f 501//2100 500//2098 2597//2101 
f 528//2102 501//2100 2598//2103 
f 550//2104 528//2102 2599//2105 
f 551//2106 550//2104 2600//2107 
f 586//2108 551//2106 2601//2109 
f 569//2110 586//2108 2602//2111 
f 548//2112 569//2110 2603//2113 
f 549//2114 548//2112 2604//2115 
f 526//2116 549//2114 2605//2117 
f 527//2118 526//2116 2606//2119 
f 524//2120 527//2118 2607//2121 
f 525//2122 524//2120 2608//2123 
f 522//2124 525//2122 2609//2125 
f 523//2126 522//2124 2610//2127 
f 490//2128 523//2126 2611//2129 
f 491//2130 490//2128 2612//2131 
f 474//2132 491//2130 2613//2133 
f 475//2134 474//2132 2614//2135 
f 461//2136 475//2134 2615//2137 
f 462//2138 461//2136 2616//2139 
f 464//2140 462//2138 2617//2141 
f 468//2142 464//2140 2618//2143 
f 466//2144 468//2142 2619//2145 
f 467//2146 466//2144 2620//2147 
f 463//2148 467//2146 2621//2149 
f 465//2150 463//2148 2622//2151 
f 469//2152 465//2150 2623//2153 
f 472//2154 469//2152 2624//2155 
f 473//2156 472//2154 2625//2157 
f 470//2158 473//2156 2626//2159 
f 471//2160 470//2158 2627//2161 
f 489//2162 471//2160 2628//2163 
f 478//2164 489//2162 2629//2165 
f 479//2166 478//2164 2630//2167 
f 487//2168 479//2166 2631//2169 
f 488//2170 487//2168 2632//2171 
f 546//2172 488//2170 2633//2173 
f 547//2174 546//2172 2634//2175 
f 521//2176 547//2174 2635//2177 
f 485//2178 521//2176 2636//2179 
f 486//2180 485//2178 2637//2181 
f 483//2182 486//2180 2638//2183 
f 484//2184 483//2182 2639//2185 
f 545//2186 484//2184 2640//2187 
f 543//2188 545//2186 2641//2189 
f 544//2190 543//2188 2642//2191 
f 520//2192 544//2190 2643//2193 
f 498//2194 520//2192 2644//2195 
f 499//2196 498//2194 2645//2197 
f 542//2198 499//2196 2646//2199 
f 567//2200 542//2198 2647//2201 
f 568//2202 567//2200 2648//2203 
f 540//2204 568//2202 2649//2205 
f 541//2206 540//2204 2650//2207 
f 566//2208 541//2206 2651//2209 
f 585//2210 566//2208 2652//2211 
f 583//2212 585//2210 2653//2213 
f 584//2214 583//2212 2654//2215 
f 599//2216 584//2214 2655//2217 
f 539//2218 599//2216 2656//2219 
f 518//2220 539//2218 2657//2221 
f 2657//2221 2658//2220 518//2220 
f 2656//2219 2657//2221 539//2218 
f 2655//2217 2656//2219 599//2216 
f 2654//2215 2655//2217 584//2214 
f 2653//2213 2654//2215 583//2212 
f 2652//2211 2653//2213 585//2210 
f 2651//2209 2652//2211 566//2208 
f 2650//2207 2651//2209 541//2206 
f 2649//2205 2650//2207 540//2204 
f 2648//2203 2649//2205 568//2202 
f 2647//2201 2648//2203 567//2200 
f 2646//2199 2647//2201 542//2198 
f 2645//2197 2646//2199 499//2196 
f 2644//2195 2645//2197 498//2194 
f 2643//2193 2644//2195 520//2192 
f 2642//2191 2643//2193 544//2190 
f 2641//2189 2642//2191 543//2188 
f 2640//2187 2641//2189 545//2186 
f 2639//2185 2640//2187 484//2184 
f 2638//2183 2639//2185 483//2182 
f 2637//2181 2638//2183 486//2180 
f 2636//2179 2637//2181 485//2178 
f 2635//2177 2636//2179 521//2176 
f 2634//2175 2635//2177 547//2174 
f 2633//2173 2634//2175 546//2172 
f 2632//2171 2633//2173 488//2170 
f 2631//2169 2632//2171 487//2168 
f 2630//2167 2631//2169 479//2166 
f 2629//2165 2630//2167 478//2164 
f 2628//2163 2629//2165 489//2162 
f 2627//2161 2628//2163 471//2160 
f 2626//2159 2627//2161 470//2158 
f 2625//2157 2626//2159 473//2156 
f 2624//2155 2625//2157 472//2154 
f 2623//2153 2624//2155 469//2152 
f 2622//2151 2623//2153 465//2150 
f 2621//2149 2622//2151 463//2148 
f 2620//2147 2621//2149 467//2146 
f 2619//2145 2620//2147 466//2144 
f 2618//2143 2619//2145 468//2142 
f 2617//2141 2618//2143 464//2140 
f 2616//2139 2617//2141 462//2138 
f 2615//2137 2616//2139 461//2136 
f 2614//2135 2615//2137 475//2134 
f 2613//2133 2614//2135 474//2132 
f 2612//2131 2613//2133 491//2130 
f 2611//2129 2612//2131 490//2128 
f 2610//2127 2611//2129 523//2126 
f 2609//2125 2610//2127 522//2124 
f 2608//2123 2609//2125 525//2122 
f 2607//2121 2608//2123 524//2120 
f 2606//2119 2607//2121 527//2118 
f 2605//2117 2606//2119 526//2116 
f 2604//2115 2605//2117 549//2114 
f 2603//2113 2604//2115 548//2112 
f 2602//2111 2603//2113 569//2110 
f 2601//2109 2602//2111 586//2108 
f 2600//2107 2601//2109 551//2106 
f 2599//2105 2600//2107 550//2104 
f 2598//2103 2599//2105 528//2102 
f 2597//2101 2598//2103 501//2100 
f 2596//2099 2597//2101 500//2098 
f 2595//2097 2596//2099 552//2096 
f 2594//2095 2595//2097 571//2094 
f 2593//2093 2594//2095 570//2092 
f 2592//2091 2593//2093 554//2090 
f 2591//2089 2592//2091 553//2088 
f 2590//2087 2591//2089 572//2086 
f 2589//2085 2590//2087 587//2084 
f 2588//2083 2589//2085 589//2082 
f 2587//2081 2588//2083 588//2080 
f 2586//2079 2587//2081 600//2078 
o mesh64
f 2513//2220 519//2220 518//2220 
f 518//2220 2658//2220 2513//2220 
o mesh65
f 2570//2222 2544//2222 2543//2222 
f 2570//2222 2539//2222 2538//2222 
f 2543//2222 2542//2222 2570//2222 
f 2635//2222 2620//2222 2619//2222 
f 2631//2222 2626//2222 2625//2222 
f 2627//2222 2630//2222 2629//2222 
f 2538//2222 2537//2222 2570//2222 
f 2542//2222 2541//2222 2570//2222 
f 2554//2222 2557//2222 2556//2222 
f 2554//2222 2559//2222 2558//2222 
f 2635//2222 2617//2222 2616//2222 
f 2619//2222 2618//2222 2635//2222 
f 2631//2222 2627//2222 2626//2222 
f 2627//2222 2631//2222 2630//2222 
f 2570//2222 2540//2222 2539//2222 
f 2570//2222 2545//2222 2544//2222 
f 2558//2222 2557//2222 2554//2222 
f 2635//2222 2615//2222 2614//2222 
f 2618//2222 2617//2222 2635//2222 
f 2635//2222 2622//2222 2621//2222 
f 2635//2222 2624//2222 2623//2222 
f 2629//2222 2628//2222 2627//2222 
f 2624//2222 2633//2222 2632//2222 
f 2541//2222 2540//2222 2570//2222 
f 2556//2222 2555//2222 2554//2222 
f 2550//2222 2564//2222 2563//2222 
f 2616//2222 2615//2222 2635//2222 
f 2623//2222 2622//2222 2635//2222 
f 2632//2222 2631//2222 2624//2222 
f 2624//2222 2635//2222 2634//2222 
f 2570//2222 2546//2222 2545//2222 
f 2570//2222 2548//2222 2547//2222 
f 2559//2222 2552//2222 2551//2222 
f 2554//2222 2553//2222 2559//2222 
f 2550//2222 2562//2222 2561//2222 
f 2550//2222 2565//2222 2564//2222 
f 2550//2222 2568//2222 2567//2222 
f 2550//2222 2570//2222 2569//2222 
f 2635//2222 2611//2222 2610//2222 
f 2635//2222 2613//2222 2612//2222 
f 2621//2222 2620//2222 2635//2222 
f 2634//2222 2633//2222 2624//2222 
f 2607//2222 2637//2222 2636//2222 
f 2607//2222 2643//2222 2642//2222 
f 2570//2222 2536//2222 2535//2222 
f 2547//2222 2546//2222 2570//2222 
f 2553//2222 2552//2222 2559//2222 
f 2561//2222 2560//2222 2550//2222 
f 2550//2222 2566//2222 2565//2222 
f 2569//2222 2568//2222 2550//2222 
f 2612//2222 2611//2222 2635//2222 
f 2625//2222 2624//2222 2631//2222 
f 2607//2222 2638//2222 2637//2222 
f 2642//2222 2641//2222 2607//2222 
f 2537//2222 2536//2222 2570//2222 
f 2570//2222 2550//2222 2549//2222 
f 2560//2222 2559//2222 2550//2222 
f 2567//2222 2566//2222 2550//2222 
f 2635//2222 2609//2222 2608//2222 
f 2614//2222 2613//2222 2635//2222 
f 2607//2222 2639//2222 2638//2222 
f 2641//2222 2640//2222 2607//2222 
f 2570//2222 2523//2222 2522//2222 
f 2570//2222 2530//2222 2529//2222 
f 2549//2222 2548//2222 2570//2222 
f 2563//2222 2562//2222 2550//2222 
f 2643//2222 2603//2222 2602//2222 
f 2610//2222 2609//2222 2635//2222 
f 2640//2222 2639//2222 2607//2222 
f 2570//2222 2524//2222 2523//2222 
f 2570//2222 2528//2222 2527//2222 
f 2570//2222 2531//2222 2530//2222 
f 2570//2222 2534//2222 2533//2222 
f 2551//2222 2550//2222 2559//2222 
f 2643//2222 2597//2222 2596//2222 
f 2643//2222 2601//2222 2600//2222 
f 2643//2222 2604//2222 2603//2222 
f 2643//2222 2607//2222 2606//2222 
f 2636//2222 2635//2222 2607//2222 
f 2570//2222 2525//2222 2524//2222 
f 2527//2222 2526//2222 2570//2222 
f 2570//2222 2532//2222 2531//2222 
f 2535//2222 2534//2222 2570//2222 
f 2521//2222 2572//2222 2571//2222 
f 2521//2222 2576//2222 2575//2222 
f 2643//2222 2598//2222 2597//2222 
f 2600//2222 2599//2222 2643//2222 
f 2643//2222 2605//2222 2604//2222 
f 2608//2222 2607//2222 2635//2222 
f 2595//2222 2645//2222 2644//2222 
f 2595//2222 2649//2222 2648//2222 
f 2526//2222 2525//2222 2570//2222 
f 2533//2222 2532//2222 2570//2222 
f 2521//2222 2573//2222 2572//2222 
f 2575//2222 2574//2222 2521//2222 
f 2521//2222 2582//2222 2581//2222 
f 2599//2222 2598//2222 2643//2222 
f 2606//2222 2605//2222 2643//2222 
f 2595//2222 2646//2222 2645//2222 
f 2648//2222 2647//2222 2595//2222 
f 2585//2222 2518//2222 2517//2222 
f 2529//2222 2528//2222 2570//2222 
f 2574//2222 2573//2222 2521//2222 
f 2581//2222 2580//2222 2521//2222 
f 2521//2222 2585//2222 2584//2222 
f 2651//2222 2591//2222 2590//2222 
f 2602//2222 2601//2222 2643//2222 
f 2647//2222 2646//2222 2595//2222 
f 2585//2222 2519//2222 2518//2222 
f 2585//2222 2521//2222 2520//2222 
f 2571//2222 2570//2222 2521//2222 
f 2521//2222 2578//2222 2577//2222 
f 2580//2222 2579//2222 2521//2222 
f 2584//2222 2583//2222 2521//2222 
f 2651//2222 2588//2222 2587//2222 
f 2651//2222 2592//2222 2591//2222 
f 2649//2222 2595//2222 2594//2222 
f 2644//2222 2643//2222 2595//2222 
f 2586//2222 2655//2222 2654//2222 
f 2585//2222 2516//2222 2515//2222 
f 2520//2222 2519//2222 2585//2222 
f 2577//2222 2576//2222 2521//2222 
f 2583//2222 2582//2222 2521//2222 
f 2651//2222 2589//2222 2588//2222 
f 2651//2222 2593//2222 2592//2222 
f 2596//2222 2595//2222 2643//2222 
f 2593//2222 2651//2222 2650//2222 
f 2654//2222 2653//2222 2586//2222 
f 2517//2222 2516//2222 2585//2222 
f 2579//2222 2578//2222 2521//2222 
f 2590//2222 2589//2222 2651//2222 
f 2650//2222 2649//2222 2593//2222 
f 2653//2222 2652//2222 2586//2222 
f 2586//2222 2657//2222 2656//2222 
f 2522//2222 2521//2222 2570//2222 
f 2594//2222 2593//2222 2649//2222 
f 2656//2222 2655//2222 2586//2222 
f 2515//2222 2514//2222 2585//2222 
f 2585//2222 2513//2222 2658//2222 
f 2652//2222 2651//2222 2586//2222 
f 2658//2222 2586//2222 2585//2222 
f 2586//2222 2658//2222 2657//2222 
f 2587//2222 2586//2222 2651//2222 
f 2514//2222 2513//2222 2585//2222 
o mesh66
f 419//2223 349//2224 2659//2224 
f 440//2225 419//2223 2660//2226 
f 441//2227 440//2225 2661//2228 
f 439//2229 441//2227 2662//2230 
f 418//2231 439//2229 2663//2232 
f 395//2233 418//2231 2664//2234 
f 396//2235 395//2233 2665//2236 
f 437//2237 396//2235 2666//2238 
f 438//2239 437//2237 2667//2240 
f 394//2241 438//2239 2668//2242 
f 368//2243 394//2241 2669//2244 
f 369//2245 368//2243 2670//2246 
f 417//2247 369//2245 2671//2248 
f 415//2249 417//2247 2672//2250 
f 416//2251 415//2249 2673//2252 
f 454//2253 416//2251 2674//2254 
f 436//2255 454//2253 2675//2256 
f 413//2257 436//2255 2676//2258 
f 414//2259 413//2257 2677//2260 
f 411//2261 414//2259 2678//2262 
f 412//2263 411//2261 2679//2264 
f 366//2265 412//2263 2680//2266 
f 367//2267 366//2265 2681//2268 
f 393//2269 367//2267 2682//2270 
f 392//2271 393//2269 2683//2272 
f 341//2273 392//2271 2684//2274 
f 342//2275 341//2273 2685//2276 
f 347//2277 342//2275 2686//2278 
f 365//2279 347//2277 2687//2280 
f 435//2281 365//2279 2688//2282 
f 410//2283 435//2281 2689//2284 
f 390//2285 410//2283 2690//2286 
f 391//2287 390//2285 2691//2288 
f 452//2289 391//2287 2692//2290 
f 453//2291 452//2289 2693//2292 
f 434//2293 453//2291 2694//2294 
f 451//2295 434//2293 2695//2296 
f 363//2297 451//2295 2696//2298 
f 364//2299 363//2297 2697//2300 
f 389//2301 364//2299 2698//2302 
f 409//2303 389//2301 2699//2304 
f 388//2305 409//2303 2700//2306 
f 361//2307 388//2305 2701//2308 
f 362//2309 361//2307 2702//2310 
f 359//2311 362//2309 2703//2312 
f 360//2313 359//2311 2704//2314 
f 387//2315 360//2313 2705//2316 
f 432//2317 387//2315 2706//2318 
f 433//2319 432//2317 2707//2320 
f 450//2321 433//2319 2708//2322 
f 431//2323 450//2321 2709//2324 
f 407//2325 431//2323 2710//2326 
f 408//2327 407//2325 2711//2328 
f 448//2329 408//2327 2712//2330 
f 449//2331 448//2329 2713//2332 
f 446//2333 449//2331 2714//2334 
f 447//2335 446//2333 2715//2336 
f 445//2337 447//2335 2716//2338 
f 405//2339 445//2337 2717//2340 
f 406//2341 405//2339 2718//2342 
f 430//2343 406//2341 2719//2344 
f 458//2345 430//2343 2720//2346 
f 459//2347 458//2345 2721//2348 
f 428//2349 459//2347 2722//2350 
f 429//2351 428//2349 2723//2352 
f 444//2353 429//2351 2724//2354 
f 457//2355 444//2353 2725//2356 
f 455//2357 457//2355 2726//2358 
f 456//2359 455//2357 2727//2360 
f 460//2361 456//2359 2728//2362 
f 404//2363 460//2361 2729//2364 
f 386//2365 404//2363 2730//2366 
f 2730//2366 2731//2365 386//2365 
f 2729//2364 2730//2366 404//2363 
f 2728//2362 2729//2364 460//2361 
f 2727//2360 2728//2362 456//2359 
f 2726//2358 2727//2360 455//2357 
f 2725//2356 2726//2358 457//2355 
f 2724//2354 2725//2356 444//2353 
f 2723//2352 2724//2354 429//2351 
f 2722//2350 2723//2352 428//2349 
f 2721//2348 2722//2350 459//2347 
f 2720//2346 2721//2348 458//2345 
f 2719//2344 2720//2346 430//2343 
f 2718//2342 2719//2344 406//2341 
f 2717//2340 2718//2342 405//2339 
f 2716//2338 2717//2340 445//2337 
f 2715//2336 2716//2338 447//2335 
f 2714//2334 2715//2336 446//2333 
f 2713//2332 2714//2334 449//2331 
f 2712//2330 2713//2332 448//2329 
f 2711//2328 2712//2330 408//2327 
f 2710//2326 2711//2328 407//2325 
f 2709//2324 2710//2326 431//2323 
f 2708//2322 2709//2324 450//2321 
f 2707//2320 2708//2322 433//2319 
f 2706//2318 2707//2320 432//2317 
f 2705//2316 2706//2318 387//2315 
f 2704//2314 2705//2316 360//2313 
f 2703//2312 2704//2314 359//2311 
f 2702//2310 2703//2312 362//2309 
f 2701//2308 2702//2310 361//2307 
f 2700//2306 2701//2308 388//2305 
f 2699//2304 2700//2306 409//2303 
f 2698//2302 2699//2304 389//2301 
f 2697//2300 2698//2302 364//2299 
f 2696//2298 2697//2300 363//2297 
f 2695//2296 2696//2298 451//2295 
f 2694//2294 2695//2296 434//2293 
f 2693//2292 2694//2294 453//2291 
f 2692//2290 2693//2292 452//2289 
f 2691//2288 2692//2290 391//2287 
f 2690//2286 2691//2288 390//2285 
f 2689//2284 2690//2286 410//2283 
f 2688//2282 2689//2284 435//2281 
f 2687//2280 2688//2282 365//2279 
f 2686//2278 2687//2280 347//2277 
f 2685//2276 2686//2278 342//2275 
f 2684//2274 2685//2276 341//2273 
f 2683//2272 2684//2274 392//2271 
f 2682//2270 2683//2272 393//2269 
f 2681//2268 2682//2270 367//2267 
f 2680//2266 2681//2268 366//2265 
f 2679//2264 2680//2266 412//2263 
f 2678//2262 2679//2264 411//2261 
f 2677//2260 2678//2262 414//2259 
f 2676//2258 2677//2260 413//2257 
f 2675//2256 2676//2258 436//2255 
f 2674//2254 2675//2256 454//2253 
f 2673//2252 2674//2254 416//2251 
f 2672//2250 2673//2252 415//2249 
f 2671//2248 2672//2250 417//2247 
f 2670//2246 2671//2248 369//2245 
f 2669//2244 2670//2246 368//2243 
f 2668//2242 2669//2244 394//2241 
f 2667//2240 2668//2242 438//2239 
f 2666//2238 2667//2240 437//2237 
f 2665//2236 2666//2238 396//2235 
f 2664//2234 2665//2236 395//2233 
f 2663//2232 2664//2234 418//2231 
f 2662//2230 2663//2232 439//2229 
f 2661//2228 2662//2230 441//2227 
f 2660//2226 2661//2228 440//2225 
f 2659//2224 2660//2226 419//2223 
o mesh67
f 2732//2365 427//2365 386//2365 
f 386//2365 2731//2365 2732//2365 
o mesh68
f 443//2367 427//2368 2732//2368 
f 425//2369 443//2367 2733//2370 
f 426//2371 425//2369 2734//2372 
f 424//2373 426//2371 2735//2374 
f 403//2375 424//2373 2736//2376 
f 384//2377 403//2375 2737//2378 
f 385//2379 384//2377 2738//2380 
f 401//2381 385//2379 2739//2382 
f 402//2383 401//2381 2740//2384 
f 383//2385 402//2383 2741//2386 
f 345//2387 383//2385 2742//2388 
f 346//2389 345//2387 2743//2390 
f 358//2391 346//2389 2744//2392 
f 381//2393 358//2391 2745//2394 
f 382//2395 381//2393 2746//2396 
f 423//2397 382//2395 2747//2398 
f 400//2399 423//2397 2748//2400 
f 379//2401 400//2399 2749//2402 
f 380//2403 379//2401 2750//2404 
f 356//2405 380//2403 2751//2406 
f 357//2407 356//2405 2752//2408 
f 354//2409 357//2407 2753//2410 
f 355//2411 354//2409 2754//2412 
f 352//2413 355//2411 2755//2414 
f 353//2415 352//2413 2756//2416 
f 339//2417 353//2415 2757//2418 
f 340//2419 339//2417 2758//2420 
f 328//2421 340//2419 2759//2422 
f 329//2423 328//2421 2760//2424 
f 315//2425 329//2423 2761//2426 
f 316//2427 315//2425 2762//2428 
f 319//2429 316//2427 2763//2430 
f 322//2431 319//2429 2764//2432 
f 321//2433 322//2431 2765//2434 
f 317//2435 321//2433 2766//2436 
f 318//2437 317//2435 2767//2438 
f 320//2439 318//2437 2768//2440 
f 323//2441 320//2439 2769//2442 
f 326//2443 323//2441 2770//2444 
f 327//2445 326//2443 2771//2446 
f 324//2447 327//2445 2772//2448 
f 325//2449 324//2447 2773//2450 
f 338//2451 325//2449 2774//2452 
f 330//2453 338//2451 2775//2454 
f 331//2455 330//2453 2776//2456 
f 336//2457 331//2455 2777//2458 
f 337//2459 336//2457 2778//2460 
f 377//2461 337//2459 2779//2462 
f 378//2463 377//2461 2780//2464 
f 351//2465 378//2463 2781//2466 
f 334//2467 351//2465 2782//2468 
f 335//2469 334//2467 2783//2470 
f 332//2471 335//2469 2784//2472 
f 333//2473 332//2471 2785//2474 
f 376//2475 333//2473 2786//2476 
f 374//2477 376//2475 2787//2478 
f 375//2479 374//2477 2788//2480 
f 350//2481 375//2479 2789//2482 
f 343//2483 350//2481 2790//2484 
f 344//2485 343//2483 2791//2486 
f 373//2487 344//2485 2792//2488 
f 398//2489 373//2487 2793//2490 
f 399//2491 398//2489 2794//2492 
f 371//2493 399//2491 2795//2494 
f 372//2495 371//2493 2796//2496 
f 397//2497 372//2495 2797//2498 
f 422//2499 397//2497 2798//2500 
f 420//2501 422//2499 2799//2502 
f 421//2503 420//2501 2800//2504 
f 442//2505 421//2503 2801//2506 
f 370//2507 442//2505 2802//2508 
f 348//2509 370//2507 2803//2510 
f 2803//2510 2804//2509 348//2509 
f 2802//2508 2803//2510 370//2507 
f 2801//2506 2802//2508 442//2505 
f 2800//2504 2801//2506 421//2503 
f 2799//2502 2800//2504 420//2501 
f 2798//2500 2799//2502 422//2499 
f 2797//2498 2798//2500 397//2497 
f 2796//2496 2797//2498 372//2495 
f 2795//2494 2796//2496 371//2493 
f 2794//2492 2795//2494 399//2491 
f 2793//2490 2794//2492 398//2489 
f 2792//2488 2793//2490 373//2487 
f 2791//2486 2792//2488 344//2485 
f 2790//2484 2791//2486 343//2483 
f 2789//2482 2790//2484 350//2481 
f 2788//2480 2789//2482 375//2479 
f 2787//2478 2788//2480 374//2477 
f 2786//2476 2787//2478 376//2475 
f 2785//2474 2786//2476 333//2473 
f 2784//2472 2785//2474 332//2471 
f 2783//2470 2784//2472 335//2469 
f 2782//2468 2783//2470 334//2467 
f 2781//2466 2782//2468 351//2465 
f 2780//2464 2781//2466 378//2463 
f 2779//2462 2780//2464 377//2461 
f 2778//2460 2779//2462 337//2459 
f 2777//2458 2778//2460 336//2457 
f 2776//2456 2777//2458 331//2455 
f 2775//2454 2776//2456 330//2453 
f 2774//2452 2775//2454 338//2451 
f 2773//2450 2774//2452 325//2449 
f 2772//2448 2773//2450 324//2447 
f 2771//2446 2772//2448 327//2445 
f 2770//2444 2771//2446 326//2443 
f 2769//2442 2770//2444 323//2441 
f 2768//2440 2769//2442 320//2439 
f 2767//2438 2768//2440 318//2437 
f 2766//2436 2767//2438 317//2435 
f 2765//2434 2766//2436 321//2433 
f 2764//2432 2765//2434 322//2431 
f 2763//2430 2764//2432 319//2429 
f 2762//2428 2763//2430 316//2427 
f 2761//2426 2762//2428 315//2425 
f 2760//2424 2761//2426 329//2423 
f 2759//2422 2760//2424 328//2421 
f 2758//2420 2759//2422 340//2419 
f 2757//2418 2758//2420 339//2417 
f 2756//2416 2757//2418 353//2415 
f 2755//2414 2756//2416 352//2413 
f 2754//2412 2755//2414 355//2411 
f 2753//2410 2754//2412 354//2409 
f 2752//2408 2753//2410 357//2407 
f 2751//2406 2752//2408 356//2405 
f 2750//2404 2751//2406 380//2403 
f 2749//2402 2750//2404 379//2401 
f 2748//2400 2749//2402 400//2399 
f 2747//2398 2748//2400 423//2397 
f 2746//2396 2747//2398 382//2395 
f 2745//2394 2746//2396 381//2393 
f 2744//2392 2745//2394 358//2391 
f 2743//2390 2744//2392 346//2389 
f 2742//2388 2743//2390 345//2387 
f 2741//2386 2742//2388 383//2385 
f 2740//2384 2741//2386 402//2383 
f 2739//2382 2740//2384 401//2381 
f 2738//2380 2739//2382 385//2379 
f 2737//2378 2738//2380 384//2377 
f 2736//2376 2737//2378 403//2375 
f 2735//2374 2736//2376 424//2373 
f 2734//2372 2735//2374 426//2371 
f 2733//2370 2734//2372 425//2369 
f 2732//2368 2733//2370 443//2367 
o mesh69
f 2659//2509 349//2509 348//2509 
f 348//2509 2804//2509 2659//2509 
o mesh70
f 2716//2511 2690//2511 2689//2511 
f 2716//2511 2685//2511 2684//2511 
f 2689//2511 2688//2511 2716//2511 
f 2684//2511 2683//2511 2716//2511 
f 2688//2511 2687//2511 2716//2511 
f 2700//2511 2703//2511 2702//2511 
f 2700//2511 2705//2511 2704//2511 
f 2781//2511 2766//2511 2765//2511 
f 2777//2511 2772//2511 2771//2511 
f 2773//2511 2776//2511 2775//2511 
f 2716//2511 2686//2511 2685//2511 
f 2716//2511 2691//2511 2690//2511 
f 2704//2511 2703//2511 2700//2511 
f 2781//2511 2763//2511 2762//2511 
f 2765//2511 2764//2511 2781//2511 
f 2777//2511 2773//2511 2772//2511 
f 2773//2511 2777//2511 2776//2511 
f 2687//2511 2686//2511 2716//2511 
f 2702//2511 2701//2511 2700//2511 
f 2696//2511 2710//2511 2709//2511 
f 2781//2511 2761//2511 2760//2511 
f 2764//2511 2763//2511 2781//2511 
f 2781//2511 2768//2511 2767//2511 
f 2781//2511 2770//2511 2769//2511 
f 2775//2511 2774//2511 2773//2511 
f 2770//2511 2779//2511 2778//2511 
f 2716//2511 2692//2511 2691//2511 
f 2716//2511 2694//2511 2693//2511 
f 2705//2511 2698//2511 2697//2511 
f 2700//2511 2699//2511 2705//2511 
f 2696//2511 2708//2511 2707//2511 
f 2696//2511 2711//2511 2710//2511 
f 2696//2511 2714//2511 2713//2511 
f 2696//2511 2716//2511 2715//2511 
f 2762//2511 2761//2511 2781//2511 
f 2769//2511 2768//2511 2781//2511 
f 2778//2511 2777//2511 2770//2511 
f 2770//2511 2781//2511 2780//2511 
f 2716//2511 2682//2511 2681//2511 
f 2693//2511 2692//2511 2716//2511 
f 2699//2511 2698//2511 2705//2511 
f 2707//2511 2706//2511 2696//2511 
f 2696//2511 2712//2511 2711//2511 
f 2715//2511 2714//2511 2696//2511 
f 2781//2511 2757//2511 2756//2511 
f 2781//2511 2759//2511 2758//2511 
f 2767//2511 2766//2511 2781//2511 
f 2780//2511 2779//2511 2770//2511 
f 2753//2511 2783//2511 2782//2511 
f 2753//2511 2789//2511 2788//2511 
f 2683//2511 2682//2511 2716//2511 
f 2716//2511 2696//2511 2695//2511 
f 2706//2511 2705//2511 2696//2511 
f 2713//2511 2712//2511 2696//2511 
f 2758//2511 2757//2511 2781//2511 
f 2771//2511 2770//2511 2777//2511 
f 2753//2511 2784//2511 2783//2511 
f 2788//2511 2787//2511 2753//2511 
f 2716//2511 2676//2511 2675//2511 
f 2695//2511 2694//2511 2716//2511 
f 2709//2511 2708//2511 2696//2511 
f 2781//2511 2755//2511 2754//2511 
f 2760//2511 2759//2511 2781//2511 
f 2753//2511 2785//2511 2784//2511 
f 2787//2511 2786//2511 2753//2511 
f 2716//2511 2670//2511 2669//2511 
f 2716//2511 2674//2511 2673//2511 
f 2716//2511 2677//2511 2676//2511 
f 2716//2511 2680//2511 2679//2511 
f 2697//2511 2696//2511 2705//2511 
f 2789//2511 2749//2511 2748//2511 
f 2756//2511 2755//2511 2781//2511 
f 2786//2511 2785//2511 2753//2511 
f 2716//2511 2671//2511 2670//2511 
f 2673//2511 2672//2511 2716//2511 
f 2716//2511 2678//2511 2677//2511 
f 2681//2511 2680//2511 2716//2511 
f 2668//2511 2718//2511 2717//2511 
f 2668//2511 2722//2511 2721//2511 
f 2789//2511 2743//2511 2742//2511 
f 2789//2511 2747//2511 2746//2511 
f 2789//2511 2750//2511 2749//2511 
f 2789//2511 2753//2511 2752//2511 
f 2782//2511 2781//2511 2753//2511 
f 2672//2511 2671//2511 2716//2511 
f 2679//2511 2678//2511 2716//2511 
f 2668//2511 2719//2511 2718//2511 
f 2721//2511 2720//2511 2668//2511 
f 2789//2511 2744//2511 2743//2511 
f 2746//2511 2745//2511 2789//2511 
f 2789//2511 2751//2511 2750//2511 
f 2754//2511 2753//2511 2781//2511 
f 2741//2511 2791//2511 2790//2511 
f 2741//2511 2795//2511 2794//2511 
f 2724//2511 2664//2511 2663//2511 
f 2675//2511 2674//2511 2716//2511 
f 2720//2511 2719//2511 2668//2511 
f 2745//2511 2744//2511 2789//2511 
f 2752//2511 2751//2511 2789//2511 
f 2741//2511 2792//2511 2791//2511 
f 2794//2511 2793//2511 2741//2511 
f 2724//2511 2665//2511 2664//2511 
f 2722//2511 2668//2511 2667//2511 
f 2717//2511 2716//2511 2668//2511 
f 2660//2511 2728//2511 2727//2511 
f 2797//2511 2737//2511 2736//2511 
f 2748//2511 2747//2511 2789//2511 
f 2793//2511 2792//2511 2741//2511 
f 2724//2511 2662//2511 2661//2511 
f 2724//2511 2666//2511 2665//2511 
f 2669//2511 2668//2511 2716//2511 
f 2666//2511 2724//2511 2723//2511 
f 2727//2511 2726//2511 2660//2511 
f 2660//2511 2731//2511 2730//2511 
f 2797//2511 2734//2511 2733//2511 
f 2797//2511 2738//2511 2737//2511 
f 2795//2511 2741//2511 2740//2511 
f 2790//2511 2789//2511 2741//2511 
f 2732//2511 2801//2511 2800//2511 
f 2663//2511 2662//2511 2724//2511 
f 2723//2511 2722//2511 2666//2511 
f 2726//2511 2725//2511 2660//2511 
f 2730//2511 2729//2511 2660//2511 
f 2797//2511 2735//2511 2734//2511 
f 2797//2511 2739//2511 2738//2511 
f 2742//2511 2741//2511 2789//2511 
f 2739//2511 2797//2511 2796//2511 
f 2800//2511 2799//2511 2732//2511 
f 2667//2511 2666//2511 2722//2511 
f 2729//2511 2728//2511 2660//2511 
f 2736//2511 2735//2511 2797//2511 
f 2796//2511 2795//2511 2739//2511 
f 2799//2511 2798//2511 2732//2511 
f 2732//2511 2803//2511 2802//2511 
f 2725//2511 2724//2511 2660//2511 
f 2740//2511 2739//2511 2795//2511 
f 2802//2511 2801//2511 2732//2511 
f 2661//2511 2660//2511 2724//2511 
f 2731//2511 2659//2511 2804//2511 
f 2798//2511 2797//2511 2732//2511 
f 2804//2511 2732//2511 2731//2511 
f 2732//2511 2804//2511 2803//2511 
f 2733//2511 2732//2511 2797//2511 
f 2660//2511 2659//2511 2731//2511 
o mesh71
f 1628//2512 1624//2513 2805//2513 
f 1574//2514 1628//2512 2806//2515 
f 1575//2516 1574//2514 2807//2517 
f 1555//2518 1575//2516 2808//2519 
f 1529//2520 1555//2518 2809//2521 
f 1530//2522 1529//2520 2810//2523 
f 1553//2524 1530//2522 2811//2525 
f 1554//2526 1553//2524 2812//2527 
f 1596//2528 1554//2526 2813//2529 
f 1528//2530 1596//2528 2814//2531 
f 1512//2532 1528//2530 2815//2533 
f 1513//2534 1512//2532 2816//2535 
f 1552//2536 1513//2534 2817//2537 
f 1550//2538 1552//2536 2818//2539 
f 1551//2540 1550//2538 2819//2541 
f 1613//2542 1551//2540 2820//2543 
f 1595//2544 1613//2542 2821//2545 
f 1573//2546 1595//2544 2822//2547 
f 1548//2548 1573//2546 2823//2549 
f 1549//2550 1548//2548 2824//2551 
f 1572//2552 1549//2550 2825//2553 
f 1526//2554 1572//2552 2826//2555 
f 1527//2556 1526//2554 2827//2557 
f 1547//2558 1527//2556 2828//2559 
f 1546//2560 1547//2558 2829//2561 
f 1500//2562 1546//2560 2830//2563 
f 1501//2564 1500//2562 2831//2565 
f 1511//2566 1501//2564 2832//2567 
f 1525//2568 1511//2566 2833//2569 
f 1594//2570 1525//2568 2834//2571 
f 1571//2572 1594//2570 2835//2573 
f 1544//2574 1571//2572 2836//2575 
f 1545//2576 1544//2574 2837//2577 
f 1611//2578 1545//2576 2838//2579 
f 1612//2580 1611//2578 2839//2581 
f 1609//2582 1612//2580 2840//2583 
f 1610//2584 1609//2582 2841//2585 
f 1523//2586 1610//2584 2842//2587 
f 1524//2588 1523//2586 2843//2589 
f 1543//2590 1524//2588 2844//2591 
f 1570//2592 1543//2590 2845//2593 
f 1522//2594 1570//2592 2846//2595 
f 1520//2596 1522//2594 2847//2597 
f 1521//2598 1520//2596 2848//2599 
f 1518//2600 1521//2598 2849//2601 
f 1519//2602 1518//2600 2850//2603 
f 1542//2604 1519//2602 2851//2605 
f 1592//2606 1542//2604 2852//2607 
f 1593//2608 1592//2606 2853//2609 
f 1590//2610 1593//2608 2854//2611 
f 1591//2612 1590//2610 2855//2613 
f 1588//2614 1591//2612 2856//2615 
f 1589//2616 1588//2614 2857//2617 
f 1607//2618 1589//2616 2858//2619 
f 1608//2620 1607//2618 2859//2621 
f 1605//2622 1608//2620 2860//2623 
f 1606//2624 1605//2622 2861//2625 
f 1604//2626 1606//2624 2862//2627 
f 1568//2628 1604//2626 2863//2629 
f 1569//2630 1568//2628 2864//2631 
f 1587//2632 1569//2630 2865//2633 
f 1621//2634 1587//2632 2866//2635 
f 1622//2636 1621//2634 2867//2637 
f 1585//2638 1622//2636 2868//2639 
f 1586//2640 1585//2638 2869//2641 
f 1603//2642 1586//2640 2870//2643 
f 1620//2644 1603//2642 2871//2645 
f 1618//2646 1620//2644 2872//2647 
f 1619//2648 1618//2646 2873//2649 
f 1627//2650 1619//2648 2874//2651 
f 1584//2652 1627//2650 2875//2653 
f 1567//2654 1584//2652 2876//2655 
f 2876//2655 2877//2654 1567//2654 
f 2875//2653 2876//2655 1584//2652 
f 2874//2651 2875//2653 1627//2650 
f 2873//2649 2874//2651 1619//2648 
f 2872//2647 2873//2649 1618//2646 
f 2871//2645 2872//2647 1620//2644 
f 2870//2643 2871//2645 1603//2642 
f 2869//2641 2870//2643 1586//2640 
f 2868//2639 2869//2641 1585//2638 
f 2867//2637 2868//2639 1622//2636 
f 2866//2635 2867//2637 1621//2634 
f 2865//2633 2866//2635 1587//2632 
f 2864//2631 2865//2633 1569//2630 
f 2863//2629 2864//2631 1568//2628 
f 2862//2627 2863//2629 1604//2626 
f 2861//2625 2862//2627 1606//2624 
f 2860//2623 2861//2625 1605//2622 
f 2859//2621 2860//2623 1608//2620 
f 2858//2619 2859//2621 1607//2618 
f 2857//2617 2858//2619 1589//2616 
f 2856//2615 2857//2617 1588//2614 
f 2855//2613 2856//2615 1591//2612 
f 2854//2611 2855//2613 1590//2610 
f 2853//2609 2854//2611 1593//2608 
f 2852//2607 2853//2609 1592//2606 
f 2851//2605 2852//2607 1542//2604 
f 2850//2603 2851//2605 1519//2602 
f 2849//2601 2850//2603 1518//2600 
f 2848//2599 2849//2601 1521//2598 
f 2847//2597 2848//2599 1520//2596 
f 2846//2595 2847//2597 1522//2594 
f 2845//2593 2846//2595 1570//2592 
f 2844//2591 2845//2593 1543//2590 
f 2843//2589 2844//2591 1524//2588 
f 2842//2587 2843//2589 1523//2586 
f 2841//2585 2842//2587 1610//2584 
f 2840//2583 2841//2585 1609//2582 
f 2839//2581 2840//2583 1612//2580 
f 2838//2579 2839//2581 1611//2578 
f 2837//2577 2838//2579 1545//2576 
f 2836//2575 2837//2577 1544//2574 
f 2835//2573 2836//2575 1571//2572 
f 2834//2571 2835//2573 1594//2570 
f 2833//2569 2834//2571 1525//2568 
f 2832//2567 2833//2569 1511//2566 
f 2831//2565 2832//2567 1501//2564 
f 2830//2563 2831//2565 1500//2562 
f 2829//2561 2830//2563 1546//2560 
f 2828//2559 2829//2561 1547//2558 
f 2827//2557 2828//2559 1527//2556 
f 2826//2555 2827//2557 1526//2554 
f 2825//2553 2826//2555 1572//2552 
f 2824//2551 2825//2553 1549//2550 
f 2823//2549 2824//2551 1548//2548 
f 2822//2547 2823//2549 1573//2546 
f 2821//2545 2822//2547 1595//2544 
f 2820//2543 2821//2545 1613//2542 
f 2819//2541 2820//2543 1551//2540 
f 2818//2539 2819//2541 1550//2538 
f 2817//2537 2818//2539 1552//2536 
f 2816//2535 2817//2537 1513//2534 
f 2815//2533 2816//2535 1512//2532 
f 2814//2531 2815//2533 1528//2530 
f 2813//2529 2814//2531 1596//2528 
f 2812//2527 2813//2529 1554//2526 
f 2811//2525 2812//2527 1553//2524 
f 2810//2523 2811//2525 1530//2522 
f 2809//2521 2810//2523 1529//2520 
f 2808//2519 2809//2521 1555//2518 
f 2807//2517 2808//2519 1575//2516 
f 2806//2515 2807//2517 1574//2514 
f 2805//2513 2806//2515 1628//2512 
o mesh72
f 2878//2654 1602//2654 1567//2654 
f 1567//2654 2877//2654 2878//2654 
o mesh73
f 1617//2656 1602//2657 2878//2657 
f 1600//2658 1617//2656 2879//2659 
f 1601//2660 1600//2658 2880//2661 
f 1599//2662 1601//2660 2881//2663 
f 1583//2664 1599//2662 2882//2665 
f 1540//2666 1583//2664 2883//2667 
f 1541//2668 1540//2666 2884//2669 
f 1581//2670 1541//2668 2885//2671 
f 1582//2672 1581//2670 2886//2673 
f 1566//2674 1582//2672 2887//2675 
f 1516//2676 1566//2674 2888//2677 
f 1517//2678 1516//2676 2889//2679 
f 1539//2680 1517//2678 2890//2681 
f 1564//2682 1539//2680 2891//2683 
f 1565//2684 1564//2682 2892//2685 
f 1598//2686 1565//2684 2893//2687 
f 1580//2688 1598//2686 2894//2689 
f 1562//2690 1580//2688 2895//2691 
f 1563//2692 1562//2690 2896//2693 
f 1537//2694 1563//2692 2897//2695 
f 1538//2696 1537//2694 2898//2697 
f 1535//2698 1538//2696 2899//2699 
f 1536//2700 1535//2698 2900//2701 
f 1533//2702 1536//2700 2901//2703 
f 1534//2704 1533//2702 2902//2705 
f 1509//2706 1534//2704 2903//2707 
f 1510//2708 1509//2706 2904//2709 
f 1496//2710 1510//2708 2905//2711 
f 1497//2712 1496//2710 2906//2713 
f 1483//2714 1497//2712 2907//2715 
f 1484//2716 1483//2714 2908//2717 
f 1487//2718 1484//2716 2909//2719 
f 1490//2720 1487//2718 2910//2721 
f 1485//2722 1490//2720 2911//2723 
f 1486//2724 1485//2722 2912//2725 
f 1488//2726 1486//2724 2913//2727 
f 1489//2728 1488//2726 2914//2729 
f 1491//2730 1489//2728 2915//2731 
f 1494//2732 1491//2730 2916//2733 
f 1495//2734 1494//2732 2917//2735 
f 1492//2736 1495//2734 2918//2737 
f 1493//2738 1492//2736 2919//2739 
f 1508//2740 1493//2738 2920//2741 
f 1498//2742 1508//2740 2921//2743 
f 1499//2744 1498//2742 2922//2745 
f 1506//2746 1499//2744 2923//2747 
f 1507//2748 1506//2746 2924//2749 
f 1560//2750 1507//2748 2925//2751 
f 1561//2752 1560//2750 2926//2753 
f 1532//2754 1561//2752 2927//2755 
f 1504//2756 1532//2754 2928//2757 
f 1505//2758 1504//2756 2929//2759 
f 1502//2760 1505//2758 2930//2761 
f 1503//2762 1502//2760 2931//2763 
f 1559//2764 1503//2762 2932//2765 
f 1557//2766 1559//2764 2933//2767 
f 1558//2768 1557//2766 2934//2769 
f 1531//2770 1558//2768 2935//2771 
f 1514//2772 1531//2770 2936//2773 
f 1515//2774 1514//2772 2937//2775 
f 1556//2776 1515//2774 2938//2777 
f 1578//2778 1556//2776 2939//2779 
f 1579//2780 1578//2778 2940//2781 
f 1576//2782 1579//2780 2941//2783 
f 1577//2784 1576//2782 2942//2785 
f 1597//2786 1577//2784 2943//2787 
f 1616//2788 1597//2786 2944//2789 
f 1614//2790 1616//2788 2945//2791 
f 1615//2792 1614//2790 2946//2793 
f 1626//2794 1615//2792 2947//2795 
f 1625//2796 1626//2794 2948//2797 
f 1623//2798 1625//2796 2949//2799 
f 2949//2799 2950//2798 1623//2798 
f 2948//2797 2949//2799 1625//2796 
f 2947//2795 2948//2797 1626//2794 
f 2946//2793 2947//2795 1615//2792 
f 2945//2791 2946//2793 1614//2790 
f 2944//2789 2945//2791 1616//2788 
f 2943//2787 2944//2789 1597//2786 
f 2942//2785 2943//2787 1577//2784 
f 2941//2783 2942//2785 1576//2782 
f 2940//2781 2941//2783 1579//2780 
f 2939//2779 2940//2781 1578//2778 
f 2938//2777 2939//2779 1556//2776 
f 2937//2775 2938//2777 1515//2774 
f 2936//2773 2937//2775 1514//2772 
f 2935//2771 2936//2773 1531//2770 
f 2934//2769 2935//2771 1558//2768 
f 2933//2767 2934//2769 1557//2766 
f 2932//2765 2933//2767 1559//2764 
f 2931//2763 2932//2765 1503//2762 
f 2930//2761 2931//2763 1502//2760 
f 2929//2759 2930//2761 1505//2758 
f 2928//2757 2929//2759 1504//2756 
f 2927//2755 2928//2757 1532//2754 
f 2926//2753 2927//2755 1561//2752 
f 2925//2751 2926//2753 1560//2750 
f 2924//2749 2925//2751 1507//2748 
f 2923//2747 2924//2749 1506//2746 
f 2922//2745 2923//2747 1499//2744 
f 2921//2743 2922//2745 1498//2742 
f 2920//2741 2921//2743 1508//2740 
f 2919//2739 2920//2741 1493//2738 
f 2918//2737 2919//2739 1492//2736 
f 2917//2735 2918//2737 1495//2734 
f 2916//2733 2917//2735 1494//2732 
f 2915//2731 2916//2733 1491//2730 
f 2914//2729 2915//2731 1489//2728 
f 2913//2727 2914//2729 1488//2726 
f 2912//2725 2913//2727 1486//2724 
f 2911//2723 2912//2725 1485//2722 
f 2910//2721 2911//2723 1490//2720 
f 2909//2719 2910//2721 1487//2718 
f 2908//2717 2909//2719 1484//2716 
f 2907//2715 2908//2717 1483//2714 
f 2906//2713 2907//2715 1497//2712 
f 2905//2711 2906//2713 1496//2710 
f 2904//2709 2905//2711 1510//2708 
f 2903//2707 2904//2709 1509//2706 
f 2902//2705 2903//2707 1534//2704 
f 2901//2703 2902//2705 1533//2702 
f 2900//2701 2901//2703 1536//2700 
f 2899//2699 2900//2701 1535//2698 
f 2898//2697 2899//2699 1538//2696 
f 2897//2695 2898//2697 1537//2694 
f 2896//2693 2897//2695 1563//2692 
f 2895//2691 2896//2693 1562//2690 
f 2894//2689 2895//2691 1580//2688 
f 2893//2687 2894//2689 1598//2686 
f 2892//2685 2893//2687 1565//2684 
f 2891//2683 2892//2685 1564//2682 
f 2890//2681 2891//2683 1539//2680 
f 2889//2679 2890//2681 1517//2678 
f 2888//2677 2889//2679 1516//2676 
f 2887//2675 2888//2677 1566//2674 
f 2886//2673 2887//2675 1582//2672 
f 2885//2671 2886//2673 1581//2670 
f 2884//2669 2885//2671 1541//2668 
f 2883//2667 2884//2669 1540//2666 
f 2882//2665 2883//2667 1583//2664 
f 2881//2663 2882//2665 1599//2662 
f 2880//2661 2881//2663 1601//2660 
f 2879//2659 2880//2661 1600//2658 
f 2878//2657 2879//2659 1617//2656 
o mesh74
f 2805//2798 1624//2798 1623//2798 
f 1623//2798 2950//2798 2805//2798 
o mesh75
f 2927//2800 2912//2800 2911//2800 
f 2923//2800 2918//2800 2917//2800 
f 2919//2800 2922//2800 2921//2800 
f 2927//2800 2909//2800 2908//2800 
f 2911//2800 2910//2800 2927//2800 
f 2923//2800 2919//2800 2918//2800 
f 2919//2800 2923//2800 2922//2800 
f 2927//2800 2907//2800 2906//2800 
f 2910//2800 2909//2800 2927//2800 
f 2927//2800 2914//2800 2913//2800 
f 2927//2800 2916//2800 2915//2800 
f 2921//2800 2920//2800 2919//2800 
f 2916//2800 2925//2800 2924//2800 
f 2862//2800 2836//2800 2835//2800 
f 2908//2800 2907//2800 2927//2800 
f 2915//2800 2914//2800 2927//2800 
f 2924//2800 2923//2800 2916//2800 
f 2916//2800 2927//2800 2926//2800 
f 2862//2800 2831//2800 2830//2800 
f 2835//2800 2834//2800 2862//2800 
f 2927//2800 2903//2800 2902//2800 
f 2927//2800 2905//2800 2904//2800 
f 2913//2800 2912//2800 2927//2800 
f 2926//2800 2925//2800 2916//2800 
f 2899//2800 2929//2800 2928//2800 
f 2899//2800 2935//2800 2934//2800 
f 2830//2800 2829//2800 2862//2800 
f 2834//2800 2833//2800 2862//2800 
f 2846//2800 2849//2800 2848//2800 
f 2846//2800 2851//2800 2850//2800 
f 2904//2800 2903//2800 2927//2800 
f 2917//2800 2916//2800 2923//2800 
f 2899//2800 2930//2800 2929//2800 
f 2934//2800 2933//2800 2899//2800 
f 2862//2800 2832//2800 2831//2800 
f 2862//2800 2837//2800 2836//2800 
f 2850//2800 2849//2800 2846//2800 
f 2927//2800 2901//2800 2900//2800 
f 2906//2800 2905//2800 2927//2800 
f 2899//2800 2931//2800 2930//2800 
f 2933//2800 2932//2800 2899//2800 
f 2833//2800 2832//2800 2862//2800 
f 2848//2800 2847//2800 2846//2800 
f 2842//2800 2856//2800 2855//2800 
f 2935//2800 2895//2800 2894//2800 
f 2902//2800 2901//2800 2927//2800 
f 2932//2800 2931//2800 2899//2800 
f 2862//2800 2838//2800 2837//2800 
f 2862//2800 2840//2800 2839//2800 
f 2851//2800 2844//2800 2843//2800 
f 2846//2800 2845//2800 2851//2800 
f 2842//2800 2854//2800 2853//2800 
f 2842//2800 2857//2800 2856//2800 
f 2842//2800 2860//2800 2859//2800 
f 2842//2800 2862//2800 2861//2800 
f 2935//2800 2889//2800 2888//2800 
f 2935//2800 2893//2800 2892//2800 
f 2935//2800 2896//2800 2895//2800 
f 2935//2800 2899//2800 2898//2800 
f 2928//2800 2927//2800 2899//2800 
f 2862//2800 2828//2800 2827//2800 
f 2839//2800 2838//2800 2862//2800 
f 2845//2800 2844//2800 2851//2800 
f 2853//2800 2852//2800 2842//2800 
f 2842//2800 2858//2800 2857//2800 
f 2861//2800 2860//2800 2842//2800 
f 2935//2800 2890//2800 2889//2800 
f 2892//2800 2891//2800 2935//2800 
f 2935//2800 2897//2800 2896//2800 
f 2900//2800 2899//2800 2927//2800 
f 2887//2800 2937//2800 2936//2800 
f 2887//2800 2941//2800 2940//2800 
f 2829//2800 2828//2800 2862//2800 
f 2862//2800 2842//2800 2841//2800 
f 2852//2800 2851//2800 2842//2800 
f 2859//2800 2858//2800 2842//2800 
f 2891//2800 2890//2800 2935//2800 
f 2898//2800 2897//2800 2935//2800 
f 2887//2800 2938//2800 2937//2800 
f 2940//2800 2939//2800 2887//2800 
f 2862//2800 2815//2800 2814//2800 
f 2862//2800 2822//2800 2821//2800 
f 2841//2800 2840//2800 2862//2800 
f 2855//2800 2854//2800 2842//2800 
f 2943//2800 2883//2800 2882//2800 
f 2894//2800 2893//2800 2935//2800 
f 2939//2800 2938//2800 2887//2800 
f 2862//2800 2816//2800 2815//2800 
f 2862//2800 2820//2800 2819//2800 
f 2862//2800 2823//2800 2822//2800 
f 2862//2800 2826//2800 2825//2800 
f 2843//2800 2842//2800 2851//2800 
f 2943//2800 2880//2800 2879//2800 
f 2943//2800 2884//2800 2883//2800 
f 2941//2800 2887//2800 2886//2800 
f 2936//2800 2935//2800 2887//2800 
f 2878//2800 2947//2800 2946//2800 
f 2862//2800 2817//2800 2816//2800 
f 2819//2800 2818//2800 2862//2800 
f 2862//2800 2824//2800 2823//2800 
f 2827//2800 2826//2800 2862//2800 
f 2813//2800 2864//2800 2863//2800 
f 2813//2800 2868//2800 2867//2800 
f 2943//2800 2881//2800 2880//2800 
f 2943//2800 2885//2800 2884//2800 
f 2888//2800 2887//2800 2935//2800 
f 2885//2800 2943//2800 2942//2800 
f 2946//2800 2945//2800 2878//2800 
f 2818//2800 2817//2800 2862//2800 
f 2825//2800 2824//2800 2862//2800 
f 2813//2800 2865//2800 2864//2800 
f 2867//2800 2866//2800 2813//2800 
f 2813//2800 2874//2800 2873//2800 
f 2882//2800 2881//2800 2943//2800 
f 2942//2800 2941//2800 2885//2800 
f 2945//2800 2944//2800 2878//2800 
f 2878//2800 2949//2800 2948//2800 
f 2877//2800 2810//2800 2809//2800 
f 2821//2800 2820//2800 2862//2800 
f 2866//2800 2865//2800 2813//2800 
f 2873//2800 2872//2800 2813//2800 
f 2813//2800 2877//2800 2876//2800 
f 2886//2800 2885//2800 2941//2800 
f 2948//2800 2947//2800 2878//2800 
f 2877//2800 2807//2800 2806//2800 
f 2877//2800 2811//2800 2810//2800 
f 2877//2800 2813//2800 2812//2800 
f 2863//2800 2862//2800 2813//2800 
f 2813//2800 2870//2800 2869//2800 
f 2872//2800 2871//2800 2813//2800 
f 2876//2800 2875//2800 2813//2800 
f 2944//2800 2943//2800 2878//2800 
f 2877//2800 2808//2800 2807//2800 
f 2812//2800 2811//2800 2877//2800 
f 2869//2800 2868//2800 2813//2800 
f 2875//2800 2874//2800 2813//2800 
f 2878//2800 2877//2800 2805//2800 
f 2878//2800 2950//2800 2949//2800 
f 2809//2800 2808//2800 2877//2800 
f 2871//2800 2870//2800 2813//2800 
f 2879//2800 2878//2800 2943//2800 
f 2814//2800 2813//2800 2862//2800 
f 2806//2800 2805//2800 2877//2800 
f 2805//2800 2950//2800 2878//2800 
